Tags,Open Date,Close Date,Symbol,Action,Units/Lots,SL,TP,Open Price,Close Price,Commission,Swap,Pips,Profit,Gain,Comment,Magic Number,Duration (DD:HH:MM:SS),Profitable(%),Profitable(time duration),Drawdown,Risk:Reward,Max(pips),Max(USC),Min(pips),Min(USC),Entry Accuracy(%),Exit Accuracy(%),ProfitMissed(pips),ProfitMissed(USC)
,05/18/2026 04:59,,,Deposit,0.000,0.00000,0.00000,0.00000,0.00000,0.0000,0.0000,0.0,19784.00,0,"D-IDQRISGT-USC-1345191751686",0,00:00:00:00,,,,,,,,,,,,
,05/07/2026 02:50,05/07/2026 02:50,XAUUSD,Sell,0.010,0.00000,0.00000,4706.10900,4707.32900,0.0000,0.0000,-122.0,-1.20,0.00,"",0,00:00:00:06,,,,,,,,,,,,
,04/08/2026 02:20,,,Deposit,0.000,0.00000,0.00000,0.00000,0.00000,0.0000,0.0000,0.0,29366.00,0,"D-IDQRISGT-USC-1264832729094",0,00:00:00:00,,,,,,,,,,,,
,04/08/2026 02:18,,,Deposit,0.000,0.00000,0.00000,0.00000,0.00000,0.0000,0.0000,0.0,5874.00,0,"D-IDQRISGT-USC-1264827518982",0,00:00:00:00,,,,,,,,,,,,
,03/03/2026 00:47,,,Deposit,0.000,0.00000,0.00000,0.00000,0.00000,0.0000,0.0000,0.0,35508.00,0,"D-IDQRISGT-USC-1173266849798",0,00:00:00:00,,,,,,,,,,,,
,03/03/2026 00:46,,,Deposit,0.000,0.00000,0.00000,0.00000,0.00000,0.0000,0.0000,0.0,5918.00,0,"D-IDQRISGT-USC-1173264121862",0,00:00:00:00,,,,,,,,,,,,
,01/29/2026 15:14,03/02/2026 07:48,XAUUSD,Buy,0.200,0.00000,0.00000,5392.67500,5411.18700,0.0000,0.0000,1851.2,370.20,0.13,"",0,31:16:34:22,0.7,5h 19m,93500.0,19.46,4574.5,914.9000000000001,-88925.5,-17785.100000000002,4.9,97.1,-2723.30,-544.66
,02/02/2026 08:12,,,Deposit,0.000,0.00000,0.00000,0.00000,0.00000,0.0000,0.0000,0.0,47563.00,0,"D-IDQRISGT-USC-1095429189638",0,00:00:00:00,,,,,,,,,,,,
,01/28/2026 20:35,01/28/2026 23:22,XAUUSD,Buy,0.200,0.00000,0.00000,5365.85300,5483.42000,0.0000,0.0000,11756.7,2351.30,1.04,"",0,00:02:47:13,100.0,2h 47m,1995.0,0.00,12567.7,2513.5400000000004,0.0,0.0,100.0,93.5,-811.00,-162.20
,01/28/2026 05:49,01/28/2026 23:22,XAUUSD,Buy,0.200,0.00000,0.00000,5265.22500,5483.54200,0.0000,0.0000,21831.7,4366.30,1.98,"",0,00:17:33:52,81.1,14h 14m,6343.0,0.10,22630.5,4526.1,-2309.5,-461.90000000000003,90.7,96.8,-798.80,-159.76
,01/28/2026 05:31,01/28/2026 05:48,XAUUSD,Buy,0.200,0.00000,0.00000,5260.91400,5265.16200,0.0000,0.0000,424.8,84.90,0.04,"",0,00:00:17:32,,,,,,,,,,,,
,01/26/2026 01:34,01/28/2026 05:31,XAUUSD,Buy,0.200,0.00000,0.00000,5083.06300,5261.80300,0.0000,0.0000,17874.0,3574.80,1.64,"",0,02:03:56:25,55.7,1d 4h ,10493.0,0.46,17874.0,3574.8,-8137.3,-1627.46,68.7,100.0,0.00,0.00
,01/28/2026 01:18,01/28/2026 05:31,XAUUSD,Buy,0.200,0.00000,0.00000,5190.04200,5261.80300,0.0000,0.0000,7176.1,1435.30,0.66,"",0,00:04:12:23,98.1,4h 7m,1556.0,0.03,7176.1,1435.2200000000003,-223.2,-44.64,97.0,100.0,0.00,0.00
,01/26/2026 01:34,01/26/2026 01:34,AUDCAD,Buy,0.100,0.00000,0.00000,0.94683,0.94660,0.0000,0.0000,-2.3,-1.68,0.00,"",0,00:00:00:03,,,,,,,,,,,,
,01/22/2026 23:14,01/26/2026 01:33,XAUUSD,Buy,0.200,0.00000,0.00000,4945.91500,5078.22700,0.0000,0.0000,13231.2,2646.20,1.24,"",0,03:02:19:24,89.6,2d 18h ,6151.0,0.30,13767.5,2753.5,-4068.5,-813.7,77.2,97.0,-536.30,-107.26
,01/21/2026 02:09,01/22/2026 20:41,XAUUSD,Buy,0.200,0.00000,0.00000,4830.85300,4920.54500,0.0000,0.0000,8969.2,1793.80,0.85,"",0,01:18:31:18,59.3,1d 1h ,11746.0,0.67,9661.7,1932.3400000000001,-6456.3,-1291.2600000000002,59.9,95.7,-692.50,-138.50
,01/22/2026 00:00,01/22/2026 20:41,XAUUSD,Buy,0.200,0.00000,0.00000,4781.89300,4920.15100,0.0000,0.0000,13825.8,2765.10,1.33,"",0,00:20:40:48,99.6,20h 35m,2308.0,0.04,14557.7,2911.5400000000004,-585.3,-117.06,96.1,95.2,-731.90,-146.38
,01/20/2026 07:55,01/21/2026 00:31,XAUUSD,Buy,0.200,0.00000,0.00000,4716.71300,4779.12600,0.0000,0.0000,6241.3,1248.20,0.60,"",0,00:16:36:09,100.0,16h 36m,2615.0,0.00,6547.7,1309.54,0.0,0.0,100.0,95.3,-306.40,-61.28
,01/18/2026 23:41,01/21/2026 00:31,XAUUSD,Buy,0.200,0.00000,0.00000,4665.29700,4779.12600,0.0000,0.0000,11382.9,2276.60,1.11,"",0,02:00:50:03,86.1,1d 18h ,2615.0,0.08,11689.3,2337.86,-953.7,-190.74,92.5,97.6,-306.40,-61.28
,01/12/2026 14:14,01/18/2026 23:38,XAUUSD,Buy,0.200,0.00000,0.00000,4596.20000,4677.37000,0.0000,0.0000,8117.0,1623.40,0.80,"",0,06:09:24:15,48.6,3d 2h ,7723.0,0.40,8327.0,1665.4,-3326.0,-665.2,71.5,98.2,-210.00,-42.00
,01/12/2026 00:14,01/12/2026 14:14,XAUUSD,Buy,0.100,0.00000,0.00000,4552.87200,4596.19400,0.0000,0.0000,4332.2,433.20,0.21,"",0,00:14:00:06,100.0,14h 0m,3280.0,0.00,6522.8,652.2800000000001,0.0,0.0,100.0,66.4,-2190.60,-219.06
,01/09/2026 15:47,01/12/2026 14:14,XAUUSD,Buy,0.100,0.00000,0.00000,4510.21100,4596.78200,0.0000,0.0000,8657.1,865.70,0.43,"",0,02:22:26:50,22.1,15h 34m,3280.0,0.24,10788.9,1078.89,-2583.1,-258.31,80.7,84.1,-2131.80,-213.18
,01/07/2026 13:05,01/09/2026 15:47,XAUUSD,Buy,0.100,0.00000,0.00000,4445.76700,4511.04600,0.0000,0.0000,6527.9,652.80,0.32,"",0,02:02:41:37,71.3,1d 12h ,5526.0,0.48,6944.3,694.4300000000001,-3344.7,-334.47,67.5,96.0,-416.40,-41.64
,01/06/2026 21:54,01/09/2026 15:47,XAUUSD,Buy,0.100,0.00000,0.00000,4495.18100,4511.04600,0.0000,0.0000,1586.5,158.70,0.08,"",0,02:17:52:54,2.7,1h 46m,8746.0,4.14,2002.9,200.29000000000002,-8286.1,-828.6100000000001,19.5,96.0,-416.40,-41.64
,01/09/2026 03:01,,,Deposit,0.000,0.00000,0.00000,0.00000,0.00000,0.0000,0.0000,0.0,5937.00,0,"D-IDQRISGT-USC-102242606695",0,00:00:00:00,,,,,,,,,,,,
,01/07/2026 23:45,,,Deposit,0.000,0.00000,0.00000,0.00000,0.00000,0.0000,0.0000,0.0,6065.00,0,"D-IDQRISGT-USC-101919853773",0,00:00:00:00,,,,,,,,,,,,
,01/06/2026 02:03,01/06/2026 21:54,XAUUSD,Buy,0.050,0.00000,0.00000,4452.85800,4495.00300,0.0000,0.0000,4214.5,210.70,0.11,"",0,00:19:50:49,91.6,18h 10m,2617.0,0.17,4435.2,221.76,-759.8,-37.99,85.4,95.8,-220.70,-11.03
,12/30/2025 02:44,01/06/2026 21:54,XAUUSD,Buy,0.100,0.00000,0.00000,4355.12100,4495.00300,0.0000,0.0000,13988.2,1398.80,0.74,"",0,07:19:09:52,41.3,3d 5h ,11557.0,0.49,14114.9,1411.49,-6962.1,-696.21,67.0,99.4,-126.70,-12.67
,12/29/2025 12:49,01/06/2026 21:54,XAUUSD,Buy,0.200,0.00000,0.00000,4461.74500,4495.00300,0.0000,0.0000,3325.8,665.20,0.36,"",0,08:09:04:28,7.6,15h 16m,17624.5,5.11,3452.5,690.5,-17624.5,-3524.9,16.4,99.4,-126.70,-25.34
,12/28/2025 23:19,01/06/2026 21:54,XAUUSD,Buy,0.200,0.00000,0.00000,4537.26200,4495.00300,0.0000,0.0000,-4225.9,-845.10,-0.45,"",0,08:22:34:57,0.0,0s,25176.2,0.00,0.0,0.0,-25176.2,-5035.240000000001,0.0,83.2,-4225.90,-845.18
,12/26/2025 16:52,01/06/2026 21:54,XAUUSD,Buy,0.100,0.00000,0.00000,4534.46800,4495.00300,0.0000,0.0000,-3946.5,-394.70,-0.21,"",0,11:05:02:18,0.1,16m,25080.0,136.99,183.2,18.32,-24896.8,-2489.6800000000003,0.7,83.5,-4129.70,-412.97
,12/26/2025 16:07,01/06/2026 21:54,XAUUSD,Buy,0.100,0.00000,0.00000,4549.54900,4495.00300,0.0000,0.0000,-5454.6,-545.50,-0.29,"",0,11:05:46:33,0.0,0s,26404.9,0.00,0.0,0.0,-26404.9,-2640.4900000000002,0.0,79.3,-5454.60,-545.46
,01/06/2026 02:01,,,Deposit,0.000,0.00000,0.00000,0.00000,0.00000,0.0000,0.0000,0.0,11927.00,0,"D-IDQRISGT-USC-101329592320",0,00:00:00:00,,,,,,,,,,,,
,12/30/2025 02:43,,,Deposit,0.000,0.00000,0.00000,0.00000,0.00000,0.0000,0.0000,0.0,30342.00,0,"D-IDQRISGT-USC-997882621958",0,00:00:00:00,,,,,,,,,,,,
,12/24/2025 01:53,12/26/2025 15:56,XAUUSD,Buy,0.400,0.00000,4547.21900,4522.18800,4547.21900,0.0000,0.0000,2503.1,1001.30,0.69,"[tp 4547.21900]",0,02:14:02:38,3.4,2h 6m,6991.8,2.79,2503.1,1001.24,-6991.8,-2796.7200000000003,26.4,100.0,0.00,0.00
,12/24/2025 08:52,12/24/2025 10:31,XAUUSD,Buy,0.100,0.00000,0.00000,4486.09600,4491.16600,0.0000,0.0000,507.0,50.70,0.03,"",0,00:01:38:51,82.9,1h 21m,927.0,0.31,1334.4,133.44000000000003,-417.6,-41.760000000000005,76.2,52.8,-827.40,-82.74
,12/23/2025 01:10,12/24/2025 01:53,XAUUSD,Buy,0.400,0.00000,0.00000,4484.13300,4522.21800,0.0000,0.0000,3808.5,1523.40,1.06,"",0,01:00:43:23,,,,,,,,,,,,
,12/22/2025 23:21,12/23/2025 01:10,XAUUSD,Buy,0.400,0.00000,0.00000,4457.53600,4483.12600,0.0000,0.0000,2559.0,1023.60,0.72,"",0,00:01:49:01,,,,,,,,,,,,
,12/22/2025 14:24,12/22/2025 23:20,XAUUSD,Buy,0.400,0.00000,0.00000,4428.91400,4457.19300,0.0000,0.0000,2827.9,1131.10,0.80,"",0,00:08:56:11,,,,,,,,,,,,
,12/22/2025 05:34,12/22/2025 14:24,XAUUSD,Buy,0.400,0.00000,0.00000,4406.61100,4428.88900,0.0000,0.0000,2227.8,891.20,0.63,"",0,00:08:49:44,,,,,,,,,,,,
,12/22/2025 02:02,12/22/2025 05:32,XAUUSD,Buy,0.400,0.00000,4408.72000,4383.22800,4408.72000,0.0000,0.0000,2549.2,1019.70,0.73,"[tp 4408.72000]",0,00:03:30:07,,,,,,,,,,,,
,12/22/2025 01:17,12/22/2025 02:02,XAUUSD,Buy,0.400,0.00000,0.00000,4364.27500,4383.08700,0.0000,0.0000,1881.2,752.50,0.54,"",0,00:00:44:52,,,,,,,,,,,,
,12/18/2025 23:59,12/19/2025 20:19,XAUUSD,Buy,0.300,4341.57900,0.00000,4334.94400,4341.57900,0.0000,0.0000,663.5,199.10,0.14,"[sl 4341.57900]",0,00:20:19:53,,,,,,,,,,,,
,12/19/2025 12:11,12/19/2025 18:33,XAUUSD,Buy,0.100,0.00000,0.00000,4322.56100,4351.24100,0.0000,0.0000,2868.0,286.80,0.21,"",0,00:06:22:18,,,,,,,,,,,,
,12/19/2025 11:28,,,Deposit,0.000,0.00000,0.00000,0.00000,0.00000,0.0000,0.0000,0.0,23846.00,0,"D-IDQRISGT-USC-975177322502",0,00:00:00:00,,,,,,,,,,,,
,12/19/2025 11:26,,,Deposit,0.000,0.00000,0.00000,0.00000,0.00000,0.0000,0.0000,0.0,5962.00,0,"D-IDQRISGT-USC-975173599238",0,00:00:00:00,,,,,,,,,,,,
,12/12/2025 15:54,12/18/2025 23:10,XAUUSD,Buy,0.010,0.00000,0.00000,4302.86900,4335.72600,0.0000,0.0000,3285.7,32.80,0.03,"",0,06:07:16:37,,,,,,,,,,,,
,12/12/2025 12:35,12/18/2025 16:13,XAUUSD,Buy,0.300,0.00000,4363.70900,4329.71300,4363.70900,0.0000,0.0000,3399.6,1019.90,0.95,"[tp 4363.70900]",0,06:03:37:44,,,,,,,,,,,,
,12/12/2025 09:05,12/12/2025 12:34,XAUUSD,Buy,0.300,4329.37500,0.00000,4313.47200,4329.37500,0.0000,0.0000,1590.3,477.10,0.44,"[sl 4329.37500]",0,00:03:29:29,88.1,3h 4m,956.5,0.20,2546.8,764.0400000000001,-517.2,-155.16,83.1,68.8,-956.50,-286.95
,12/11/2025 16:52,12/12/2025 09:03,XAUUSD,Buy,0.300,0.00000,4313.63400,4279.35800,4313.63400,0.0000,0.0000,3427.6,1028.30,0.97,"[tp 4313.63400]",0,00:16:11:00,35.1,5h 40m,1840.0,0.39,3427.6,1028.28,-1334.8,-400.44,72.0,100.0,0.00,0.00
,12/11/2025 00:21,12/11/2025 16:52,XAUUSD,Buy,0.300,0.00000,4278.58500,4243.58500,4278.58500,0.0000,0.0000,3500.0,1050.00,1.00,"[tp 4278.58500]",0,00:16:31:00,10.2,1h 41m,3747.0,1.04,3500.0,1050.0,-3640.5,-1092.1499999999999,49.0,100.0,0.00,0.00
,12/10/2025 09:51,12/11/2025 00:20,XAUUSD,Buy,0.100,0.00000,0.00000,4195.11300,4241.75700,0.0000,0.0000,4664.4,466.50,0.44,"",0,00:14:29:32,80.5,11h 39m,2863.0,0.16,4774.7,477.47,-771.3,-77.13,86.1,98.0,-110.30,-11.03
,12/01/2025 08:10,12/11/2025 00:20,XAUUSD,Buy,0.100,0.00000,0.00000,4252.60600,4241.33800,0.0000,0.0000,-1126.8,-112.70,-0.11,"",0,09:16:09:45,1.2,2h 47m,9254.0,8.92,933.4,93.34,-8320.6,-832.0600000000001,10.1,77.7,-2060.20,-206.02
,12/02/2025 01:09,12/11/2025 00:20,XAUUSD,Buy,0.100,0.00000,0.00000,4200.55800,4241.95200,0.0000,0.0000,4139.4,413.90,0.40,"",0,08:23:11:00,53.6,4d 19h ,8243.0,0.55,5632.2,563.22,-3115.8,-311.58000000000004,64.4,82.9,-1492.80,-149.28
,11/28/2025 14:39,12/01/2025 08:10,XAUUSD,Buy,0.100,0.00000,4252.09600,4201.85900,4252.09600,0.0000,0.0000,5023.7,502.40,0.48,"[tp 4252.09600]",0,02:17:31:51,,,,,,,,,,,,
,11/25/2025 02:59,11/28/2025 14:38,XAUUSD,Buy,0.100,0.00000,4201.55500,4151.03800,4201.55500,0.0000,0.0000,5051.7,505.20,0.49,"[tp 4201.55500]",0,03:11:39:10,68.4,2d 9h ,3984.0,0.76,5192.2,519.22,-3922.8,-392.28000000000003,57.0,98.5,-140.50,-14.05
,11/17/2025 19:42,11/25/2025 02:59,XAUUSD,Buy,0.300,0.00000,0.00000,4021.66100,4151.04100,0.0000,0.0000,12938.0,3881.40,3.89,"",0,07:07:16:22,97.2,7d 2h ,9833.0,0.15,13044.9,3913.47,-1902.1,-570.63,87.3,99.3,-106.90,-32.07
,11/13/2025 11:43,11/25/2025 02:59,XAUUSD,Buy,0.300,0.00000,0.00000,4229.92500,4151.00200,0.0000,0.0000,-7892.3,-2367.70,-2.32,"",0,11:15:15:12,0.7,1h 57m,24008.0,17.79,1279.5,383.84999999999997,-22728.5,-6818.55,5.3,61.8,-9171.80,-2751.54
,11/18/2025 01:48,,,Deposit,0.000,0.00000,0.00000,0.00000,0.00000,0.0000,0.0000,0.0,1014.00,0,"D-IDQRISGT-USC-873995374596",0,00:00:00:00,,,,,,,,,,,,
,11/18/2025 01:44,,,Withdrawal,0.000,0.00000,0.00000,0.00000,0.00000,0.0000,0.0000,0.0,-1000.00,0,"W-BANKIDGT-USC-873984507908",0,00:00:00:00,,,,,,,,,,,,
,10/21/2025 12:14,11/13/2025 11:40,XAUUSD,Buy,0.160,0.00000,0.00000,4218.69900,4226.99000,0.0000,0.0000,829.1,132.60,0.13,"",0,22:23:25:55,1.1,6h 3m,32174.9,21.98,1466.1,234.576,-32174.9,-5147.984,4.4,98.1,-637.00,-101.92
,10/27/2025 10:33,11/13/2025 11:40,XAUUSD,Buy,0.160,0.00000,0.00000,4033.91000,4226.77400,0.0000,0.0000,19286.4,3085.80,3.12,"",0,17:01:06:30,21.0,3d 13h ,14884.0,0.67,20339.0,3254.2400000000002,-13696.0,-2191.36,59.8,96.9,-1052.60,-168.42
,10/20/2025 22:08,11/13/2025 11:40,XAUUSD,Buy,0.100,0.00000,0.00000,4367.73500,4226.85900,0.0000,0.0000,-14087.6,-1408.80,-1.41,"",0,23:13:31:10,0.2,1h 7m,47190.0,434.78,111.5,11.15,-47078.5,-4707.85,0.2,69.9,-14199.10,-1419.91
,11/13/2025 11:36,,,Deposit,0.000,0.00000,0.00000,0.00000,0.00000,0.0000,0.0000,0.0,47758.00,0,"D-IDQRISGT-USC-858253946884",0,00:00:00:00,,,,,,,,,,,,
,11/13/2025 11:34,,,Deposit,0.000,0.00000,0.00000,0.00000,0.00000,0.0000,0.0000,0.0,1194.00,0,"D-IDQRISGT-USC-858245201924",0,00:00:00:00,,,,,,,,,,,,
,10/20/2025 12:43,10/20/2025 19:55,XAUUSD,Buy,0.100,0.00000,4377.17900,4321.26100,4377.17900,0.0000,0.0000,5591.8,559.20,1.10,"[tp 4377.17900]",0,00:07:11:56,80.6,5h 48m,3340.0,0.50,5612.9,561.29,-2816.1,-281.61,66.6,99.7,-21.10,-2.11
,10/16/2025 22:41,10/20/2025 12:43,XAUUSD,Buy,0.160,0.00000,0.00000,4358.31300,4321.11100,0.0000,0.0000,-3720.2,-595.20,-1.16,"",0,03:14:02:03,5.8,4h 59m,18326.0,9.25,1788.7,286.192,-16537.3,-2645.968,9.8,69.9,-5508.90,-881.42
,10/17/2025 14:14,10/20/2025 12:43,XAUUSD,Buy,0.160,0.00000,0.00000,4218.06100,4321.11100,0.0000,0.0000,10305.0,1648.80,3.32,"",0,02:22:28:39,98.0,2d 21h ,6594.0,0.24,10305.0,1648.8,-2512.1,-401.936,80.4,100.0,0.00,0.00
,10/17/2025 11:58,10/20/2025 02:19,XAUUSD,Buy,0.160,0.00000,0.00000,4293.78200,4261.07000,0.0000,0.0000,-3271.2,-523.40,-1.04,"",0,02:14:21:18,2.2,1h 22m,12531.0,4.12,2446.8,391.48800000000006,-10084.2,-1613.4720000000002,19.5,54.4,-5718.00,-914.88
,10/16/2025 15:54,10/16/2025 19:54,XAUUSD,Buy,0.160,0.00000,4308.03400,4275.33500,4308.03400,0.0000,0.0000,3269.9,523.10,1.05,"[tp 4308.03400]",0,00:04:00:13,91.7,3h 40m,2114.0,0.22,3269.9,523.184,-715.5,-114.48,82.0,100.0,0.00,0.00
,10/16/2025 10:03,10/16/2025 15:54,XAUUSD,Buy,0.160,0.00000,0.00000,4243.11500,4274.76200,0.0000,0.0000,3164.7,506.40,1.03,"",0,00:05:51:12,64.3,3h 45m,1155.0,0.22,3229.5,516.72,-711.5,-113.84,81.9,98.4,-64.80,-10.37
,10/15/2025 22:46,10/16/2025 10:03,XAUUSD,Buy,0.160,0.00000,0.00000,4215.17000,4242.84900,0.0000,0.0000,2767.9,442.90,0.91,"",0,00:11:16:11,82.3,9h 16m,3640.0,0.37,2767.9,442.86400000000003,-1036.0,-165.76,72.8,100.0,0.00,0.00
,10/15/2025 08:57,10/15/2025 22:46,XAUUSD,Buy,0.010,0.00000,0.00000,4213.30400,4214.53900,0.0000,0.0000,123.5,1.20,0.00,"",0,00:13:49:17,1.9,15m,3225.4,14.37,224.6,2.246,-3225.4,-32.254000000000005,6.5,97.1,-101.10,-1.01
,10/15/2025 08:03,10/15/2025 22:46,XAUUSD,Buy,0.150,0.00000,0.00000,4209.32300,4214.53900,0.0000,0.0000,521.6,78.30,0.16,"",0,00:14:43:08,17.6,2h 35m,3682.0,3.31,854.7,128.205,-2827.3,-424.095,23.2,91.0,-333.10,-49.97
,10/15/2025 09:21,10/15/2025 22:46,XAUUSD,Buy,0.150,0.00000,0.00000,4177.39400,4214.53900,0.0000,0.0000,3714.5,557.20,1.16,"",0,00:13:25:14,100.0,13h 25m,2496.0,0.00,3815.6,572.3399999999999,0.0,0.0,100.0,97.4,-101.10,-15.16
,10/15/2025 01:20,10/15/2025 08:03,XAUUSD,Buy,0.150,0.00000,0.00000,4177.38200,4209.15700,0.0000,0.0000,3177.5,476.70,1.00,"",0,00:06:42:57,88.9,5h 58m,1050.0,0.16,3549.8,532.47,-570.2,-85.53,86.2,91.0,-372.30,-55.85
,10/14/2025 09:00,10/15/2025 01:07,XAUUSD,Buy,0.150,0.00000,4179.05100,4141.47800,4179.05100,0.0000,0.0000,3757.3,563.60,1.20,"[tp 4179.05100]",0,00:16:06:16,53.2,8h 34m,3470.8,0.91,3802.2,570.3299999999999,-3470.8,-520.62,52.3,99.4,-44.90,-6.73
,10/14/2025 05:58,10/14/2025 09:00,XAUUSD,Buy,0.150,0.00000,0.00000,4114.53900,4141.99800,0.0000,0.0000,2745.9,411.90,0.88,"",0,00:03:02:20,69.3,2h 6m,1556.9,0.52,2970.1,445.515,-1556.9,-233.535,65.6,95.0,-224.20,-33.63
,10/14/2025 07:20,10/14/2025 07:20,XAUUSD,Sell,0.150,0.00000,0.00000,4121.07200,4148.02000,0.0000,0.0000,-2694.8,-404.20,-0.86,"#206903369 by #204868717",0,00:00:00:12,,,,,,,,,,,,
,10/14/2025 01:27,10/14/2025 07:20,XAUUSD,Buy,0.150,0.00000,0.00000,4148.02000,4121.07200,0.0000,0.0000,-2694.8,0.00,0.00,"#206903369 by #204868717",0,00:05:53:19,41.7,2h 27m,8045.0,1.56,3140.0,0.0,-4905.0,-0.0,39.0,27.5,-5834.80,0.00
,10/13/2025 22:08,10/14/2025 01:24,XAUUSD,Buy,0.150,0.00000,4146.42700,4111.27400,4146.42700,0.0000,0.0000,3515.3,527.30,1.13,"[tp 4146.42700]",0,00:03:15:41,92.4,3h 0m,528.0,0.09,3573.6,536.04,-311.4,-46.709999999999994,92.0,98.5,-58.30,-8.74
,10/13/2025 05:27,10/13/2025 16:08,XAUUSD,Buy,0.150,0.00000,4110.82900,4070.65000,4110.82900,0.0000,0.0000,4017.9,602.60,1.31,"[tp 4110.82900]",0,00:10:41:35,88.4,9h 27m,803.0,0.16,4506.0,675.9,-716.0,-107.39999999999999,86.3,90.7,-488.10,-73.21
,10/12/2025 22:54,10/13/2025 05:26,XAUUSD,Buy,0.010,0.00000,4073.79000,4037.92500,4073.79000,0.0000,0.0000,3586.5,35.90,0.08,"[tp 4073.79000]",0,00:06:32:02,92.4,6h 2m,1707.0,0.17,3586.5,35.865,-593.5,-5.9350000000000005,85.8,100.0,0.00,0.00
,10/12/2025 22:36,10/13/2025 05:26,XAUUSD,Buy,0.140,0.00000,4073.80100,4036.81500,4073.80100,0.0000,0.0000,3698.6,517.80,1.14,"[tp 4073.80100]",0,00:06:50:03,92.6,6h 19m,1707.0,0.13,3698.6,517.8040000000001,-482.5,-67.55000000000001,88.5,100.0,0.00,0.00
,10/08/2025 05:12,10/12/2025 22:35,XAUUSD,Buy,0.140,0.00000,0.00000,4029.11100,4036.48200,0.0000,0.0000,737.1,103.10,0.23,"",0,04:17:23:46,22.7,1d 1h ,11015.0,2.81,2894.9,405.28600000000006,-8120.1,-1136.814,26.3,80.4,-2157.80,-302.09
,10/09/2025 16:40,10/12/2025 22:35,XAUUSD,Buy,0.140,0.00000,0.00000,3985.97000,4036.12800,0.0000,0.0000,5015.8,702.20,1.58,"",0,03:05:55:25,80.2,2d 14h ,4490.0,0.70,5431.0,760.34,-3806.0,-532.84,58.8,95.5,-415.20,-58.13
,10/08/2025 01:04,10/08/2025 04:53,XAUUSD,Buy,0.140,0.00000,4026.28400,3987.61200,4026.28400,0.0000,0.0000,3867.2,541.40,1.23,"[tp 4026.28400]",0,00:03:49:01,100.0,3h 49m,177.0,0.00,3903.8,546.532,0.0,0.0,100.0,99.1,-36.60,-5.12
,10/07/2025 01:35,10/08/2025 01:04,XAUUSD,Buy,0.030,3986.64600,0.00000,3957.44500,3986.64600,0.0000,0.0000,2920.1,87.60,0.20,"[sl 3986.64600]",0,00:23:28:58,85.2,20h 0m,3006.0,0.28,4093.5,122.80499999999999,-1150.5,-34.515,78.1,77.6,-1173.40,-35.20
,10/06/2025 18:46,10/08/2025 01:04,XAUUSD,Buy,0.110,3986.64600,0.00000,3958.54800,3986.64600,0.0000,0.0000,2809.8,309.10,0.71,"[sl 3986.64600]",0,01:06:17:47,83.7,1d 1h ,3006.0,0.32,3983.2,438.152,-1260.8,-138.688,76.0,77.6,-1173.40,-129.07
,10/05/2025 23:20,10/06/2025 15:55,XAUUSD,Buy,0.010,0.00000,3962.84500,3908.80200,3962.84500,0.0000,0.0000,5404.3,54.00,0.12,"[tp 3962.84500]",0,00:16:34:59,91.0,15h 5m,1266.0,0.15,5404.3,54.043000000000006,-829.2,-8.292,86.7,100.0,0.00,0.00
,10/05/2025 23:17,10/06/2025 15:55,XAUUSD,Buy,0.100,0.00000,3962.74900,3910.35600,3962.74900,0.0000,0.0000,5239.3,523.90,1.22,"[tp 3962.74900]",0,00:16:38:08,91.0,15h 8m,1266.0,0.19,5239.3,523.9300000000001,-984.6,-98.46000000000001,84.2,100.0,0.00,0.00
,09/30/2025 03:57,10/05/2025 23:03,XAUUSD,Buy,0.110,0.00000,3911.14300,3865.26700,3911.14300,0.0000,0.0000,4587.6,504.70,1.19,"[tp 3911.14300]",0,05:19:06:44,61.7,3d 13h ,7096.0,1.45,4587.6,504.636,-6662.7,-732.8969999999999,40.8,100.0,0.00,0.00
,09/29/2025 07:19,09/30/2025 03:56,XAUUSD,Buy,0.100,0.00000,0.00000,3816.49200,3864.53200,0.0000,0.0000,4804.0,480.40,1.14,"",0,00:20:37:01,87.9,18h 7m,1527.0,0.19,4822.8,482.28000000000003,-914.2,-91.42000000000002,84.1,99.7,-18.80,-1.88
,09/23/2025 08:37,09/29/2025 06:15,XAUUSD,Buy,0.100,0.00000,3818.20800,3764.11100,3818.20800,0.0000,0.0000,5409.7,541.00,1.30,"[tp 3818.20800]",0,05:21:38:01,26.1,1d 12h ,6030.0,0.74,5409.7,540.97,-4009.1,-400.91,57.4,100.0,0.00,0.00
,09/22/2025 08:02,09/23/2025 08:33,XAUUSD,Buy,0.100,0.00000,3764.39400,3714.38300,3764.39400,0.0000,0.0000,5001.1,500.10,1.22,"[tp 3764.39400]",0,01:00:30:32,100.0,1d ,1266.0,0.00,6015.7,601.57,0.0,0.0,100.0,83.1,-1014.60,-101.46
,09/08/2025 15:37,09/22/2025 08:02,XAUUSD,Buy,0.100,0.00000,0.00000,3634.71400,3713.79800,0.0000,0.0000,7908.4,790.90,1.97,"",0,13:16:24:44,91.8,12d 13h ,6373.0,0.21,8569.6,856.96,-1792.4,-179.24,82.7,93.6,-661.20,-66.12
,09/02/2025 22:28,09/08/2025 15:36,XAUUSD,Buy,0.100,0.00000,0.00000,3535.11700,3636.18600,0.0000,0.0000,10106.9,1010.70,2.58,"",0,05:17:08:22,94.2,5d 9h ,3491.0,0.06,10412.3,1041.23,-610.7,-61.07000000000001,94.5,97.2,-305.40,-30.54
,09/01/2025 07:40,09/02/2025 22:26,XAUUSD,Buy,0.100,0.00000,0.00000,3469.54000,3534.06300,0.0000,0.0000,6452.3,645.20,1.67,"",0,01:14:45:53,100.0,1d 14h ,1846.0,0.00,6733.0,673.3000000000001,0.0,0.0,100.0,95.8,-280.70,-28.07
,08/28/2025 15:20,09/01/2025 07:40,XAUUSD,Buy,0.100,0.00000,0.00000,3408.51000,3469.00600,0.0000,0.0000,6049.6,605.00,1.59,"",0,03:16:20:26,100.0,3d 16h ,878.4,0.00,6928.0,692.8000000000001,0.0,0.0,100.0,87.3,-878.40,-87.84
,08/27/2025 05:09,08/28/2025 14:59,XAUUSD,Buy,0.100,0.00000,0.00000,3375.62100,3412.35300,0.0000,0.0000,3673.2,367.30,0.98,"",0,01:09:50:09,96.8,1d 8h ,1340.0,0.03,3673.2,367.32,-94.1,-9.41,97.5,100.0,0.00,0.00
,08/21/2025 12:49,08/27/2025 03:59,XAUUSD,Buy,0.100,3380.61500,0.00000,3342.38700,3380.61500,0.0000,0.0000,3822.8,382.30,1.03,"[sl 3380.61500]",0,05:15:09:24,83.4,4d 16h ,2306.0,0.37,5123.3,512.33,-1897.7,-189.77,73.0,81.5,-1300.50,-130.05
,08/26/2025 00:30,,,Deposit,0.000,0.00000,0.00000,0.00000,0.00000,0.0000,0.0000,0.0,3285.00,0,"D-ALLINT-USC-INT-71043842050",0,00:00:00:00,,,,,,,,,,,,
,08/26/2025 00:29,,,Deposit,0.000,0.00000,0.00000,0.00000,0.00000,0.0000,0.0000,0.0,3326.00,0,"D-ALLINT-USC-INT-71042441218",0,00:00:00:00,,,,,,,,,,,,
,08/21/2025 12:49,08/21/2025 12:49,BTCUSD,Buy,0.100,0.00000,0.00000,113004.59000,113015.36000,0.0000,0.0000,10.8,1.08,0.00,"",0,00:00:00:05,,,,,,,,,,,,
,08/21/2025 12:48,,,Deposit,0.000,0.00000,0.00000,0.00000,0.00000,0.0000,0.0000,0.0,24484.00,0,"D-IDQRISGT-USC-565352656900",0,00:00:00:00,,,,,,,,,,,,
,08/21/2025 12:42,,,Deposit,0.000,0.00000,0.00000,0.00000,0.00000,0.0000,0.0000,0.0,6124.00,0,"D-IDQRISGT-USC-565326352388",0,00:00:00:00,,,,,,,,,,,,

Open Trades
Tags,Open Date,Symbol,Action,Lots,Open Price,TP,SL,Profit,Pips,Swap
,01/28/2026 23:23,XAUUSD,Buy,0.200,5489.537,0.0,0.0,-19725.7,-98628.7,0.0
,01/29/2026 06:23,XAUUSD,Buy,0.050,5594.044,0.0,0.0,-5453.9,-109079.4,0.0
,01/29/2026 15:27,XAUUSD,Buy,0.200,5137.091,0.0,0.0,-12676.8,-63384.1,0.0
,01/30/2026 17:43,XAUUSD,Buy,0.200,4862.032,0.0,0.0,-7175.6,-35878.2,0.0
,03/19/2026 12:27,XAUUSD,Buy,0.100,4605.025,0.0,0.0,-1017.8,-10177.5,0.0
,03/23/2026 07:04,XAUUSD,Buy,0.100,4191.014,0.0,0.0,3122.4,31223.6,0.0

