Open Date,Close Date,Symbol,Action,Units/Lots,Open Price,Close Price,Commission,Swap,Pips,Profit,Gain,Comment,Duration (DD:HH:MM:SS),Profitable(%),Profitable(time duration),Drawdown,Risk:Reward,Max(pips),Max(USD),Min(pips),Min(USD),Entry Accuracy(%),Exit Accuracy(%),ProfitMissed(pips),ProfitMissed(USD)
06/02/2026 06:27,06/02/2026 06:33,GOLDI,Buy,0.010,4505.27000,4506.27000,0.0000,0.0000,100.0,1.00,0.17,"[tp]",00:00:05:15,,,,,,,,,,,,
06/01/2026 07:31,06/01/2026 07:39,GOLDI,Buy,0.010,4519.84000,4521.37000,0.0000,0.0000,153.0,1.53,0.27,"[tp]",00:00:07:25,,,,,,,,,,,,
05/29/2026 07:14,05/29/2026 07:15,GOLDI,Sell,0.010,4511.98000,4510.98000,0.0000,0.0000,100.0,1.00,0.17,"[tp]",00:00:00:52,,,,,,,,,,,,
05/28/2026 06:16,05/28/2026 07:12,GOLDI,Buy,0.010,4374.34000,4375.34000,0.0000,0.0000,100.0,1.00,0.17,"[tp]",00:00:55:15,,,,,,,,,,,,
05/27/2026 06:27,05/27/2026 06:28,GOLDI,Sell,0.010,4501.91000,4500.91000,0.0000,0.0000,100.0,1.00,0.17,"[tp]",00:00:01:23,,,,,,,,,,,,
05/26/2026 05:59,05/26/2026 06:02,GOLDI,Buy,0.010,4541.99000,4542.99000,0.0000,0.0000,100.0,1.00,0.17,"[tp]",00:00:03:05,,,,,,,,,,,,
05/25/2026 10:38,05/25/2026 10:43,GOLDI,Sell,0.010,4555.89000,4554.89000,0.0000,0.0000,100.0,1.00,0.18,"[tp]",00:00:04:51,,,,,,,,,,,,
05/22/2026 08:54,05/22/2026 08:55,GOLDI,Buy,0.010,4525.05000,4526.05000,0.0000,0.0000,100.0,1.00,0.18,"[tp]",00:00:01:00,,,,,,,,,,,,
05/21/2026 07:23,05/21/2026 07:28,GOLDI,Buy,0.010,4525.62000,4527.15000,0.0000,0.0000,153.0,1.53,0.27,"[tp]",00:00:04:42,,,,,,,,,,,,
05/20/2026 06:36,05/20/2026 06:37,GOLDI,Buy,0.010,4461.91000,4463.12000,0.0000,0.0000,121.0,1.21,0.21,"[tp]",00:00:00:53,,,,,,,,,,,,
05/19/2026 07:31,05/19/2026 07:32,GOLDI,Sell,0.010,4537.43000,4536.43000,0.0000,0.0000,100.0,1.00,0.18,"[tp]",00:00:01:41,,,,,,,,,,,,
05/18/2026 07:55,05/18/2026 07:55,GOLDI,Buy,0.010,4535.53000,4536.53000,0.0000,0.0000,100.0,1.00,0.18,"[tp]",00:00:00:19,,,,,,,,,,,,
05/15/2026 07:38,05/15/2026 07:38,GOLDI,Buy,0.010,4564.22000,4566.03000,0.0000,0.0000,181.0,1.81,0.32,"",00:00:00:20,,,,,,,,,,,,
05/14/2026 12:58,05/14/2026 12:58,GOLDI,Buy,0.010,4695.92000,4696.92000,0.0000,0.0000,100.0,1.00,0.18,"[tp]",00:00:00:15,,,,,,,,,,,,
05/13/2026 06:31,05/13/2026 07:04,GOLDI,Buy,0.010,4703.06000,4704.27000,0.0000,0.0000,121.0,1.21,0.22,"[tp]",00:00:32:51,,,,,,,,,,,,
05/12/2026 07:04,05/12/2026 07:07,GOLDI,Sell,0.010,4718.35000,4717.35000,0.0000,0.0000,100.0,1.00,0.18,"[tp]",00:00:02:21,,,,,,,,,,,,
05/11/2026 02:45,05/11/2026 02:45,GOLDI,Buy,0.010,4689.27000,4690.27000,0.0000,0.0000,100.0,1.00,0.18,"[tp]",00:00:00:24,,,,,,,,,,,,
05/08/2026 06:39,05/08/2026 06:54,GOLDI,Buy,0.010,4714.39000,4715.39000,0.0000,0.0000,100.0,1.00,0.18,"[tp]",00:00:15:17,,,,,,,,,,,,
05/07/2026 09:14,05/07/2026 09:15,GOLDI,Sell,0.010,4748.06000,4746.85000,0.0000,0.0000,121.0,1.21,0.22,"[tp]",00:00:01:15,,,,,,,,,,,,
05/06/2026 07:32,05/06/2026 07:34,GOLDI,Buy,0.010,4647.07000,4648.07000,0.0000,0.0000,100.0,1.00,0.18,"[tp]",00:00:02:03,,,,,,,,,,,,
05/05/2026 07:33,05/05/2026 08:17,GOLDI,Sell,0.010,4542.24000,4541.24000,0.0000,0.0000,100.0,1.00,0.18,"[tp]",00:00:44:30,,,,,,,,,,,,
05/04/2026 06:50,05/04/2026 06:51,GOLDI,Buy,0.010,4608.24000,4609.24000,0.0000,0.0000,100.0,1.00,0.18,"[tp]",00:00:00:37,,,,,,,,,,,,
05/01/2026 07:02,05/01/2026 07:05,GOLDI,Buy,0.010,4609.31000,4610.52000,0.0000,0.0000,121.0,1.21,0.22,"[tp]",00:00:03:39,,,,,,,,,,,,
04/30/2026 05:26,04/30/2026 07:51,GOLDI,Buy,0.010,4566.84000,4567.84000,0.0000,0.0000,100.0,1.00,0.18,"[tp]",00:02:24:46,,,,,,,,,,,,
04/30/2026 06:26,04/30/2026 07:08,GOLDI,Buy,0.010,4550.46000,4551.99000,0.0000,0.0000,153.0,1.53,0.28,"[tp]",00:00:41:45,,,,,,,,,,,,
04/29/2026 05:42,04/29/2026 05:57,GOLDI,Buy,0.010,4594.69000,4595.69000,0.0000,0.0000,100.0,1.00,0.18,"[tp]",00:00:15:12,,,,,,,,,,,,
04/28/2026 07:16,04/28/2026 07:18,GOLDI,Buy,0.010,4652.47000,4653.47000,0.0000,0.0000,100.0,1.00,0.18,"[tp]",00:00:01:39,,,,,,,,,,,,
04/27/2026 07:33,04/27/2026 08:10,GOLDI,Buy,0.010,4713.30000,4714.30000,0.0000,0.0000,100.0,1.00,0.18,"[tp]",00:00:36:44,,,,,,,,,,,,
04/24/2026 06:17,04/24/2026 06:46,GOLDI,Buy,0.010,4669.06000,4670.27000,0.0000,0.0000,121.0,1.21,0.22,"[tp]",00:00:29:00,,,,,,,,,,,,
04/23/2026 07:43,04/23/2026 07:45,GOLDI,Buy,0.010,4702.05000,4703.05000,0.0000,0.0000,100.0,1.00,0.18,"[tp]",00:00:01:24,,,,,,,,,,,,
04/22/2026 04:52,04/22/2026 04:53,GOLDI,Buy,0.010,4754.04000,4755.04000,0.0000,0.0000,100.0,1.00,0.18,"[tp]",00:00:00:52,,,,,,,,,,,,
04/21/2026 08:13,04/21/2026 09:15,GOLDI,Buy,0.010,4785.06000,4786.06000,0.0000,0.0000,100.0,1.00,0.18,"[tp]",00:01:01:30,,,,,,,,,,,,
04/20/2026 16:07,04/20/2026 16:08,GOLDI,Buy,0.010,4815.99000,4817.20000,0.0000,0.0000,121.0,1.21,0.22,"[tp]",00:00:00:36,,,,,,,,,,,,
04/17/2026 08:41,04/17/2026 08:50,GOLDI,Buy,0.010,4785.69000,4786.69000,0.0000,0.0000,100.0,1.00,0.18,"[tp]",00:00:08:59,,,,,,,,,,,,
04/16/2026 06:24,04/16/2026 06:25,GOLDI,Buy,0.010,4826.51000,4827.72000,0.0000,0.0000,121.0,1.21,0.22,"[tp]",00:00:01:06,,,,,,,,,,,,
04/15/2026 10:00,04/15/2026 10:01,GOLDI,Buy,0.010,4806.90000,4808.04000,0.0000,0.0000,114.0,1.14,0.21,"",00:00:00:16,,,,,,,,,,,,
04/14/2026 07:11,04/14/2026 07:20,GOLDI,Buy,0.010,4766.48000,4767.48000,0.0000,0.0000,100.0,1.00,0.19,"[tp]",00:00:08:49,,,,,,,,,,,,
04/13/2026 07:57,04/13/2026 08:00,GOLDI,Sell,0.010,4727.17000,4725.96000,0.0000,0.0000,121.0,1.21,0.23,"[tp]",00:00:03:03,,,,,,,,,,,,
04/10/2026 15:02,04/10/2026 15:06,GOLDI,Buy,0.010,4772.55000,4773.76000,0.0000,0.0000,121.0,1.21,0.23,"[tp]",00:00:04:05,,,,,,,,,,,,
04/09/2026 08:36,04/09/2026 08:39,GOLDI,Buy,0.010,4714.10000,4715.10000,0.0000,0.0000,100.0,1.00,0.19,"[tp]",00:00:02:56,,,,,,,,,,,,
04/08/2026 03:04,04/08/2026 03:04,GOLDI,Sell,0.010,4809.47000,4808.47000,0.0000,0.0000,100.0,1.00,0.19,"[tp]",00:00:00:38,,,,,,,,,,,,
04/07/2026 07:45,04/07/2026 07:45,GOLDI,Buy,0.010,4631.68000,4632.68000,0.0000,0.0000,100.0,1.00,0.19,"[tp]",00:00:00:17,,,,,,,,,,,,
04/06/2026 10:51,04/06/2026 10:52,GOLDI,Sell,0.010,4694.08000,4692.55000,0.0000,0.0000,153.0,1.53,0.29,"[tp]",00:00:00:58,,,,,,,,,,,,
04/02/2026 20:06,04/02/2026 20:06,GOLDI,Buy,0.010,4654.93000,4656.37000,0.0000,0.0000,144.0,1.44,0.27,"",00:00:00:08,,,,,,,,,,,,
04/02/2026 08:28,04/02/2026 08:29,GOLDI,Buy,0.010,4587.68000,4590.54000,0.0000,0.0000,286.0,2.86,0.54,"",00:00:01:00,,,,,,,,,,,,
04/01/2026 01:58,04/01/2026 01:59,GOLDI,Sell,0.010,4697.96000,4696.96000,0.0000,0.0000,100.0,1.00,0.19,"[tp]",00:00:01:37,,,,,,,,,,,,
03/31/2026 10:05,03/31/2026 10:09,GOLDI,Sell,0.010,4568.55000,4567.55000,0.0000,0.0000,100.0,1.00,0.19,"[tp]",00:00:04:02,,,,,,,,,,,,
03/30/2026 09:27,03/30/2026 09:55,GOLDI,Buy,0.010,4525.60000,4526.60000,0.0000,0.0000,100.0,1.00,0.19,"[tp]",00:00:27:28,,,,,,,,,,,,
03/27/2026 08:36,03/27/2026 08:36,GOLDI,Buy,0.010,4452.05000,4455.41000,0.0000,0.0000,336.0,3.36,0.65,"[tp]",00:00:00:34,,,,,,,,,,,,
03/26/2026 03:39,03/26/2026 03:40,GOLDI,Buy,0.010,4515.23000,4516.23000,0.0000,0.0000,100.0,1.00,0.19,"[tp]",00:00:01:26,,,,,,,,,,,,
03/25/2026 09:20,03/25/2026 09:21,GOLDI,Sell,0.010,4565.64000,4564.64000,0.0000,0.0000,100.0,1.00,0.19,"[tp]",00:00:00:58,,,,,,,,,,,,
03/24/2026 08:55,03/24/2026 08:55,GOLDI,Buy,0.010,4422.09000,4423.30000,0.0000,0.0000,121.0,1.21,0.23,"[tp]",00:00:00:46,,,,,,,,,,,,
03/23/2026 03:12,03/23/2026 03:13,GOLDI,Buy,0.010,4398.72000,4400.25000,0.0000,0.0000,153.0,1.53,0.30,"[tp]",00:00:00:39,,,,,,,,,,,,
03/20/2026 04:58,03/20/2026 05:00,GOLDI,Buy,0.010,4725.82000,4726.82000,0.0000,0.0000,100.0,1.00,0.19,"[tp]",00:00:01:46,,,,,,,,,,,,
03/19/2026 06:46,03/19/2026 06:47,GOLDI,Buy,0.010,4832.72000,4833.93000,0.0000,0.0000,121.0,1.21,0.24,"[tp]",00:00:00:46,,,,,,,,,,,,
03/18/2026 06:54,03/18/2026 06:55,GOLDI,Sell,0.010,5000.94000,4999.94000,0.0000,0.0000,100.0,1.00,0.20,"[tp]",00:00:00:59,,,,,,,,,,,,
03/17/2026 05:45,03/17/2026 05:46,GOLDI,Sell,0.010,5040.25000,5039.04000,0.0000,0.0000,121.0,1.21,0.24,"[tp]",00:00:01:10,,,,,,,,,,,,
03/16/2026 06:00,03/16/2026 06:02,GOLDI,Buy,0.010,5014.51000,5015.51000,0.0000,0.0000,100.0,1.00,0.20,"[tp]",00:00:02:35,,,,,,,,,,,,
03/13/2026 04:36,03/13/2026 04:40,GOLDI,Buy,0.010,5108.66000,5109.66000,0.0000,0.0000,100.0,1.00,0.20,"[tp]",00:00:04:10,,,,,,,,,,,,
03/12/2026 08:19,03/12/2026 08:23,GOLDI,Buy,0.010,5167.20000,5168.20000,0.0000,0.0000,100.0,1.00,0.20,"[tp]",00:00:04:24,,,,,,,,,,,,
03/11/2026 13:00,03/11/2026 13:00,GOLDI,Sell,0.010,5180.49000,5179.49000,0.0000,0.0000,100.0,1.00,0.20,"[tp]",00:00:00:21,,,,,,,,,,,,
03/10/2026 05:04,03/10/2026 05:07,GOLDI,Buy,0.010,5156.00000,5157.00000,0.0000,0.0000,100.0,1.00,0.20,"[tp]",00:00:03:09,,,,,,,,,,,,
03/09/2026 08:06,03/09/2026 08:06,GOLDI,Buy,0.010,5094.05000,5095.05000,0.0000,0.0000,100.0,1.00,0.20,"[tp]",00:00:00:54,,,,,,,,,,,,
03/06/2026 09:37,03/06/2026 09:39,GOLDI,Buy,0.010,5106.13000,5107.34000,0.0000,0.0000,121.0,1.21,0.24,"[tp]",00:00:02:01,,,,,,,,,,,,
03/05/2026 04:38,03/05/2026 04:40,GOLDI,Buy,0.010,5187.30000,5188.30000,0.0000,0.0000,100.0,1.00,0.20,"[tp]",00:00:01:33,,,,,,,,,,,,
03/04/2026 05:51,03/04/2026 05:52,GOLDI,Buy,0.010,5157.04000,5158.25000,0.0000,0.0000,121.0,1.21,0.24,"[tp]",00:00:00:37,,,,,,,,,,,,
03/03/2026 20:19,03/03/2026 20:25,GOLDI,Sell,0.010,5112.51000,5110.98000,0.0000,0.0000,153.0,1.53,0.31,"[tp]",00:00:05:51,,,,,,,,,,,,
03/03/2026 18:53,,,Deposit,0.000,0.00000,0.00000,0.0000,0.0000,0.0,500.00,0,"T:2038417:2:7007153",00:00:00:00,,,,,,,,,,,,

