Tags,Open Date,Close Date,Symbol,Action,Units/Lots,SL,TP,Open Price,Close Price,Commission,Swap,Pips,Profit,Gain,Duration (DD:HH:MM:SS),Profitable(%),Profitable(time duration),Drawdown,Risk:Reward,Max(pips),Max(USD),Min(pips),Min(USD),Entry Accuracy(%),Exit Accuracy(%),ProfitMissed(pips),ProfitMissed(USD)
,05/28/2026 14:51,06/01/2026 17:02,EURUSD,Sell,1.000,0.00000,1.16076,1.16117,1.16076,0.0000,6.1200,4.1,47.12,0.21,04:02:11:27,0.6,35m,66.3,16.18,4.1,41.0,-66.3,-663.0,5.8,100.0,0.00,0.00
,05/28/2026 15:22,06/01/2026 16:51,EURUSD,Sell,0.500,0.00000,1.16120,1.16204,1.16120,0.0000,3.0600,8.4,45.06,0.21,04:01:29:40,2.2,2h 8m,61.1,5.01,12.2,61.0,-61.1,-305.5,16.6,94.8,-3.80,-19.00
,05/28/2026 15:32,06/01/2026 16:37,EURUSD,Sell,0.500,0.00000,0.00000,1.16260,1.16260,0.0000,3.0600,0.0,3.06,0.01,04:01:04:31,3.2,3h 6m,55.5,3.12,17.8,0.0,-55.5,-0.0,24.3,75.7,-17.80,0.00
,05/29/2026 12:27,06/01/2026 16:14,EURUSD,Sell,0.250,0.00000,0.00000,1.16350,1.16315,0.0000,0.7700,3.5,9.52,0.04,03:03:47:10,4.2,3h 10m,46.5,1.74,26.8,67.0,-46.5,-116.25,36.6,68.2,-23.30,-58.25
,05/29/2026 15:56,06/01/2026 16:05,EURUSD,Sell,0.250,0.00000,0.00000,1.16451,1.16424,0.0000,0.7700,2.7,7.52,0.03,03:00:09:13,7.7,5h 33m,34.2,0.75,36.9,92.25,-27.7,-69.25,57.1,47.1,-34.20,-85.50
,05/28/2026 17:16,06/01/2026 16:05,USDCHF,Buy,0.500,0.00000,0.00000,0.78547,0.78564,0.0000,6.0900,1.7,16.91,0.08,03:22:48:40,3.5,3h 19m,54.4,1.97,27.6,175.53600000000003,-54.4,-345.984,33.7,68.4,-25.90,-164.72
,05/28/2026 17:58,06/01/2026 16:05,USDCHF,Buy,0.500,0.00000,0.00000,0.78496,0.78559,0.0000,6.0900,6.3,46.19,0.21,03:22:07:28,3.7,3h 28m,49.3,1.51,32.7,208.29900000000004,-49.3,-314.041,39.9,67.8,-26.40,-168.17
,06/01/2026 15:15,06/01/2026 15:48,USDCHF,Buy,0.250,0.00000,0.78482,0.78394,0.78482,0.0000,0.0000,8.8,28.03,0.13,00:00:33:44,100.0,33m,23.8,0.03,32.6,103.994,0.0,0.0,100.0,27.0,-23.80,-75.92
,05/29/2026 15:56,06/01/2026 10:21,USDCHF,Buy,0.250,0.00000,0.00000,0.78180,0.78279,0.0000,1.5300,9.9,33.15,0.15,02:18:25:24,17.4,11h 33m,24.4,0.72,24.6,78.474,-17.6,-56.144000000000005,58.3,65.2,-14.70,-46.89
,05/29/2026 17:53,05/29/2026 21:46,EURUSD,Sell,5.000,0.00000,0.00000,1.16665,1.16624,0.0000,0.0000,4.1,205.00,0.95,00:03:52:56,76.0,2h 57m,7.4,0.28,9.6,480.0,-2.7,-135.0,78.0,55.3,-5.50,-275.00
,05/29/2026 11:48,05/29/2026 11:55,EURUSD,Sell,0.250,0.00000,1.16272,1.16332,1.16272,0.0000,0.0000,6.0,15.00,0.07,00:00:06:52,14.3,58s,12.6,2.10,6.0,15.0,-12.6,-31.5,32.3,100.0,0.00,0.00
,05/29/2026 10:27,05/29/2026 11:08,EURUSD,Sell,1.000,0.00000,0.00000,1.16424,1.16359,0.0000,0.0000,6.5,65.00,0.30,00:00:41:40,31.8,13m,3.9,0.38,6.5,65.0,-2.5,-25.0,72.2,100.0,0.00,0.00
,05/29/2026 09:57,05/29/2026 10:26,EURUSD,Sell,0.250,0.00000,0.00000,1.16520,1.16432,0.0000,0.0000,8.8,22.00,0.10,00:00:29:10,100.0,29m,6.8,0.07,13.7,34.25,0.0,0.0,100.0,64.2,-4.90,-12.25
,05/28/2026 21:12,05/29/2026 07:39,USDCHF,Buy,0.250,0.00000,0.00000,0.78376,0.78435,0.0000,1.5200,5.9,20.33,0.09,00:10:26:44,68.8,7h 11m,12.2,0.76,7.6,24.244,-5.8,-18.502,56.7,87.3,-1.70,-5.42
,05/28/2026 17:58,05/29/2026 07:39,EURUSD,Sell,0.500,0.00000,0.00000,1.16453,1.16359,0.0000,1.5300,9.4,48.53,0.23,00:13:41:26,29.3,4h 0m,18.9,0.95,10.7,53.5,-10.2,-51.0,51.2,93.8,-1.30,-6.50
,05/28/2026 18:02,05/29/2026 07:39,EURUSD,Sell,0.250,0.00000,0.00000,1.16505,1.16358,0.0000,0.7700,14.7,37.52,0.18,00:13:37:22,68.8,9h 22m,18.9,0.31,15.9,39.75,-5.0,-12.5,76.1,94.3,-1.20,-3.00
,05/28/2026 17:17,05/28/2026 17:57,EURUSD,Sell,0.500,0.00000,0.00000,1.16490,1.16460,0.0000,0.0000,3.0,15.00,0.07,00:00:40:36,2.5,1m,5.1,1.70,3.0,15.0,-5.1,-25.5,37.0,100.0,0.00,0.00
,05/26/2026 14:15,05/26/2026 21:04,GBPUSD,Buy,1.000,0.00000,0.00000,1.34859,1.34401,0.0000,0.0000,-45.8,-458.00,-2.10,00:06:49:08,0.0,0s,50.6,50.76,0.0,0.0,-50.6,-506.0,0.0,9.5,-45.80,-458.00
,05/26/2026 13:15,05/26/2026 21:04,EURUSD,Buy,1.000,0.00000,0.00000,1.16435,1.16235,0.0000,0.0000,-20.0,-200.00,-0.91,00:07:49:08,0.0,0s,26.5,26.53,0.0,0.0,-26.5,-265.0,0.0,24.5,-20.00,-200.00
,05/26/2026 13:15,05/26/2026 21:04,EURUSD,Buy,1.000,0.00000,0.00000,1.16435,1.16236,0.0000,0.0000,-19.9,-199.00,-0.90,00:07:49:07,0.0,0s,26.5,26.53,0.0,0.0,-26.5,-265.0,0.0,24.9,-19.90,-199.00
,05/26/2026 13:45,05/26/2026 13:52,GBPUSD,Buy,1.000,0.00000,0.00000,1.34835,1.34855,0.0000,0.0000,2.0,20.00,0.09,00:00:07:56,12.5,59s,22.2,11.11,2.0,20.0,-22.2,-222.0,8.3,100.0,0.00,0.00
,05/26/2026 13:15,05/26/2026 13:30,GBPUSD,Buy,1.000,0.00000,1.34851,1.34822,1.34851,0.0000,0.0000,2.9,29.00,0.13,00:00:15:16,6.3,57s,18.1,6.24,2.9,29.0,-18.1,-181.0,13.8,100.0,0.00,0.00
,05/26/2026 11:13,05/26/2026 13:02,EURUSD,Buy,1.000,1.16411,0.00000,1.16401,1.16411,0.0000,0.0000,1.0,10.00,0.05,00:01:48:51,17.5,19m,12.4,2.18,3.9,39.0,-8.5,-85.0,31.5,76.6,-2.90,-29.00
,05/26/2026 11:13,05/26/2026 13:02,EURUSD,Buy,1.000,1.16411,0.00000,1.16401,1.16411,0.0000,0.0000,1.0,10.00,0.05,00:01:48:51,17.5,19m,12.4,2.18,3.9,39.0,-8.5,-85.0,31.5,76.6,-2.90,-29.00
,05/25/2026 21:15,05/26/2026 08:54,EURUSD,Buy,1.000,0.00000,0.00000,1.16441,1.16283,0.0000,-6.7500,-15.8,-164.75,-0.74,00:11:39:16,0.0,0s,16.1,16.10,0.0,0.0,-16.1,-161.0,0.0,1.9,-15.80,-158.00
,05/25/2026 21:15,05/26/2026 08:54,EURUSD,Buy,1.000,0.00000,0.00000,1.16441,1.16282,0.0000,-6.7500,-15.9,-165.75,-0.74,00:11:39:12,0.0,0s,16.1,16.10,0.0,0.0,-16.1,-161.0,0.0,1.2,-15.90,-159.00
,05/25/2026 15:21,05/25/2026 17:14,EURUSD,Sell,0.250,0.00000,0.00000,1.16438,1.16401,0.0000,0.0000,3.7,9.25,0.04,00:01:52:38,72.6,1h 21m,5.2,0.60,6.7,16.75,-4.0,-10.0,62.6,72.0,-3.00,-7.50
,05/21/2026 18:30,05/25/2026 15:58,EURUSD,Sell,1.000,0.00000,0.00000,1.15850,1.16488,0.0000,6.3800,-63.8,-631.62,-2.73,03:21:28:44,0.0,0s,65.3,65.36,0.0,0.0,-65.3,-653.0,0.0,2.3,-63.80,-638.00
,05/21/2026 18:30,05/25/2026 15:58,EURUSD,Sell,1.000,0.00000,0.00000,1.15850,1.16488,0.0000,6.3800,-63.8,-631.62,-2.66,03:21:28:43,0.0,0s,65.3,65.36,0.0,0.0,-65.3,-653.0,0.0,2.3,-63.80,-638.00
,05/22/2026 19:30,05/22/2026 20:31,CADCHF,Sell,1.000,0.00000,0.56770,0.56795,0.56770,0.0000,0.0000,2.5,31.89,0.13,00:01:01:20,1.7,1m,4.4,1.76,2.5,31.9,-4.4,-56.144000000000005,36.2,100.0,0.00,0.00
,05/22/2026 18:00,05/22/2026 19:08,CADCHF,Sell,1.000,0.00000,0.56840,0.56865,0.56840,0.0000,0.0000,2.5,31.82,0.13,00:01:08:56,100.0,1h 8m,5.5,0.13,8.0,101.84,0.0,0.0,100.0,31.3,-5.50,-70.02
,05/22/2026 16:15,05/22/2026 17:58,CADCHF,Sell,1.000,0.00000,0.56875,0.56900,0.56875,0.0000,0.0000,2.5,31.81,0.13,00:01:43:59,1.0,1m,0.0,0.40,2.5,31.8,0.0,0.0,100.0,100.0,0.00,0.00
,05/22/2026 15:15,05/22/2026 16:11,CADCHF,Sell,1.000,0.00000,0.56902,0.56927,0.56902,0.0000,0.0000,2.5,31.86,0.13,00:00:56:25,100.0,56m,5.2,0.13,7.7,98.098,0.0,0.0,100.0,32.5,-5.20,-66.25
,05/22/2026 12:45,05/22/2026 15:12,CADCHF,Sell,1.000,0.00000,0.56958,0.56983,0.56958,0.0000,0.0000,2.5,31.81,0.13,00:02:27:27,92.6,2h 16m,11.8,0.11,11.8,150.096,-1.3,-16.536,90.1,29.0,-9.30,-118.30
,05/22/2026 11:16,05/22/2026 12:42,CADCHF,Sell,1.000,0.00000,0.00000,0.57007,0.57001,0.0000,0.0000,0.6,7.63,0.03,00:01:25:29,71.0,1h 0m,7.9,0.31,8.5,108.12,-2.6,-33.072,76.6,28.8,-7.90,-100.49
,05/22/2026 10:05,05/22/2026 12:12,EURUSD,Sell,1.000,0.00000,0.00000,1.16046,1.16020,0.0000,0.0000,2.6,26.00,0.11,00:02:07:44,92.2,1h 57m,9.5,0.27,11.2,112.0,-3.0,-30.0,78.9,39.4,-8.60,-86.00
,05/21/2026 21:09,05/22/2026 09:41,EURUSD,Sell,1.000,0.00000,0.00000,1.16208,1.16065,0.0000,3.1900,14.3,146.19,0.62,00:12:32:51,100.0,12h 32m,10.0,0.04,23.0,230.0,0.0,0.0,100.0,62.2,-8.70,-87.00
,05/21/2026 17:30,05/21/2026 18:07,EURUSD,Sell,1.000,0.00000,1.15832,1.15882,1.15832,0.0000,0.0000,5.0,50.00,0.21,00:00:37:51,2.7,1m,41.5,8.31,5.0,50.0,-41.5,-415.0,10.8,100.0,0.00,0.00
,05/21/2026 17:30,05/21/2026 18:07,EURUSD,Sell,1.000,0.00000,1.15832,1.15882,1.15832,0.0000,0.0000,5.0,50.00,0.21,00:00:37:51,2.7,1m,41.5,8.31,5.0,50.0,-41.5,-415.0,10.8,100.0,0.00,0.00
,05/21/2026 17:00,05/21/2026 17:10,EURUSD,Sell,1.000,0.00000,0.00000,1.15942,1.15931,0.0000,0.0000,1.1,11.00,0.05,00:00:10:52,54.6,5m,6.7,4.59,1.2,12.0,-5.5,-55.0,17.9,98.5,-0.10,-1.00
,05/21/2026 17:00,05/21/2026 17:10,EURUSD,Sell,1.000,0.00000,0.00000,1.15942,1.15930,0.0000,0.0000,1.2,12.00,0.05,00:00:10:52,54.6,5m,6.7,4.59,1.2,12.0,-5.5,-55.0,17.9,100.0,0.00,0.00
,05/21/2026 16:30,05/21/2026 16:33,EURUSD,Sell,1.000,0.00000,1.15845,1.15893,1.15845,0.0000,0.0000,4.8,48.00,0.21,00:00:03:29,,,,,,,,,,,,
,05/21/2026 16:30,05/21/2026 16:33,EURUSD,Sell,1.000,0.00000,1.15845,1.15893,1.15845,0.0000,0.0000,4.8,48.00,0.21,00:00:03:29,,,,,,,,,,,,
,05/21/2026 15:30,05/21/2026 16:19,EURUSD,Sell,1.000,0.00000,1.15892,1.15942,1.15892,0.0000,0.0000,5.0,50.00,0.22,00:00:49:21,100.0,49m,7.8,0.09,10.8,108.0,0.0,0.0,100.0,46.3,-5.80,-58.00
,05/21/2026 15:30,05/21/2026 16:19,EURUSD,Sell,1.000,0.00000,1.15892,1.15942,1.15892,0.0000,0.0000,5.0,50.00,0.22,00:00:49:21,100.0,49m,7.8,0.09,10.8,108.0,0.0,0.0,100.0,46.3,-5.80,-58.00
,05/21/2026 15:00,05/21/2026 15:19,EURUSD,Sell,1.000,1.15974,0.00000,1.15984,1.15974,0.0000,0.0000,1.0,10.00,0.04,00:00:19:27,100.0,19m,14.8,0.06,15.8,158.0,0.0,0.0,100.0,6.3,-14.80,-148.00
,05/21/2026 15:00,05/21/2026 15:19,EURUSD,Sell,1.000,1.15974,0.00000,1.15984,1.15974,0.0000,0.0000,1.0,10.00,0.04,00:00:19:27,100.0,19m,14.8,0.06,15.8,158.0,0.0,0.0,100.0,6.3,-14.80,-148.00
,05/21/2026 13:44,05/21/2026 14:55,EURUSD,Sell,0.500,0.00000,1.16004,1.16062,1.16004,0.0000,0.0000,5.8,29.00,0.13,00:01:11:26,100.0,1h 11m,19.8,0.04,25.6,128.0,0.0,0.0,100.0,22.7,-19.80,-99.00
,05/19/2026 12:27,05/20/2026 18:12,XAUUSD,Buy,1.000,0.00000,0.00000,4544.98000,4525.26000,0.0000,-86.4600,-1972.0,-2058.46,-8.20,01:05:44:54,0.0,0s,8844.0,10000.00,0.0,0.0,-8844.0,-8844.0,0.0,77.7,-1972.00,-1972.00
,05/19/2026 16:56,05/20/2026 17:32,XAUUSD,Buy,0.500,0.00000,0.00000,4508.42000,4525.21000,0.0000,-43.2300,1679.0,796.27,3.28,01:00:35:50,13.3,3h 16m,5393.0,1.50,3461.0,1730.5,-5188.0,-2594.0,40.0,79.4,-1782.00,-891.00
,05/19/2026 16:30,05/19/2026 16:56,XAUUSD,Buy,1.000,0.00000,0.00000,4495.48000,4508.21000,0.0000,0.0000,1273.0,1273.00,5.52,00:00:26:13,100.0,26m,472.0,0.00,1437.0,1437.0,0.0,0.0,100.0,88.6,-164.00,-164.00
,05/19/2026 13:45,05/19/2026 16:23,EURUSD,Sell,1.000,0.00000,1.16071,1.16121,1.16071,0.0000,0.0000,5.0,50.00,0.22,00:02:38:26,90.7,2h 23m,12.7,0.24,17.7,177.0,-4.3,-43.0,80.5,42.3,-12.70,-127.00
,05/19/2026 13:45,05/19/2026 16:23,EURUSD,Sell,1.000,0.00000,1.16071,1.16121,1.16071,0.0000,0.0000,5.0,50.00,0.22,00:02:38:26,90.7,2h 23m,12.7,0.24,17.7,177.0,-4.3,-43.0,80.5,42.3,-12.70,-127.00
,05/19/2026 15:55,05/19/2026 16:08,EURUSD,Sell,1.000,0.00000,1.16135,1.16177,1.16135,0.0000,0.0000,4.2,42.00,0.18,00:00:12:02,100.0,12m,17.1,0.05,21.3,213.0,0.0,0.0,100.0,19.7,-17.10,-171.00
,05/19/2026 13:17,05/19/2026 13:38,EURUSD,Sell,1.000,0.00000,1.16187,1.16237,1.16187,0.0000,0.0000,5.0,50.00,0.22,00:00:21:05,100.0,21m,14.3,0.05,19.3,193.0,0.0,0.0,100.0,25.9,-14.30,-143.00
,05/19/2026 13:17,05/19/2026 13:38,EURUSD,Sell,1.000,0.00000,1.16187,1.16237,1.16187,0.0000,0.0000,5.0,50.00,0.22,00:00:21:05,100.0,21m,14.3,0.05,19.3,193.0,0.0,0.0,100.0,25.9,-14.30,-143.00
,05/19/2026 09:48,05/19/2026 12:03,EURUSD,Sell,1.000,0.00000,0.00000,1.16365,1.16225,0.0000,0.0000,14.0,140.00,0.62,00:02:15:30,100.0,2h 15m,10.0,0.04,24.0,240.0,0.0,0.0,100.0,58.3,-10.00,-100.00
,05/18/2026 22:00,05/19/2026 11:53,EURUSD,Sell,1.000,0.00000,1.16237,1.16287,1.16237,0.0000,3.1900,5.0,53.19,0.24,00:13:53:33,25.2,3h 30m,31.6,1.95,16.2,162.0,-31.6,-316.0,33.9,76.6,-11.20,-112.00
,05/18/2026 22:00,05/19/2026 11:53,EURUSD,Sell,1.000,0.00000,1.16237,1.16287,1.16237,0.0000,3.1900,5.0,53.19,0.24,00:13:53:33,25.2,3h 30m,31.6,1.95,16.2,162.0,-31.6,-316.0,33.9,76.6,-11.20,-112.00
,05/19/2026 01:21,05/19/2026 09:48,EURUSD,Sell,1.000,0.00000,0.00000,1.16593,1.16372,0.0000,0.0000,22.1,221.00,0.99,00:08:26:33,100.0,8h 26m,21.6,0.02,43.7,437.0,0.0,0.0,100.0,50.6,-21.60,-216.00
,05/15/2026 17:00,05/15/2026 21:32,EURUSD,Sell,1.000,0.00000,1.16182,1.16232,1.16182,0.0000,0.0000,5.0,50.00,0.22,00:04:31:49,50.0,2h 15m,11.3,1.88,6.0,60.0,-11.3,-113.0,34.7,94.2,-1.00,-10.00
,05/15/2026 17:00,05/15/2026 21:32,EURUSD,Sell,1.000,0.00000,1.16182,1.16232,1.16182,0.0000,0.0000,5.0,50.00,0.22,00:04:31:49,50.0,2h 15m,11.3,1.88,6.0,60.0,-11.3,-113.0,34.7,94.2,-1.00,-10.00
,04/29/2026 18:09,05/15/2026 19:03,MSFT,Buy,15.000,0.00000,0.00000,425.22000,422.28000,0.0000,-16.5200,-294.0,-60.62,-0.27,16:00:54:08,,,,,,,,,,,,
,04/30/2026 09:27,05/15/2026 02:16,EURUSD,Sell,1.000,0.00000,0.00000,1.16642,1.16641,0.0000,47.1400,0.1,48.14,0.22,14:16:49:14,1.0,3h 31m,124.9,7.30,17.1,171.0,-124.9,-1249.0,12.0,88.0,-17.00,-170.00
,05/14/2026 19:30,05/14/2026 23:07,EURUSD,Sell,1.000,0.00000,1.16687,1.16736,1.16687,0.0000,0.0000,4.9,49.00,0.22,00:03:37:26,97.3,3h 31m,6.3,0.12,7.4,74.0,-0.9,-9.0,89.2,69.9,-2.50,-25.00
,05/14/2026 19:30,05/14/2026 23:07,EURUSD,Sell,1.000,0.00000,1.16687,1.16736,1.16687,0.0000,0.0000,4.9,49.00,0.22,00:03:37:26,97.3,3h 31m,6.3,0.12,7.4,74.0,-0.9,-9.0,89.2,69.9,-2.50,-25.00
,05/11/2026 18:19,05/14/2026 18:37,MSFT,Buy,10.000,0.00000,0.00000,410.03000,410.42000,0.0000,-2.0500,39.0,1.85,0.01,03:00:17:27,,,,,,,,,,,,
,05/13/2026 18:06,05/14/2026 18:37,MSFT,Buy,5.000,0.00000,0.00000,403.35000,410.44000,0.0000,-0.3400,709.0,35.11,0.16,01:00:30:57,,,,,,,,,,,,
,05/14/2026 18:00,05/14/2026 18:20,EURUSD,Sell,1.000,1.16756,0.00000,1.16778,1.16756,0.0000,0.0000,2.2,22.00,0.10,00:00:20:07,81.0,16m,2.5,0.23,2.2,22.0,-0.5,-5.0,81.5,100.0,0.00,0.00
,05/14/2026 18:00,05/14/2026 18:20,EURUSD,Sell,1.000,1.16756,0.00000,1.16778,1.16756,0.0000,0.0000,2.2,22.00,0.10,00:00:20:07,81.0,16m,2.5,0.23,2.2,22.0,-0.5,-5.0,81.5,100.0,0.00,0.00
,05/14/2026 17:15,05/14/2026 17:53,EURUSD,Sell,1.000,0.00000,1.16904,1.16955,1.16904,0.0000,0.0000,5.1,51.00,0.23,00:00:38:13,100.0,38m,14.6,0.05,19.7,197.0,0.0,0.0,100.0,25.9,-14.60,-146.00
,05/14/2026 17:15,05/14/2026 17:53,EURUSD,Sell,1.000,0.00000,1.16904,1.16955,1.16904,0.0000,0.0000,5.1,51.00,0.23,00:00:38:13,100.0,38m,14.6,0.05,19.7,197.0,0.0,0.0,100.0,25.9,-14.60,-146.00
,05/14/2026 16:59,05/14/2026 17:00,EURUSD,Sell,1.000,0.00000,0.00000,1.16894,1.16873,0.0000,0.0000,2.1,21.00,0.10,00:00:00:37,,,,,,,,,,,,
,05/14/2026 16:45,05/14/2026 16:54,EURUSD,Sell,1.000,1.16913,0.00000,1.16923,1.16913,0.0000,0.0000,1.0,10.00,0.05,00:00:09:58,100.0,9m,17.1,0.06,18.1,181.0,0.0,0.0,100.0,5.5,-17.10,-171.00
,05/14/2026 16:00,05/14/2026 16:36,EURUSD,Sell,1.000,0.00000,1.16916,1.16966,1.16916,0.0000,0.0000,5.0,50.00,0.23,00:00:36:06,100.0,36m,19.7,0.04,24.7,247.0,0.0,0.0,100.0,20.2,-19.70,-197.00
,05/14/2026 14:45,05/14/2026 15:46,EURUSD,Sell,1.000,1.16991,0.00000,1.17001,1.16991,0.0000,0.0000,1.0,10.00,0.05,00:01:01:00,100.0,1h 1m,27.3,0.04,28.3,283.0,0.0,0.0,100.0,3.5,-27.30,-273.00
,05/14/2026 11:01,05/14/2026 14:31,EURUSD,Sell,1.000,0.00000,1.17048,1.17081,1.17048,0.0000,0.0000,3.3,33.00,0.15,00:03:30:34,100.0,3h 30m,18.8,0.05,22.1,221.0,0.0,0.0,100.0,14.9,-18.80,-188.00
,05/13/2026 14:16,05/13/2026 15:30,EURUSD,Sell,1.000,0.00000,1.16990,1.17144,1.16990,0.0000,0.0000,15.4,154.00,0.71,00:01:13:42,100.0,1h 13m,8.8,0.07,15.4,154.0,0.0,0.0,100.0,100.0,0.00,0.00
,05/06/2026 06:18,05/13/2026 10:41,EURUSD,Sell,1.000,0.00000,0.00000,1.17198,1.17124,0.0000,22.1200,7.4,96.12,0.44,07:04:22:30,2.4,4h 8m,69.3,2.94,23.6,236.0,-69.3,-693.0,25.4,82.6,-16.20,-162.00
,05/12/2026 16:20,05/13/2026 09:51,EURUSD,Sell,1.000,0.00000,1.17221,1.17346,1.17221,0.0000,3.1100,12.5,128.11,0.60,00:17:31:45,43.9,7h 41m,25.9,0.29,38.4,384.0,-11.3,-113.0,77.3,47.9,-25.90,-259.00
,05/11/2026 17:28,05/12/2026 11:29,EURUSD,Sell,1.000,0.00000,0.00000,1.17859,1.17468,0.0000,3.1100,39.1,394.11,1.87,00:18:00:47,95.9,17h 16m,12.7,0.04,48.1,481.0,-1.8,-18.0,96.4,82.0,-9.00,-90.00
,05/07/2026 10:47,05/07/2026 20:45,EURUSD,Sell,1.000,0.00000,0.00000,1.17622,1.17446,0.0000,0.0000,17.6,176.00,0.84,00:09:58:18,44.9,4h 28m,16.6,0.47,32.9,329.0,-15.3,-153.0,68.3,68.3,-15.30,-153.00
,04/29/2026 18:09,04/30/2026 20:08,NFLX,Buy,50.000,0.00000,0.00000,92.72000,93.16000,0.0000,-0.7700,44.0,21.23,0.10,01:01:58:41,,,,,,,,,,,,
,04/29/2026 20:45,04/30/2026 20:08,CVX,Buy,50.000,0.00000,0.00000,192.19000,193.34000,0.0000,-1.6000,115.0,55.90,0.27,00:23:23:06,,,,,,,,,,,,
,05/14/2026 18:37,04/30/2026 10:27,EURUSD,Buy,1.000,0.00000,0.00000,1.16782,1.16802,0.0000,44.0300,2.0,44.03,0.21,0-14:0-8:0-9:0-28,,,,,,,,,,,,
,04/29/2026 11:35,04/29/2026 16:19,EURUSD,Sell,1.000,0.00000,1.16932,1.16952,1.16932,0.0000,0.0000,2.0,20.00,0.10,00:04:44:09,46.5,2h 12m,17.4,1.01,10.5,105.0,-10.6,-106.0,49.8,59.7,-8.50,-85.00
,04/29/2026 09:38,04/29/2026 11:11,EURUSD,Sell,1.000,0.00000,1.16960,1.16985,1.16960,0.0000,0.0000,2.5,25.00,0.12,00:01:33:40,10.6,9m,11.6,4.28,2.5,25.0,-10.7,-107.0,18.9,100.0,0.00,0.00
,04/28/2026 10:07,04/28/2026 14:48,EURUSD,Sell,1.000,0.00000,1.16856,1.16906,1.16856,0.0000,0.0000,5.0,50.00,0.24,00:04:41:01,22.5,1h 3m,25.3,0.99,12.7,127.0,-12.6,-126.0,50.2,69.6,-7.70,-77.00
,04/28/2026 14:12,04/28/2026 14:32,EURUSD,Sell,1.000,0.00000,1.16931,1.16965,1.16931,0.0000,0.0000,3.4,34.00,0.16,00:00:19:22,30.0,5m,9.1,1.97,3.4,34.0,-6.7,-67.0,33.7,100.0,0.00,0.00
,04/28/2026 07:05,04/28/2026 08:57,EURUSD,Sell,1.000,0.00000,1.17079,1.17112,1.17079,0.0000,0.0000,3.3,33.00,0.16,00:01:52:06,100.0,1h 52m,16.7,0.05,20.0,200.0,0.0,0.0,100.0,16.5,-16.70,-167.00
,04/24/2026 17:50,04/24/2026 18:10,NVIDIA,Buy,30.000,0.00000,0.00000,207.15000,209.38000,0.0000,0.0000,223.0,66.90,0.33,00:00:19:35,,,,,,,,,,,,
,04/24/2026 17:40,04/24/2026 17:45,NVIDIA,Buy,30.000,0.00000,0.00000,205.02000,206.49000,0.0000,0.0000,147.0,44.10,0.22,00:00:04:55,,,,,,,,,,,,
,04/24/2026 16:56,04/24/2026 17:35,NVIDIA,Buy,50.000,0.00000,0.00000,201.36000,203.38000,0.0000,0.0000,202.0,101.00,0.49,00:00:39:30,,,,,,,,,,,,
,05/19/2026 16:31,04/24/2026 16:56,NFLX,Sell,70.000,0.00000,0.00000,91.07000,93.19000,0.0000,-26.1000,-212.0,-26.10,-0.13,0-24:0-23:0-34:0-11,,,,,,,,,,,,
,04/24/2026 16:55,04/24/2026 16:56,NVIDIA,Buy,10.000,0.00000,0.00000,201.69000,201.65000,0.0000,0.0000,-4.0,-0.40,0.00,00:00:00:18,,,,,,,,,,,,
,05/07/2026 18:38,04/23/2026 20:21,MSFT,Sell,10.000,0.00000,0.00000,425.15000,414.73000,0.0000,-9.7700,1042.0,-9.77,-0.05,0-13:0-22:0-16:0-44,,,,,,,,,,,,
,04/22/2026 21:00,04/22/2026 22:59,EURUSD,Sell,1.000,0.00000,0.00000,1.17096,1.17060,0.0000,0.0000,3.6,36.00,0.18,00:01:59:37,100.0,1h 59m,3.8,0.18,5.7,57.0,0.0,0.0,100.0,63.2,-2.10,-21.00
,04/22/2026 20:30,04/22/2026 20:57,EURUSD,Sell,1.000,0.00000,0.00000,1.17144,1.17122,0.0000,0.0000,2.2,22.00,0.11,00:00:27:46,100.0,27m,6.5,0.12,8.7,87.0,0.0,0.0,100.0,25.3,-6.50,-65.00
,04/21/2026 17:54,04/22/2026 20:57,NVIDIA,Buy,30.000,0.00000,0.00000,201.80000,202.25000,0.0000,-1.0000,45.0,12.50,0.06,01:03:02:50,,,,,,,,,,,,
,04/22/2026 19:00,04/22/2026 19:31,EURUSD,Sell,1.000,0.00000,0.00000,1.17133,1.17112,0.0000,0.0000,2.1,21.00,0.10,00:00:31:28,100.0,31m,2.5,0.22,4.6,46.0,0.0,0.0,100.0,45.7,-2.50,-25.00
,04/21/2026 20:15,04/22/2026 18:48,EURUSD,Sell,1.000,0.00000,0.00000,1.17233,1.17171,0.0000,3.1800,6.2,65.18,0.32,00:22:32:34,17.5,3h 56m,33.6,2.37,14.2,142.0,-33.6,-336.0,29.7,83.3,-8.00,-80.00
,04/22/2026 18:00,04/22/2026 18:48,EURUSD,Sell,1.000,1.17157,0.00000,1.17180,1.17157,0.0000,0.0000,2.3,23.00,0.11,00:00:48:00,100.0,48m,6.6,0.11,8.9,89.0,0.0,0.0,100.0,25.8,-6.60,-66.00
,04/22/2026 15:45,04/22/2026 17:58,EURUSD,Sell,1.000,0.00000,1.17207,1.17258,1.17207,0.0000,0.0000,5.1,51.00,0.25,00:02:13:10,100.0,2h 13m,10.3,0.07,15.4,154.0,0.0,0.0,100.0,33.1,-10.30,-103.00
,04/21/2026 17:53,04/22/2026 17:07,MSFT,Buy,15.000,0.00000,430.25000,425.51000,430.25000,0.0000,-1.0600,474.0,70.04,0.35,00:23:13:46,,,,,,,,,,,,
,04/22/2026 15:15,04/22/2026 15:30,EURUSD,Sell,1.000,0.00000,1.17279,1.17318,1.17279,0.0000,0.0000,3.9,39.00,0.19,00:00:15:00,6.7,1m,0.0,0.26,3.9,39.0,0.0,0.0,100.0,100.0,0.00,0.00
,04/22/2026 15:04,04/22/2026 15:09,EURUSD,Sell,1.000,0.00000,0.00000,1.17369,1.17338,0.0000,0.0000,3.1,31.00,0.15,00:00:04:54,20.0,58s,0.0,0.32,3.1,31.0,0.0,0.0,100.0,100.0,0.00,0.00
,04/21/2026 19:27,04/21/2026 19:51,EURUSD,Sell,1.000,0.00000,1.17431,1.17463,1.17431,0.0000,0.0000,3.2,32.00,0.16,00:00:23:34,75.0,17m,21.3,0.15,24.5,245.0,-3.7,-37.0,86.9,24.5,-21.30,-213.00
,04/21/2026 18:49,04/21/2026 19:27,EURUSD,Sell,1.000,0.00000,0.00000,1.17497,1.17475,0.0000,0.0000,2.2,22.00,0.11,00:00:38:17,89.5,34m,18.0,0.07,16.8,168.0,-1.2,-12.0,93.3,18.9,-14.60,-146.00
,04/21/2026 18:27,04/21/2026 18:36,EURUSD,Sell,1.000,0.00000,1.17420,1.17470,1.17420,0.0000,0.0000,5.0,50.00,0.25,00:00:08:50,11.2,59s,0.0,0.20,5.0,50.0,0.0,0.0,100.0,100.0,0.00,0.00
,04/21/2026 18:15,04/21/2026 18:27,EURUSD,Sell,1.000,0.00000,1.17482,1.17583,1.17482,0.0000,0.0000,10.1,101.00,0.51,00:00:12:14,8.4,1m,0.0,0.10,10.1,101.0,0.0,0.0,100.0,100.0,0.00,0.00
,04/20/2026 15:12,04/21/2026 17:58,EURUSD,Sell,1.000,0.00000,0.00000,1.17553,1.17537,0.0000,3.1800,1.6,19.18,0.10,01:02:45:57,11.0,2h 56m,35.1,3.73,9.4,94.0,-35.1,-351.0,21.1,82.5,-7.80,-78.00
,04/21/2026 17:54,04/21/2026 17:54,NVIDIA,Buy,15.000,0.00000,0.00000,201.83000,201.68000,0.0000,0.0000,-15.0,-2.25,-0.01,00:00:00:32,,,,,,,,,,,,
,04/21/2026 17:52,04/21/2026 17:53,NVIDIA,Buy,0.500,0.00000,0.00000,201.79000,201.79000,0.0000,0.0000,0.0,0.00,0.00,00:00:01:13,,,,,,,,,,,,
,04/21/2026 17:53,04/21/2026 17:53,MSFT,Buy,5.000,0.00000,0.00000,425.70000,425.48000,0.0000,0.0000,-22.0,-1.10,-0.01,00:00:00:14,,,,,,,,,,,,
,04/21/2026 17:52,04/21/2026 17:53,MSFT,Buy,0.500,0.00000,0.00000,425.56000,425.33000,0.0000,0.0000,-23.0,-0.12,0.00,00:00:00:16,,,,,,,,,,,,
,04/20/2026 09:28,04/20/2026 09:45,EURUSD,Sell,1.000,0.00000,0.00000,1.17480,1.17628,0.0000,0.0000,-14.8,-148.00,-0.74,00:00:17:10,0.0,0s,14.8,14.81,0.0,0.0,-14.8,-148.0,0.0,0.0,-14.80,-148.00
,04/15/2026 05:59,,,Deposit,0.000,0.00000,0.00000,0.00000,0.00000,0.0000,0.0000,0.0,20000.00,0,00:00:00:00,,,,,,,,,,,,

Open Trades
Tags,Open Date,Symbol,Action,Lots,Open Price,TP,SL,Profit,Pips,Swap
,05/28/2026 14:51,USDCHF,Buy,0.500,0.78937,0.79047,0.0,-278.34,-43.7,9.21
,05/28/2026 15:33,USDCHF,Buy,0.500,0.78807,0.78957,0.0,-195.54,-30.7,9.21
,06/01/2026 17:00,MSFT,Buy,10.000,466.01,497.0,0.0,-55.8,-558.0,-0.77

Open Orders
Tags,Open Date,Symbol,Action,Lots,Open Price,TP,SL
,04/22/2026 19:43,NFLX,Buy Stop,30.000,98.0,105.00000,0.00000

