Open Date,Close Date,Symbol,Action,Open Price,Close Price,Commission,Swap,Pips,Profit,Gain,Comment,Duration (DD:HH:MM:SS),Profitable(%),Profitable(time duration),Drawdown,Risk:Reward,Max(pips),Max(USD),Min(pips),Min(USD),Entry Accuracy(%),Exit Accuracy(%),ProfitMissed(pips),ProfitMissed(USD)
05/29/2026 18:08,05/29/2026 18:08,GOLD#,Buy,4589.28000,4586.74000,0.0000,0.0000,-254.0,-147.32,-1.71,"{76539820}                 [sl]",00:00:00:24,,,,,,,,,,,,
05/29/2026 18:05,05/29/2026 18:05,GOLD#,Buy,4580.55000,4577.74000,0.0000,0.0000,-281.0,-162.98,-1.86,"{76539651}                 [sl]",00:00:00:22,,,,,,,,,,,,
05/29/2026 04:15,05/29/2026 04:24,GOLD#,Buy,4516.86000,4514.13000,0.0000,0.0000,-273.0,-158.34,-1.78,"{76524491}                 [sl]",00:00:09:03,44.5,4m,638.0,1.68,238.0,138.04,-400.0,-231.99999999999997,37.3,19.9,-511.00,-296.38
05/26/2026 18:00,05/28/2026 19:24,USDJPY,Buy,159.33800,159.10400,0.0000,0.0000,-23.4,-85.30,-0.95,"{76448798}                     ",02:01:24:13,65.6,1d 8h ,53.9,0.77,30.5,111.325,-23.4,-85.41,56.6,0.0,-53.90,-196.73
05/28/2026 05:12,05/28/2026 05:14,GOLD#,Sell,4401.05000,4403.68000,0.0000,0.0000,-263.0,-152.54,-1.67,"{76499699}                 [sl]",00:00:02:05,,,,,,,,,,,,
05/27/2026 13:46,05/27/2026 13:46,GOLD#,Sell,4451.56000,4456.19000,0.0000,0.0000,-463.0,-268.54,-2.85,"{76482899}                 [sl]",00:00:00:28,,,,,,,,,,,,
05/27/2026 09:31,05/27/2026 09:33,GOLD#,Sell,4482.12000,4484.78000,0.0000,0.0000,-266.0,-154.28,-1.61,"{76477513}                 [sl]",00:00:02:01,,,,,,,,,,,,
05/26/2026 20:58,05/26/2026 21:25,GOLD#,Sell,4491.70000,4494.27000,0.0000,0.0000,-257.0,-149.06,-1.53,"{76468604}                     ",00:00:27:00,74.1,20m,1081.0,0.38,786.0,455.88,-295.0,-171.1,72.7,3.5,-1043.00,-604.94
05/26/2026 21:02,05/26/2026 21:10,GOLD#,Sell,4486.39000,4491.02000,0.0000,0.0000,-463.0,-268.54,-2.69,"{76469385}                 [sl]",00:00:08:38,50.0,4m,718.0,1.82,255.0,147.89999999999998,-463.0,-268.53999999999996,35.5,0.0,-718.00,-416.44
05/26/2026 02:18,05/26/2026 02:19,GOLD#,Buy,4580.28000,4577.58000,0.0000,0.0000,-270.0,-156.60,-1.54,"{76448797}                 [sl]",00:00:00:53,,,,,,,,,,,,
05/25/2026 02:07,05/25/2026 02:58,GOLD#,Buy,4572.15000,4568.37000,0.0000,0.0000,-378.0,-219.24,-2.11,"{76433116}                 [sl]",00:00:51:38,94.2,48m,1170.0,0.71,685.0,397.29999999999995,-485.0,-281.29999999999995,58.5,9.1,-1063.00,-616.54
05/25/2026 01:31,05/25/2026 01:36,GOLD#,Buy,4559.63000,4556.69000,0.0000,0.0000,-294.0,-170.52,-1.62,"{76432397}                 [sl]",00:00:05:11,20.0,1m,373.0,3.72,79.0,45.82,-294.0,-170.51999999999998,21.2,0.0,-373.00,-216.34
05/21/2026 16:19,05/21/2026 20:15,USDJPY,Buy,159.23700,159.03600,0.0000,0.0000,-20.1,-73.30,-0.69,"{76386912}                     ",00:03:56:14,15.7,37m,34.3,2.69,9.3,33.945,-25.0,-91.25,27.1,14.3,-29.40,-107.31
05/21/2026 03:15,05/21/2026 03:15,GOLD#,Buy,4553.19000,4550.10000,0.0000,0.0000,-309.0,-179.22,-1.66,"{76387201}                     ",00:00:00:07,,,,,,,,,,,,
05/20/2026 04:36,05/20/2026 04:38,GOLD#,Sell,4463.64000,4466.92000,0.0000,0.0000,-328.0,-190.24,-1.73,"{76364064}                 [sl]",00:00:02:49,,,,,,,,,,,,
05/19/2026 16:31,05/19/2026 16:31,GOLD#,Sell,4479.05000,4465.38000,0.0000,0.0000,1367.0,792.86,7.78,"{76352545}                 [tp]",00:00:00:27,,,,,,,,,,,,
05/19/2026 02:13,05/19/2026 02:52,GOLD#,Buy,4584.55000,4581.92000,0.0000,0.0000,-263.0,-152.54,-1.48,"{76334109}                     ",00:00:38:36,64.2,24m,621.0,0.73,358.0,207.64,-263.0,-152.54,57.6,0.0,-621.00,-360.18
05/18/2026 03:44,05/18/2026 03:45,GOLD#,Sell,4482.67000,4485.17000,0.0000,0.0000,-250.0,-145.00,-1.38,"{76311228}                 [sl]",00:00:01:19,,,,,,,,,,,,
05/18/2026 03:33,05/18/2026 03:36,GOLD#,Sell,4500.00000,4503.23000,0.0000,0.0000,-323.0,-187.34,-1.76,"{76311121}                 [sl]",00:00:02:13,,,,,,,,,,,,
05/18/2026 03:33,05/18/2026 03:34,GOLD#,Sell,4510.09000,4493.91000,0.0000,0.0000,1618.0,938.44,9.64,"{76310833}                 [tp]",00:00:00:53,,,,,,,,,,,,
05/14/2026 19:22,05/15/2026 08:07,GBPUSD,Sell,1.34484,1.33581,0.0000,0.0000,90.3,523.74,5.69,"{76256493}                     ",00:12:45:20,100.0,12h 45m,15.4,0.01,90.4,524.32,0.0,0.0,100.0,99.9,-0.10,-0.58
05/14/2026 19:16,05/15/2026 05:01,GBPUSD,Sell,1.34543,1.33643,0.0000,0.0000,90.0,522.00,6.01,"{76256492}                     ",00:09:44:49,99.5,9h 41m,13.2,0.03,90.2,523.16,-3.1,-17.98,96.7,99.8,-0.20,-1.16
05/15/2026 03:25,05/15/2026 03:30,GOLD#,Sell,4638.04000,4623.15000,0.0000,0.0000,1489.0,863.62,11.04,"{76279889}                 [tp]",00:00:05:37,100.0,5m,44.0,0.00,1489.0,863.6199999999999,0.0,0.0,100.0,100.0,0.00,0.00
05/15/2026 03:01,05/15/2026 03:02,GOLD#,Sell,4643.00000,4647.22000,0.0000,0.0000,-422.0,-244.76,-3.03,"{76279503}                 [sl]",00:00:00:02,,,,,,,,,,,,
05/12/2026 09:55,05/14/2026 19:16,GBPUSD,Sell,1.35458,1.34560,0.0000,0.0000,89.8,520.84,6.90,"{76207569}                     ",02:09:20:54,99.0,2d 8h ,47.0,0.05,89.8,520.8399999999999,-4.9,-28.42,94.8,100.0,0.00,0.00
05/14/2026 07:00,05/14/2026 07:00,GOLD#,Sell,4669.22000,4671.72000,0.0000,0.0000,-250.0,-145.00,-1.88,"{76261298}                 [sl]",00:00:00:10,,,,,,,,,,,,
05/13/2026 20:48,05/14/2026 00:27,USDJPY,Buy,157.91400,157.59100,0.0000,0.0000,-32.3,-118.88,-1.52,"{76235101}                     ",00:03:38:23,2.3,5m,33.3,32.36,1.0,3.68,-32.3,-118.86399999999999,3.0,0.0,-33.30,-122.54
05/13/2026 02:08,05/13/2026 02:09,GOLD#,Buy,4722.74000,4719.86000,0.0000,0.0000,-288.0,-167.04,-2.09,"{76235100}                 [sl]",00:00:01:14,,,,,,,,,,,,
05/12/2026 18:22,05/12/2026 18:25,GOLD#,Sell,4647.14000,4650.50000,0.0000,0.0000,-336.0,-194.88,-2.38,"{76230797}                 [sl]",00:00:02:48,,,,,,,,,,,,
05/12/2026 11:05,05/12/2026 12:30,GBPUSD,Sell,1.35126,1.35430,0.0000,0.0000,-30.4,-176.32,-2.11,"{76207570}                     ",00:01:24:55,22.4,19m,40.6,2.98,10.2,59.16,-30.4,-176.32,25.1,0.0,-40.60,-235.48
05/12/2026 03:17,05/12/2026 03:19,GOLD#,Buy,4772.08000,4769.67000,0.0000,0.0000,-241.0,-139.78,-1.65,"{76208712}                 [sl]",00:00:01:54,,,,,,,,,,,,
05/12/2026 02:52,05/12/2026 03:00,GOLD#,Buy,4765.48000,4762.25000,0.0000,0.0000,-323.0,-187.34,-2.16,"{76208422}                 [sl]",00:00:08:11,75.0,6m,557.0,1.54,219.0,127.02,-338.0,-196.04,39.3,2.7,-542.00,-314.36
05/12/2026 01:46,05/12/2026 02:11,GOLD#,Buy,4753.59000,4746.69000,0.0000,0.0000,-690.0,-400.20,-4.41,"{76200578}                     ",00:00:25:29,12.0,3m,741.0,17.09,41.0,23.779999999999998,-700.0,-406.0,5.5,1.3,-731.00,-423.98
05/12/2026 02:08,05/12/2026 02:10,GOLD#,Buy,4754.91000,4752.44000,0.0000,0.0000,-247.0,-143.26,-1.55,"{76208134}                 [sl]",00:00:01:37,,,,,,,,,,,,
05/11/2026 17:55,05/12/2026 00:00,GBPUSD,Buy,1.36354,1.36052,0.0000,0.0000,-30.2,-175.16,-1.86,"{76179576}                     ",00:06:04:04,59.8,3h 37m,46.4,1.86,16.2,93.96,-30.2,-175.16,34.9,0.0,-46.40,-269.12
05/11/2026 18:00,05/11/2026 23:11,GBPUSD,Buy,1.36420,1.36117,0.0000,0.0000,-30.3,-175.74,-1.84,"{76179577}                     ",00:05:10:55,42.2,2h 11m,42.2,3.40,9.6,55.68,-32.6,-189.08,22.7,5.5,-39.90,-231.42
05/11/2026 03:17,05/11/2026 03:17,GOLD#,Sell,4677.12000,4680.30000,0.0000,0.0000,-318.0,-184.44,-1.89,"{76180937}                 [sl]",00:00:00:48,,,,,,,,,,,,
05/11/2026 03:17,05/11/2026 03:17,GOLD#,Sell,4676.64000,4679.51000,0.0000,0.0000,-287.0,-166.46,-1.68,"{76180962}                 [sl]",00:00:00:11,,,,,,,,,,,,
05/07/2026 09:39,05/07/2026 09:49,GOLD#,Buy,4741.08000,4738.16000,0.0000,0.0000,-292.0,-169.36,-1.68,"{76139300}                 [sl]",00:00:09:44,60.0,5m,1123.0,0.40,802.0,465.15999999999997,-321.0,-186.17999999999998,71.4,2.6,-1094.00,-634.52
05/07/2026 09:31,05/07/2026 09:35,GOLD#,Buy,4723.53000,4738.30000,0.0000,0.0000,1477.0,856.66,9.28,"{76135213}                     ",00:00:04:00,100.0,4m,0.0,0.00,1477.0,856.66,0.0,0.0,100.0,100.0,0.00,0.00
05/06/2026 08:56,05/06/2026 08:56,GOLD#,Buy,4660.40000,4657.87000,0.0000,0.0000,-253.0,-146.74,-1.56,"{76113486}                 [sl]",00:00:00:27,,,,,,,,,,,,
05/06/2026 07:49,05/06/2026 07:49,USDJPY,Sell,155.49100,155.70300,0.0000,0.0000,-21.2,-78.97,-0.83,"{76113625}                 [sl]",00:00:00:18,,,,,,,,,,,,
05/06/2026 02:12,05/06/2026 02:14,GOLD#,Buy,4587.87000,4583.97000,0.0000,0.0000,-390.0,-226.20,-2.33,"{76107471}                 [sl]",00:00:01:11,,,,,,,,,,,,
05/04/2026 19:07,05/04/2026 19:08,GOLD#,Sell,4509.44000,4512.27000,0.0000,0.0000,-283.0,-164.14,-1.67,"{76081916}                     ",00:00:00:12,,,,,,,,,,,,
05/04/2026 13:03,05/04/2026 13:06,GOLD#,Sell,4557.34000,4545.21000,0.0000,0.0000,1213.0,703.54,7.69,"{76070841}                 [tp]",00:00:02:57,,,,,,,,,,,,
04/30/2026 17:54,05/01/2026 22:50,GBPUSD,Buy,1.35744,1.35765,0.0000,0.0000,2.1,12.18,0.13,"{76007568}                     ",01:04:55:31,100.0,1d 4h ,71.2,0.01,80.2,465.16,0.0,0.0,100.0,2.6,-78.10,-452.98
04/30/2026 21:43,05/01/2026 22:50,GBPUSD,Buy,1.35980,1.35766,0.0000,0.0000,-21.4,-124.12,-1.34,"{76007569}                     ",01:01:06:59,77.5,19h 27m,71.2,0.26,56.6,328.28,-14.6,-84.67999999999999,79.5,9.6,-78.00,-452.40
05/01/2026 17:12,05/01/2026 17:26,GOLD#,Buy,4647.54000,4644.69000,0.0000,0.0000,-285.0,-165.30,-1.75,"{76050252}                 [sl]",00:00:13:55,78.6,10m,1374.0,0.26,1089.0,631.62,-285.0,-165.29999999999998,79.3,0.0,-1374.00,-796.92
05/01/2026 09:51,05/01/2026 09:52,USDJPY,Sell,155.54900,155.74100,0.0000,0.0000,-19.2,-71.50,-0.75,"{76040437}                 [sl]",00:00:00:52,,,,,,,,,,,,
05/01/2026 09:51,05/01/2026 09:52,USDJPY,Sell,155.55500,155.76100,0.0000,0.0000,-20.6,-76.71,-0.80,"{76040436}                 [sl]",00:00:00:53,,,,,,,,,,,,
04/30/2026 13:50,04/30/2026 14:35,USDJPY,Sell,157.51200,156.31900,0.0000,0.0000,119.3,442.65,4.85,"{76021848}                 [tp]",00:00:45:23,100.0,45m,48.7,0.01,130.0,482.3,0.0,0.0,100.0,91.8,-10.70,-39.70
04/30/2026 14:28,04/30/2026 14:31,USDJPY,Sell,156.41700,156.65600,0.0000,0.0000,-23.9,-88.49,-0.96,"{76022568}                 [sl]",00:00:03:03,,,,,,,,,,,,
04/30/2026 13:51,04/30/2026 13:56,USDJPY,Sell,157.29100,157.48000,0.0000,0.0000,-18.9,-69.61,-0.75,"{76021996}                 [sl]",00:00:05:05,60.0,3m,43.2,0.78,24.3,89.424,-18.9,-69.55199999999999,56.2,0.0,-43.20,-158.98
04/30/2026 13:44,04/30/2026 13:45,USDJPY,Sell,157.59500,157.80300,0.0000,0.0000,-20.8,-76.45,-0.82,"{76021832}                 [sl]",00:00:01:23,,,,,,,,,,,,
04/30/2026 13:27,04/30/2026 13:42,USDJPY,Sell,158.93100,157.76500,0.0000,0.0000,116.6,428.66,4.80,"{76019619}                     ",00:00:15:13,100.0,15m,39.2,0.01,117.6,432.768,0.0,0.0,100.0,99.1,-1.00,-3.68
04/29/2026 14:29,04/30/2026 11:38,USDJPY,Buy,159.84800,159.64700,0.0000,0.0000,-20.1,-73.02,-0.81,"{75970499}                     ",00:21:09:27,96.5,20h 25m,105.7,0.23,85.6,310.72799999999995,-20.1,-72.96300000000001,81.0,0.0,-105.70,-383.69
04/30/2026 10:57,04/30/2026 10:57,USDJPY,Sell,160.02200,160.24100,0.0000,0.0000,-21.9,-79.27,-0.87,"{76007929}                 [sl]",00:00:00:37,,,,,,,,,,,,
04/30/2026 10:57,04/30/2026 10:57,USDJPY,Sell,159.79800,160.07300,0.0000,0.0000,-27.5,-99.64,-1.08,"{76007928}                 [sl]",00:00:00:03,,,,,,,,,,,,
04/29/2026 16:19,04/30/2026 10:57,USDJPY,Buy,160.02200,159.80300,0.0000,0.0000,-21.9,-79.49,-0.86,"{75970500}                     ",00:18:37:08,99.6,18h 32m,90.1,0.32,68.2,247.566,-21.9,-79.49699999999999,75.7,0.0,-90.10,-327.06
04/30/2026 07:03,04/30/2026 10:57,USDJPY,Buy,160.44800,160.20300,0.0000,0.0000,-24.5,-88.70,-0.95,"{76007930}                 [sl]",00:03:53:37,89.4,3h 28m,55.6,1.16,25.7,93.034,-29.9,-108.238,46.2,9.7,-50.20,-181.72
04/29/2026 22:42,04/30/2026 00:00,USDJPY,Buy,160.44700,160.24500,0.0000,0.0000,-20.2,-73.11,-0.78,"{75972261}                     ",00:01:17:29,9.0,6m,21.8,12.63,1.6,5.792000000000001,-20.2,-73.124,7.3,0.0,-21.80,-78.92
04/29/2026 12:50,04/29/2026 12:55,GOLD#,Sell,4554.49000,4557.02000,0.0000,0.0000,-253.0,-146.74,-1.53,"{75983380}                 [sl]",00:00:05:36,40.0,2m,383.0,2.11,123.0,71.33999999999999,-260.0,-150.79999999999998,32.1,1.8,-376.00,-218.08
04/29/2026 12:50,04/29/2026 12:53,GOLD#,Sell,4553.52000,4555.97000,0.0000,0.0000,-245.0,-142.10,-1.46,"{75983492}                 [sl]",00:00:02:40,,,,,,,,,,,,
04/28/2026 12:56,04/28/2026 13:00,GOLD#,Sell,4607.35000,4609.85000,0.0000,0.0000,-250.0,-145.00,-1.47,"{75948568}                 [sl]",00:00:04:13,50.0,2m,537.0,1.38,226.0,131.07999999999998,-311.0,-180.38,42.1,11.4,-476.00,-276.08
04/28/2026 06:30,04/28/2026 09:47,USDJPY,Sell,159.10000,159.30100,0.0000,0.0000,-20.1,-73.18,-0.74,"{75935751}                     ",00:03:16:32,51.3,1h 40m,33.3,1.52,13.2,48.048,-20.1,-73.164,39.6,0.0,-33.30,-121.21
04/28/2026 08:30,04/28/2026 08:30,GOLD#,Sell,4643.64000,4646.04000,0.0000,0.0000,-240.0,-139.20,-1.38,"{75941566}                 [sl]",00:00:00:08,,,,,,,,,,,,
04/28/2026 08:06,04/28/2026 08:23,GOLD#,Sell,4654.55000,4659.78000,0.0000,0.0000,-523.0,-303.34,-2.92,"{75941275}                 [sl]",00:00:17:02,58.9,10m,909.0,1.36,386.0,223.88,-523.0,-303.34,42.5,0.0,-909.00,-527.22
04/28/2026 05:00,04/28/2026 05:03,GOLD#,Sell,4666.89000,4669.44000,0.0000,0.0000,-255.0,-147.90,-1.40,"{75938281}                 [sl]",00:00:03:01,,,,,,,,,,,,
04/24/2026 07:22,04/24/2026 07:39,GOLD#,Sell,4663.28000,4666.17000,0.0000,0.0000,-289.0,-167.62,-1.57,"{75891287}                     ",00:00:17:24,64.8,11m,854.0,0.51,565.0,327.7,-289.0,-167.61999999999998,66.2,0.0,-854.00,-495.32
04/23/2026 20:45,04/23/2026 20:53,USDJPY,Buy,159.84800,159.64000,0.0000,0.0000,-20.8,-75.57,-0.70,"{75854463}                     ",00:00:07:59,0.0,0s,20.8,20.83,0.0,0.0,-20.8,-75.504,0.0,0.0,-20.80,-75.50
04/23/2026 20:46,04/23/2026 20:47,GOLD#,Sell,4667.42000,4670.83000,0.0000,0.0000,-341.0,-197.78,-1.80,"{75884483}                 [sl]",00:00:00:44,,,,,,,,,,,,
04/21/2026 22:42,04/21/2026 23:09,GBPUSD,Sell,1.34745,1.35049,0.0000,0.0000,-30.4,-176.32,-1.58,"{75797405}                     ",00:00:26:55,0.0,0s,30.4,30.49,0.0,0.0,-30.4,-176.32,0.0,0.0,-30.40,-176.32
04/21/2026 20:05,04/21/2026 20:39,USDJPY,Buy,159.51700,159.31100,0.0000,0.0000,-20.6,-75.00,-0.67,"{75797976}                     ",00:00:33:58,61.8,20m,28.9,2.48,8.3,30.212000000000003,-20.6,-74.98400000000001,28.7,0.0,-28.90,-105.20
04/21/2026 17:46,04/21/2026 17:54,GOLD#,Sell,4735.35000,4739.19000,0.0000,0.0000,-384.0,-222.72,-1.95,"{75821019}                 [sl]",00:00:08:07,62.5,5m,1253.0,0.44,869.0,504.02,-384.0,-222.71999999999997,69.4,0.0,-1253.00,-726.74
04/20/2026 02:43,04/20/2026 02:45,GOLD#,Sell,4757.42000,4742.98000,0.0000,0.0000,1444.0,837.52,7.90,"{75770627}                 [tp]",00:00:02:19,,,,,,,,,,,,
04/17/2026 17:16,04/17/2026 18:25,USDJPY,Sell,157.89200,158.09200,0.0000,0.0000,-20.0,-73.37,-0.69,"{75754143}                     ",00:01:09:02,60.9,42m,48.5,0.80,27.0,99.09,-21.5,-78.905,55.7,3.1,-47.00,-172.49
04/17/2026 16:06,04/17/2026 16:47,GBPUSD,Buy,1.35950,1.35635,0.0000,0.0000,-31.5,-182.70,-1.68,"{75737882}                     ",00:00:41:01,9.8,4m,35.8,8.94,3.6,20.88,-32.2,-186.76000000000002,10.1,2.0,-35.10,-203.58
04/17/2026 16:06,04/17/2026 16:27,USDJPY,Sell,158.26700,158.48100,0.0000,0.0000,-21.4,-78.32,-0.72,"{75749233}                     ",00:00:21:13,38.1,8m,34.0,2.18,10.7,39.162,-23.3,-85.278,31.5,5.6,-32.10,-117.49
04/17/2026 16:10,04/17/2026 16:13,GOLD#,Buy,4873.38000,4888.66000,0.0000,0.0000,1528.0,886.24,8.82,"{75755941}                 [tp]",00:00:02:32,,,,,,,,,,,,
04/17/2026 15:48,04/17/2026 15:48,GOLD#,Buy,4838.60000,4835.06000,0.0000,0.0000,-354.0,-205.32,-2.00,"{75753770}                 [sl]",00:00:00:20,,,,,,,,,,,,
04/16/2026 16:51,04/17/2026 15:25,USDJPY,Buy,159.14300,158.94100,0.0000,0.0000,-20.2,-73.71,-0.71,"{75711159}                     ",00:22:33:57,73.9,16h 40m,56.3,0.56,36.1,131.76500000000001,-20.2,-73.72999999999999,64.1,0.0,-56.30,-205.49
04/17/2026 04:12,04/17/2026 04:12,GOLD#,Sell,4771.70000,4776.17000,0.0000,0.0000,-447.0,-259.26,-2.45,"{75739658}                 [sl]",00:00:00:12,,,,,,,,,,,,
04/16/2026 16:55,04/16/2026 16:55,GOLD#,Sell,4786.02000,4788.32000,0.0000,0.0000,-230.0,-133.40,-1.24,"{75729133}                 [sl]",00:00:00:03,,,,,,,,,,,,
04/14/2026 14:41,04/15/2026 13:36,GBPUSD,Buy,1.35741,1.35437,0.0000,0.0000,-30.4,-176.32,-1.62,"{75649684}                     ",00:22:55:18,16.8,3h 51m,44.1,2.22,13.7,79.46,-30.4,-176.32,31.1,0.0,-44.10,-255.78
04/15/2026 04:16,04/15/2026 04:20,GOLD#,Buy,4857.73000,4854.45000,0.0000,0.0000,-328.0,-190.24,-1.72,"{75684397}                 [sl]",00:00:04:37,50.0,2m,1501.0,0.78,841.0,487.78,-660.0,-382.79999999999995,56.0,22.1,-1169.00,-678.02
04/15/2026 04:11,04/15/2026 04:13,GOLD#,Buy,4852.87000,4848.46000,0.0000,0.0000,-441.0,-255.78,-2.25,"{75682471}                 [sl]",00:00:01:06,,,,,,,,,,,,
04/14/2026 16:38,04/14/2026 16:39,GOLD#,Buy,4802.59000,4798.48000,0.0000,0.0000,-411.0,-238.38,-2.06,"{75659570}                     ",00:00:00:32,,,,,,,,,,,,
04/13/2026 19:47,04/14/2026 14:41,GBPUSD,Buy,1.34827,1.35732,0.0000,0.0000,90.5,524.90,4.75,"{75617827}                     ",00:18:53:39,98.3,18h 34m,12.5,0.09,90.5,524.9,-8.5,-49.3,91.4,100.0,0.00,0.00
04/13/2026 19:44,04/14/2026 14:13,GBPUSD,Buy,1.34778,1.35680,0.0000,0.0000,90.2,523.16,4.96,"{75617825}                     ",00:18:28:30,98.7,18h 14m,12.5,0.04,92.6,537.0799999999999,-3.6,-20.88,96.3,97.5,-2.40,-13.92
04/14/2026 10:08,04/14/2026 10:08,GOLD#,Buy,4795.20000,4792.78000,0.0000,0.0000,-242.0,-140.36,-1.31,"{75659290}                 [sl]",00:00:00:06,,,,,,,,,,,,
04/09/2026 03:07,04/09/2026 03:08,GOLD#,Sell,4699.19000,4702.38000,0.0000,0.0000,-319.0,-60.61,-0.56,"{75563540}                 [sl]",00:00:00:32,,,,,,,,,,,,
04/09/2026 03:07,04/09/2026 03:08,GOLD#,Sell,4699.19000,4702.38000,0.0000,0.0000,-319.0,-60.61,-0.56,"{75563540}                 [sl]",00:00:00:32,,,,,,,,,,,,
04/09/2026 03:07,04/09/2026 03:08,GOLD#,Sell,4699.19000,4702.38000,0.0000,0.0000,-319.0,-60.61,-0.56,"{75563540}                 [sl]",00:00:00:32,,,,,,,,,,,,
04/08/2026 15:37,04/08/2026 16:38,GBPUSD,Buy,1.34777,1.34476,0.0000,0.0000,-30.1,-57.19,-0.52,"{75527639}                     ",00:01:00:11,31.2,18m,38.3,5.08,6.3,11.969999999999999,-32.0,-60.8,16.4,5.0,-36.40,-69.16
04/08/2026 15:37,04/08/2026 16:38,GBPUSD,Buy,1.34777,1.34476,0.0000,0.0000,-30.1,-57.19,-0.52,"{75527639}                     ",00:01:00:11,31.2,18m,38.3,5.08,6.3,11.969999999999999,-32.0,-60.8,16.4,5.0,-36.40,-69.16
04/08/2026 15:37,04/08/2026 16:38,GBPUSD,Buy,1.34777,1.34476,0.0000,0.0000,-30.1,-57.19,-0.52,"{75527639}                     ",00:01:00:11,31.2,18m,38.3,5.08,6.3,11.969999999999999,-32.0,-60.8,16.4,5.0,-36.40,-69.16
04/08/2026 15:42,04/08/2026 16:35,USDJPY,Sell,158.02300,158.23200,0.0000,0.0000,-20.9,-25.10,-0.23,"{75529235}                     ",00:00:53:01,54.8,29m,33.9,1.76,12.3,14.76,-21.6,-25.92,36.3,2.1,-33.20,-39.84
04/08/2026 15:42,04/08/2026 16:35,USDJPY,Sell,158.02300,158.23200,0.0000,0.0000,-20.9,-25.10,-0.23,"{75529235}                     ",00:00:53:01,54.8,29m,33.9,1.76,12.3,14.76,-21.6,-25.92,36.3,2.1,-33.20,-39.84
04/08/2026 15:42,04/08/2026 16:35,USDJPY,Sell,158.02300,158.23100,0.0000,0.0000,-20.8,-24.98,-0.22,"{75529235}                     ",00:00:53:00,54.8,29m,33.9,1.76,12.3,14.76,-21.6,-25.92,36.3,2.4,-33.10,-39.72
04/08/2026 15:42,04/08/2026 16:35,GBPUSD,Buy,1.34818,1.34515,0.0000,0.0000,-30.3,-57.57,-0.52,"{75527651}                     ",00:00:52:25,3.8,1m,34.0,14.47,2.2,4.18,-31.8,-60.42,6.5,4.4,-32.50,-61.75
04/08/2026 15:42,04/08/2026 16:35,GBPUSD,Buy,1.34818,1.34515,0.0000,0.0000,-30.3,-57.57,-0.51,"{75527651}                     ",00:00:52:25,3.8,1m,34.0,14.47,2.2,4.18,-31.8,-60.42,6.5,4.4,-32.50,-61.75
04/08/2026 15:42,04/08/2026 16:35,GBPUSD,Buy,1.34818,1.34515,0.0000,0.0000,-30.3,-57.57,-0.51,"{75527651}                     ",00:00:52:25,3.8,1m,34.0,14.47,2.2,4.18,-31.8,-60.42,6.5,4.4,-32.50,-61.75
04/08/2026 08:50,04/08/2026 11:43,USDJPY,Sell,158.27200,158.47600,0.0000,0.0000,-20.4,-24.46,-0.22,"{75528987}                     ",00:02:52:32,68.8,1h 58m,42.1,0.94,21.7,26.04,-20.4,-24.479999999999997,51.5,0.0,-42.10,-50.52
04/08/2026 08:50,04/08/2026 11:43,USDJPY,Sell,158.27200,158.47600,0.0000,0.0000,-20.4,-24.46,-0.22,"{75528987}                     ",00:02:52:32,68.8,1h 58m,42.1,0.94,21.7,26.04,-20.4,-24.479999999999997,51.5,0.0,-42.10,-50.52
04/08/2026 08:50,04/08/2026 11:43,USDJPY,Sell,158.27200,158.47600,0.0000,0.0000,-20.4,-24.46,-0.22,"{75528987}                     ",00:02:52:32,68.8,1h 58m,42.1,0.94,21.7,26.04,-20.4,-24.479999999999997,51.5,0.0,-42.10,-50.52
04/08/2026 01:54,04/08/2026 01:54,GOLD#,Buy,4801.71000,4796.66000,0.0000,0.0000,-505.0,-95.95,-0.84,"{75528647}                 [sl]",00:00:00:01,,,,,,,,,,,,
04/08/2026 01:54,04/08/2026 01:54,GOLD#,Buy,4801.71000,4796.66000,0.0000,0.0000,-505.0,-95.95,-0.83,"{75528647}                 [sl]",00:00:00:01,,,,,,,,,,,,
04/08/2026 01:54,04/08/2026 01:54,GOLD#,Buy,4801.71000,4796.66000,0.0000,0.0000,-505.0,-95.95,-0.82,"{75528647}                 [sl]",00:00:00:01,,,,,,,,,,,,
04/08/2026 01:32,04/08/2026 01:32,USDJPY,Sell,159.31600,159.54200,0.0000,0.0000,-22.6,-26.91,-0.23,"{75491504}                     ",00:00:00:16,,,,,,,,,,,,
04/08/2026 01:32,04/08/2026 01:32,USDJPY,Sell,159.31600,159.54200,0.0000,0.0000,-22.6,-26.91,-0.23,"{75491504}                     ",00:00:00:16,,,,,,,,,,,,
04/08/2026 01:32,04/08/2026 01:32,USDJPY,Sell,159.31600,159.54200,0.0000,0.0000,-22.6,-26.91,-0.23,"{75491504}                     ",00:00:00:16,,,,,,,,,,,,
04/07/2026 22:45,04/07/2026 22:49,GOLD#,Buy,4708.64000,4704.94000,0.0000,0.0000,-370.0,-70.30,-0.60,"{75525476}                 [sl]",00:00:03:47,,,,,,,,,,,,
04/07/2026 22:45,04/07/2026 22:49,GOLD#,Buy,4708.64000,4704.94000,0.0000,0.0000,-370.0,-70.30,-0.59,"{75525476}                 [sl]",00:00:03:47,,,,,,,,,,,,
04/07/2026 22:45,04/07/2026 22:49,GOLD#,Buy,4708.64000,4704.94000,0.0000,0.0000,-370.0,-70.30,-0.59,"{75525476}                 [sl]",00:00:03:47,,,,,,,,,,,,
03/31/2026 16:08,04/02/2026 10:08,USDJPY,Sell,159.33100,159.54100,0.0000,0.0000,-21.0,-25.01,-0.21,"{75319535}                     ",01:17:59:19,89.1,1d 13h ,123.2,0.21,102.2,121.618,-21.0,-24.99,83.0,0.0,-123.20,-146.61
03/31/2026 16:08,04/02/2026 10:08,USDJPY,Sell,159.33100,159.54100,0.0000,0.0000,-21.0,-25.01,-0.21,"{75319535}                     ",01:17:59:19,89.1,1d 13h ,123.2,0.21,102.2,121.618,-21.0,-24.99,83.0,0.0,-123.20,-146.61
03/31/2026 16:08,04/02/2026 10:08,USDJPY,Sell,159.33100,159.54100,0.0000,0.0000,-21.0,-25.01,-0.21,"{75319535}                     ",01:17:59:19,89.1,1d 13h ,123.2,0.21,102.2,121.618,-21.0,-24.99,83.0,0.0,-123.20,-146.61
04/02/2026 02:15,04/02/2026 02:15,GOLD#,Buy,4792.95000,4790.59000,0.0000,0.0000,-236.0,-44.84,-0.37,"{75400702}                 [sl]",00:00:00:11,,,,,,,,,,,,
04/02/2026 02:15,04/02/2026 02:15,GOLD#,Buy,4792.95000,4790.59000,0.0000,0.0000,-236.0,-44.84,-0.37,"{75400702}                 [sl]",00:00:00:11,,,,,,,,,,,,
04/02/2026 02:15,04/02/2026 02:15,GOLD#,Buy,4792.95000,4790.59000,0.0000,0.0000,-236.0,-44.84,-0.37,"{75400702}                 [sl]",00:00:00:11,,,,,,,,,,,,
04/01/2026 10:33,04/01/2026 10:34,GOLD#,Buy,4735.64000,4733.20000,0.0000,0.0000,-244.0,-46.36,-0.38,"{75375038}                 [sl]",00:00:00:28,,,,,,,,,,,,
04/01/2026 10:33,04/01/2026 10:34,GOLD#,Buy,4735.64000,4733.20000,0.0000,0.0000,-244.0,-46.36,-0.38,"{75375038}                 [sl]",00:00:00:28,,,,,,,,,,,,
04/01/2026 10:33,04/01/2026 10:34,GOLD#,Buy,4735.64000,4733.20000,0.0000,0.0000,-244.0,-46.36,-0.38,"{75375038}                 [sl]",00:00:00:28,,,,,,,,,,,,
04/01/2026 02:55,04/01/2026 03:00,GOLD#,Buy,4696.35000,4694.21000,0.0000,0.0000,-214.0,-40.66,-0.33,"{75363471}                 [sl]",00:00:04:52,60.0,2m,504.0,0.74,290.0,55.1,-214.0,-40.660000000000004,57.5,0.0,-504.00,-95.76
04/01/2026 02:55,04/01/2026 03:00,GOLD#,Buy,4696.35000,4694.21000,0.0000,0.0000,-214.0,-40.66,-0.33,"{75363471}                 [sl]",00:00:04:52,60.0,2m,504.0,0.74,290.0,55.1,-214.0,-40.660000000000004,57.5,0.0,-504.00,-95.76
04/01/2026 02:55,04/01/2026 03:00,GOLD#,Buy,4696.35000,4694.21000,0.0000,0.0000,-214.0,-40.66,-0.33,"{75363471}                 [sl]",00:00:04:52,60.0,2m,504.0,0.74,290.0,55.1,-214.0,-40.660000000000004,57.5,0.0,-504.00,-95.76
03/30/2026 03:41,03/31/2026 22:54,USDJPY,Sell,159.90600,158.70700,0.0000,0.0000,119.9,143.54,1.17,"{75278341}                     ",01:19:13:16,97.2,1d 18h ,58.0,0.06,120.4,144.48,-7.6,-9.12,94.1,99.6,-0.50,-0.60
03/30/2026 03:41,03/31/2026 22:54,USDJPY,Sell,159.90600,158.70700,0.0000,0.0000,119.9,143.54,1.18,"{75278341}                     ",01:19:13:16,97.2,1d 18h ,58.0,0.06,120.4,144.48,-7.6,-9.12,94.1,99.6,-0.50,-0.60
03/30/2026 03:41,03/31/2026 22:54,USDJPY,Sell,159.90600,158.70700,0.0000,0.0000,119.9,143.54,1.20,"{75278341}                     ",01:19:13:16,97.2,1d 18h ,58.0,0.06,120.4,144.48,-7.6,-9.12,94.1,99.6,-0.50,-0.60
03/31/2026 04:41,03/31/2026 04:42,GOLD#,Buy,4610.27000,4599.90000,0.0000,0.0000,-1037.0,-197.03,-1.62,"{75324829}                 [sl]",00:00:01:19,,,,,,,,,,,,
03/31/2026 04:41,03/31/2026 04:42,GOLD#,Buy,4610.27000,4599.90000,0.0000,0.0000,-1037.0,-197.03,-1.59,"{75324829}                 [sl]",00:00:01:19,,,,,,,,,,,,
03/31/2026 04:41,03/31/2026 04:42,GOLD#,Buy,4610.27000,4599.90000,0.0000,0.0000,-1037.0,-197.03,-1.57,"{75324829}                 [sl]",00:00:01:19,,,,,,,,,,,,
03/31/2026 04:24,03/31/2026 04:27,GOLD#,Buy,4580.89000,4577.93000,0.0000,0.0000,-296.0,-56.24,-0.45,"{75323696}                 [sl]",00:00:02:29,,,,,,,,,,,,
03/31/2026 04:24,03/31/2026 04:27,GOLD#,Buy,4580.89000,4577.93000,0.0000,0.0000,-296.0,-56.24,-0.44,"{75323696}                 [sl]",00:00:02:29,,,,,,,,,,,,
03/31/2026 04:24,03/31/2026 04:27,GOLD#,Buy,4580.89000,4577.93000,0.0000,0.0000,-296.0,-56.24,-0.44,"{75323696}                 [sl]",00:00:02:29,,,,,,,,,,,,
03/30/2026 17:05,03/31/2026 04:21,GBPUSD,Sell,1.31798,1.32108,0.0000,0.0000,-31.0,-58.90,-0.46,"{75277252}                     ",00:11:16:09,26.8,3h 1m,50.1,1.62,19.1,36.29,-31.0,-58.9,38.1,0.0,-50.10,-95.19
03/30/2026 17:05,03/31/2026 04:21,GBPUSD,Sell,1.31798,1.32108,0.0000,0.0000,-31.0,-58.90,-0.46,"{75277252}                     ",00:11:16:09,26.8,3h 1m,50.1,1.62,19.1,36.29,-31.0,-58.9,38.1,0.0,-50.10,-95.19
03/30/2026 17:05,03/31/2026 04:21,GBPUSD,Sell,1.31798,1.32108,0.0000,0.0000,-31.0,-58.90,-0.46,"{75277252}                     ",00:11:16:09,26.8,3h 1m,50.1,1.62,19.1,36.29,-31.0,-58.9,38.1,0.0,-50.10,-95.19
03/31/2026 02:10,03/31/2026 02:10,GOLD#,Sell,4492.70000,4495.34000,0.0000,0.0000,-264.0,-50.16,-0.39,"{75319637}                 [sl]",00:00:00:05,,,,,,,,,,,,
03/31/2026 02:10,03/31/2026 02:10,GOLD#,Sell,4492.70000,4495.34000,0.0000,0.0000,-264.0,-50.16,-0.39,"{75319637}                 [sl]",00:00:00:05,,,,,,,,,,,,
03/31/2026 02:10,03/31/2026 02:10,GOLD#,Sell,4492.70000,4495.34000,0.0000,0.0000,-264.0,-50.16,-0.38,"{75319637}                 [sl]",00:00:00:05,,,,,,,,,,,,
03/30/2026 14:44,03/30/2026 14:45,GOLD#,Buy,4558.71000,4570.76000,0.0000,0.0000,1205.0,228.95,1.78,"{75292549}                     ",00:00:00:26,,,,,,,,,,,,
03/30/2026 14:44,03/30/2026 14:45,GOLD#,Buy,4558.71000,4570.76000,0.0000,0.0000,1205.0,228.95,1.82,"{75292549}                     ",00:00:00:26,,,,,,,,,,,,
03/30/2026 14:44,03/30/2026 14:45,GOLD#,Buy,4558.71000,4570.76000,0.0000,0.0000,1205.0,228.95,1.85,"{75292549}                     ",00:00:00:26,,,,,,,,,,,,
03/27/2026 09:26,03/27/2026 22:50,USDJPY,Buy,159.88700,160.24000,0.0000,0.0000,35.3,41.86,0.34,"{75237162}                     ",00:13:23:56,61.3,8h 12m,21.6,0.27,49.5,58.904999999999994,-13.4,-15.946,78.7,77.4,-14.20,-16.90
03/27/2026 09:26,03/27/2026 22:50,USDJPY,Buy,159.88700,160.24000,0.0000,0.0000,35.3,41.86,0.34,"{75237162}                     ",00:13:23:56,61.3,8h 12m,21.6,0.27,49.5,58.904999999999994,-13.4,-15.946,78.7,77.4,-14.20,-16.90
03/27/2026 09:26,03/27/2026 22:50,USDJPY,Buy,159.88700,160.24000,0.0000,0.0000,35.3,41.86,0.34,"{75237162}                     ",00:13:23:56,61.3,8h 12m,21.6,0.27,49.5,58.904999999999994,-13.4,-15.946,78.7,77.4,-14.20,-16.90
03/26/2026 07:30,03/26/2026 07:30,GOLD#,Sell,4485.52000,4489.56000,0.0000,0.0000,-404.0,-76.76,-0.62,"{75198555}                 [sl]",00:00:00:16,,,,,,,,,,,,
03/26/2026 07:30,03/26/2026 07:30,GOLD#,Sell,4485.52000,4489.56000,0.0000,0.0000,-404.0,-76.76,-0.62,"{75198555}                 [sl]",00:00:00:16,,,,,,,,,,,,
03/26/2026 07:30,03/26/2026 07:30,GOLD#,Sell,4485.38000,4489.56000,0.0000,0.0000,-418.0,-79.42,-0.64,"{75198555}                 [sl]",00:00:00:16,,,,,,,,,,,,
03/25/2026 10:01,03/25/2026 10:10,USDJPY,Buy,159.17500,158.97000,0.0000,0.0000,-20.5,-74.79,-0.60,"{75148176}                     ",00:00:09:36,0.0,0s,20.9,20.92,0.0,0.0,-20.9,-76.285,0.0,1.9,-20.50,-74.83
03/25/2026 02:00,03/25/2026 02:00,GOLD#,Buy,4552.49000,4548.81000,0.0000,0.0000,-368.0,-213.44,-1.67,"{75148173}                 [sl]",00:00:00:17,,,,,,,,,,,,
03/25/2026 01:36,03/25/2026 01:37,GOLD#,Buy,4513.13000,4527.54000,0.0000,0.0000,1441.0,835.78,7.00,"{75147045}                 [tp]",00:00:00:51,,,,,,,,,,,,
03/23/2026 16:29,03/23/2026 17:19,GBPUSD,Buy,1.34655,1.34356,0.0000,0.0000,-29.9,-173.42,-1.43,"{75044887}                     ",00:00:50:32,18.0,9m,43.3,2.23,13.4,77.72,-29.9,-173.42,30.9,0.0,-43.30,-251.14
03/23/2026 02:54,03/23/2026 13:05,USDJPY,Buy,159.45300,159.28000,0.0000,0.0000,-17.3,-63.00,-0.52,"{75046913}                     ",00:10:10:52,65.2,6h 38m,76.1,2.99,19.1,69.524,-57.0,-207.48000000000002,25.1,52.2,-36.40,-132.50
03/23/2026 08:07,03/23/2026 08:07,GOLD#,Sell,4274.00000,4277.59000,0.0000,0.0000,-359.0,-208.22,-1.68,"{75064741}                     ",00:00:00:23,,,,,,,,,,,,
03/23/2026 07:52,03/23/2026 07:55,GOLD#,Sell,4309.91000,4312.68000,0.0000,0.0000,-277.0,-160.66,-1.28,"{75063603}                 [sl]",00:00:03:38,,,,,,,,,,,,
03/23/2026 02:34,03/23/2026 02:35,GOLD#,Sell,4402.74000,4387.98000,0.0000,0.0000,1476.0,856.08,7.33,"{75047906}                 [tp]",00:00:00:34,,,,,,,,,,,,
03/23/2026 02:03,03/23/2026 02:05,GOLD#,Sell,4447.42000,4432.94000,0.0000,0.0000,1448.0,839.84,7.75,"{75047012}                 [tp]",00:00:02:09,,,,,,,,,,,,
03/19/2026 15:48,03/20/2026 11:51,USDJPY,Sell,158.53800,158.78100,0.0000,0.0000,-24.3,-88.76,-0.81,"{74930553}                     ",00:20:03:18,95.9,19h 13m,124.5,0.28,97.1,354.41499999999996,-27.4,-100.00999999999999,78.0,2.5,-121.40,-443.11
03/19/2026 16:02,03/19/2026 16:26,GBPUSD,Buy,1.33733,1.33431,0.0000,0.0000,-30.2,-175.16,-1.58,"{74913598}                     ",00:00:23:54,0.0,0s,31.8,31.85,0.0,0.0,-31.8,-184.44,0.0,5.0,-30.20,-175.16
03/19/2026 09:07,03/19/2026 15:53,USDJPY,Sell,159.50100,158.30100,0.0000,0.0000,120.0,439.67,4.12,"{74914585}                     ",00:06:45:31,99.6,6h 43m,33.6,0.01,123.3,451.278,-1.2,-4.392,99.0,97.3,-3.30,-12.08
03/19/2026 02:05,03/19/2026 15:48,USDJPY,Sell,159.74600,158.55000,0.0000,0.0000,119.6,437.51,4.28,"{74914586}                     ",00:13:42:50,92.7,12h 42m,28.0,0.05,125.5,459.33000000000004,-6.1,-22.326,95.4,95.5,-5.90,-21.59
03/19/2026 13:50,03/19/2026 13:51,GOLD#,Sell,4654.98000,4657.67000,0.0000,0.0000,-269.0,-156.02,-1.50,"{74947944}                 [sl]",00:00:00:09,,,,,,,,,,,,
03/18/2026 20:59,03/19/2026 09:07,USDJPY,Buy,159.73000,159.51800,0.0000,0.0000,-21.2,-77.08,-0.74,"{74863339}                     ",00:12:07:31,50.2,6h 5m,42.6,1.54,16.8,61.15200000000001,-25.8,-93.912,39.4,10.8,-38.00,-138.32
03/19/2026 08:35,03/19/2026 08:36,GOLD#,Sell,4802.91000,4806.63000,0.0000,0.0000,-372.0,-215.76,-2.02,"{74925893}                 [sl]",00:00:01:10,,,,,,,,,,,,
03/16/2026 02:00,03/18/2026 20:49,USDJPY,Sell,159.45600,159.65800,0.0000,0.0000,-20.2,-73.38,-0.68,"{74785061}                     ",02:18:48:46,88.7,2d 11h ,107.3,0.23,87.1,316.17299999999994,-20.2,-73.326,81.2,0.0,-107.30,-389.50
03/18/2026 15:00,03/18/2026 20:00,USDJPY,Buy,159.48100,159.28000,0.0000,0.0000,-20.1,-73.19,-0.68,"{74862799}                     ",00:04:59:27,50.4,2h 30m,29.3,2.18,9.2,33.488,-20.1,-73.164,31.4,0.0,-29.30,-106.65
03/18/2026 15:16,03/18/2026 15:16,GOLD#,Sell,4841.54000,4844.24000,0.0000,0.0000,-270.0,-156.60,-1.43,"{74896201}                 [sl]",00:00:00:20,,,,,,,,,,,,
03/18/2026 12:35,03/18/2026 12:38,GOLD#,Sell,4971.89000,4975.81000,0.0000,0.0000,-392.0,-227.36,-2.03,"{74878395}                     ",00:00:03:23,,,,,,,,,,,,
03/18/2026 12:35,03/18/2026 12:36,GOLD#,Sell,4960.85000,4970.67000,0.0000,0.0000,-982.0,-569.56,-4.84,"{74880865}                 [sl]",00:00:00:45,,,,,,,,,,,,
03/17/2026 15:23,03/17/2026 17:21,USDJPY,Sell,158.85300,159.05600,0.0000,0.0000,-20.3,-74.02,-0.62,"{74826407}                     ",00:01:57:57,15.3,18m,34.0,1.76,12.3,44.895,-21.7,-79.205,36.2,4.1,-32.60,-118.99
03/17/2026 06:44,03/17/2026 07:04,GOLD#,Buy,5038.33000,5035.50000,0.0000,0.0000,-283.0,-164.14,-1.37,"{74831278}                 [sl]",00:00:19:26,45.0,8m,432.0,1.94,147.0,85.25999999999999,-285.0,-165.29999999999998,34.0,0.5,-430.00,-249.40
03/13/2026 09:47,03/16/2026 16:02,GBPUSD,Sell,1.32827,1.33133,0.0000,0.0000,-30.6,-177.48,-1.46,"{74735504}                     ",03:06:14:56,97.6,3d 4h ,91.3,0.50,60.7,352.06,-30.6,-177.48,66.5,0.0,-91.30,-529.54
03/13/2026 16:55,03/13/2026 16:56,GOLD#,Sell,5053.34000,5040.58000,0.0000,0.0000,1276.0,740.08,6.46,"{74753492}                     ",00:00:01:14,,,,,,,,,,,,
03/13/2026 12:46,03/13/2026 14:46,GBPUSD,Sell,1.32535,1.32836,0.0000,0.0000,-30.1,-174.58,-1.50,"{74735506}                     ",00:01:59:52,13.4,16m,38.2,3.72,8.1,46.98,-30.1,-174.58,21.2,0.0,-38.20,-221.56
03/13/2026 06:27,03/13/2026 14:45,USDJPY,Buy,159.44200,159.23800,0.0000,0.0000,-20.4,-74.30,-0.63,"{74736266}                     ",00:08:18:04,26.8,2h 13m,38.9,1.21,17.6,64.06400000000001,-21.3,-77.53200000000001,45.2,2.3,-38.00,-138.32
03/12/2026 23:00,03/12/2026 23:15,USDJPY,Buy,159.45800,159.12500,0.0000,0.0000,-33.3,-121.38,-1.03,"{74694576}                     ",00:00:14:50,0.0,0s,33.3,33.33,0.0,0.0,-33.3,-121.54499999999999,0.0,0.0,-33.30,-121.54
03/11/2026 19:19,03/12/2026 10:13,USDJPY,Buy,158.90200,158.68600,0.0000,0.0000,-21.6,-78.95,-0.66,"{74652967}                     ",00:14:53:41,78.6,11h 42m,55.7,0.71,32.5,118.95,-23.2,-84.912,58.3,2.9,-54.10,-198.01
03/12/2026 02:00,03/12/2026 02:02,GOLD#,Sell,5129.43000,5133.18000,0.0000,0.0000,-375.0,-217.50,-1.79,"{74694572}                 [sl]",00:00:01:58,,,,,,,,,,,,
03/09/2026 18:47,03/12/2026 01:39,GBPUSD,Buy,1.34082,1.33782,0.0000,0.0000,-30.0,-174.00,-1.42,"{74558123}                     ",02:06:51:48,87.9,2d ,100.5,0.43,70.5,408.9,-30.0,-174.0,70.1,0.0,-100.50,-582.90
03/10/2026 15:18,03/10/2026 15:22,GOLD#,Buy,5206.86000,5220.36000,0.0000,0.0000,1350.0,783.00,6.80,"{74636209}                 [tp]",00:00:04:06,100.0,4m,0.0,0.00,1350.0,783.0,0.0,0.0,100.0,100.0,0.00,0.00
03/10/2026 15:01,03/10/2026 15:01,GOLD#,Buy,5199.33000,5195.98000,0.0000,0.0000,-335.0,-194.30,-1.66,"{74627207}                     ",00:00:00:02,,,,,,,,,,,,
03/10/2026 09:27,03/10/2026 10:44,USDJPY,Sell,157.36200,157.57100,0.0000,0.0000,-20.9,-76.93,-0.65,"{74610768}                     ",00:01:16:57,35.1,27m,28.9,2.61,8.0,29.44,-20.9,-76.91199999999999,27.7,0.0,-28.90,-106.35
03/10/2026 02:40,03/10/2026 04:57,USDJPY,Sell,157.61500,157.81500,0.0000,0.0000,-20.0,-73.50,-0.62,"{74610767}                 [sl]",00:02:17:31,19.0,26m,26.0,3.33,6.0,22.080000000000002,-20.0,-73.60000000000001,23.1,0.0,-26.00,-95.68
03/10/2026 03:20,03/10/2026 03:31,GOLD#,Buy,5156.55000,5153.31000,0.0000,0.0000,-324.0,-187.92,-1.56,"{74612255}                 [sl]",00:00:10:51,72.8,7m,1119.0,0.44,777.0,450.65999999999997,-342.0,-198.35999999999999,69.4,1.6,-1101.00,-638.58
03/09/2026 05:32,03/09/2026 06:33,USDJPY,Buy,158.87900,158.67400,0.0000,0.0000,-20.5,-74.93,-0.62,"{74560915}                 [sl]",00:01:00:50,11.5,6m,22.0,13.68,1.5,5.49,-20.5,-75.03,6.8,0.0,-22.00,-80.52
03/09/2026 02:11,03/09/2026 02:11,GOLD#,Sell,5043.27000,5047.66000,0.0000,0.0000,-439.0,-254.62,-2.06,"{74561393}                 [sl]",00:00:00:10,,,,,,,,,,,,
03/09/2026 01:43,03/09/2026 01:43,GOLD#,Buy,5051.83000,5047.61000,0.0000,0.0000,-422.0,-244.76,-1.94,"{74559876}                 [sl]",00:00:00:06,,,,,,,,,,,,
03/06/2026 13:38,03/06/2026 15:30,USDJPY,Buy,157.95600,157.74700,0.0000,0.0000,-20.9,-76.84,-0.61,"{74508702}                     ",00:01:51:18,31.9,35m,30.6,2.15,9.7,35.696,-20.9,-76.91199999999999,31.7,0.0,-30.60,-112.61
03/06/2026 07:48,03/06/2026 09:23,USDJPY,Buy,157.83500,157.62700,0.0000,0.0000,-20.8,-76.54,-0.60,"{74508701}                     ",00:01:34:58,34.8,33m,26.8,3.47,6.0,22.080000000000002,-20.8,-76.54400000000001,22.4,0.0,-26.80,-98.62
03/05/2026 15:22,03/05/2026 15:23,GOLD#,Sell,5105.24000,5094.76000,0.0000,0.0000,1048.0,607.84,5.00,"{74485201}                 [tp]",00:00:00:59,,,,,,,,,,,,
03/03/2026 10:13,03/03/2026 20:27,GBPUSD,Sell,1.33144,1.33446,0.0000,0.0000,-30.2,-175.16,-1.42,"{74331087}                     ",00:10:14:18,74.8,7h 39m,88.2,0.52,58.0,336.4,-30.2,-175.16,65.8,0.0,-88.20,-511.56
03/03/2026 10:18,03/03/2026 20:24,GBPUSD,Sell,1.33119,1.33425,0.0000,0.0000,-30.6,-177.48,-1.42,"{74331088}                     ",00:10:06:18,68.6,6h 55m,86.1,0.55,55.5,321.9,-30.6,-177.48,64.5,0.0,-86.10,-499.38
03/03/2026 11:30,03/03/2026 14:20,USDJPY,Buy,157.73700,157.53700,0.0000,0.0000,-20.0,-73.63,-0.58,"{74332083}                     ",00:02:49:19,55.9,1h 34m,42.6,0.89,22.6,83.168,-20.0,-73.60000000000001,53.1,0.0,-42.60,-156.77
03/03/2026 11:34,03/03/2026 14:20,GBPUSD,Sell,1.32878,1.33182,0.0000,0.0000,-30.4,-176.32,-1.38,"{74331089}                     ",00:02:45:25,32.4,53m,53.9,1.40,22.5,130.5,-31.4,-182.11999999999998,41.7,1.9,-52.90,-306.82
03/03/2026 13:31,03/03/2026 13:31,GOLD#,Sell,5090.40000,5098.49000,0.0000,0.0000,-809.0,-469.22,-3.55,"{74374243}                 [sl]",00:00:00:07,,,,,,,,,,,,
03/03/2026 13:29,03/03/2026 13:29,GOLD#,Sell,5126.02000,5114.96000,0.0000,0.0000,1106.0,641.48,5.09,"{74373566}                 [tp]",00:00:00:08,,,,,,,,,,,,
03/03/2026 11:25,03/03/2026 11:26,GOLD#,Sell,5258.32000,5245.62000,0.0000,0.0000,1270.0,736.60,6.21,"{74362491}                 [tp]",00:00:01:05,,,,,,,,,,,,
03/02/2026 17:13,03/02/2026 18:41,USDJPY,Buy,157.64000,157.44200,0.0000,0.0000,-19.8,-72.94,-0.61,"{74283870}                     ",00:01:27:46,80.7,1h 10m,30.9,1.89,10.7,39.376,-20.2,-74.336,34.6,1.3,-30.50,-112.24
03/02/2026 10:19,03/02/2026 11:17,GBPUSD,Sell,1.33413,1.33719,0.0000,0.0000,-30.6,-177.48,-1.47,"{74256909}                     ",00:00:57:56,43.2,25m,57.0,1.33,24.5,142.1,-32.5,-188.5,43.0,3.3,-55.10,-319.58
03/02/2026 09:07,03/02/2026 09:08,GOLD#,Buy,5394.62000,5390.50000,0.0000,0.0000,-412.0,-238.96,-1.94,"{74262487}                     ",00:00:00:38,,,,,,,,,,,,
02/27/2026 18:11,02/27/2026 18:20,GOLD#,Buy,5250.86000,5246.98000,0.0000,0.0000,-388.0,-225.04,-1.79,"{74243750}                     ",00:00:08:58,66.7,5m,1171.0,0.89,619.0,359.02,-552.0,-320.15999999999997,52.9,14.0,-1007.00,-584.06
02/27/2026 15:15,02/27/2026 15:18,GOLD#,Buy,5218.15000,5214.99000,0.0000,0.0000,-316.0,-183.28,-1.44,"{74231131}                 [sl]",00:00:02:48,,,,,,,,,,,,
02/27/2026 15:07,02/27/2026 15:15,GOLD#,Buy,5202.11000,5216.76000,0.0000,0.0000,1465.0,849.70,7.14,"{74204722}                     ",00:00:08:00,100.0,8m,195.0,0.00,1660.0,962.8,0.0,0.0,100.0,88.3,-195.00,-113.10
02/26/2026 19:30,02/27/2026 06:38,GBPUSD,Sell,1.34700,1.35004,0.0000,0.0000,-30.4,-176.32,-1.46,"{74139579}                     ",00:11:08:05,13.4,1h 29m,54.3,1.27,23.9,138.61999999999998,-30.4,-176.32,44.0,0.0,-54.30,-314.94
02/26/2026 16:30,02/26/2026 16:31,GOLD#,Sell,5144.24000,5148.94000,0.0000,0.0000,-470.0,-272.60,-2.21,"{74184266}                 [sl]",00:00:00:36,,,,,,,,,,,,
02/25/2026 10:55,02/26/2026 02:19,USDJPY,Buy,156.26500,156.06400,0.0000,0.0000,-20.1,-74.70,-0.60,"{74081868}                     ",00:15:23:59,91.9,14h 9m,75.0,0.37,54.9,204.228,-20.1,-74.772,73.2,0.0,-75.00,-279.00
02/24/2026 09:12,02/25/2026 04:34,USDJPY,Buy,155.62800,155.42100,0.0000,0.0000,-20.7,-77.25,-0.62,"{74016228}                     ",00:19:22:41,98.3,19h 2m,78.6,0.36,57.9,215.96699999999998,-20.7,-77.211,73.7,0.0,-78.60,-293.18
02/23/2026 04:41,02/23/2026 04:50,GOLD#,Buy,5172.18000,5169.31000,0.0000,0.0000,-287.0,-166.46,-1.31,"{73959861}                     ",00:00:08:35,66.7,5m,938.0,1.81,334.0,193.72,-604.0,-350.32,35.6,33.8,-621.00,-360.18
02/18/2026 22:26,02/23/2026 01:54,GBPUSD,Sell,1.34960,1.35266,0.0000,0.0000,-30.6,-177.48,-1.38,"{73816423}                     ",04:03:27:48,90.6,3d 18h ,90.5,0.51,59.9,347.41999999999996,-30.6,-177.48,66.2,0.0,-90.50,-524.90
02/20/2026 16:34,02/20/2026 16:34,GOLD#,Buy,5052.54000,5049.25000,0.0000,0.0000,-329.0,-190.82,-1.46,"{73935634}                 [sl]",00:00:00:14,,,,,,,,,,,,
02/20/2026 08:23,02/20/2026 09:01,GOLD#,Buy,5022.69000,5019.58000,0.0000,0.0000,-311.0,-180.38,-1.36,"{73911368}                     ",00:00:38:00,79.0,30m,1039.0,0.43,728.0,422.23999999999995,-311.0,-180.38,70.1,0.0,-1039.00,-602.62
02/19/2026 08:41,02/19/2026 08:44,GOLD#,Buy,5011.01000,5008.43000,0.0000,0.0000,-258.0,-149.64,-1.12,"{73875711}                 [sl]",00:00:02:43,,,,,,,,,,,,
02/18/2026 15:56,02/19/2026 05:33,USDJPY,Buy,153.90700,155.12900,0.0000,0.0000,122.2,456.88,3.54,"{73818503}                     ",00:13:36:50,100.0,13h 36m,24.2,0.01,126.3,472.362,0.0,0.0,100.0,96.8,-4.10,-15.33
02/17/2026 17:28,02/17/2026 18:53,GBPUSD,Sell,1.35087,1.35396,0.0000,0.0000,-30.9,-179.22,-1.37,"{73749079}                     ",00:01:25:37,42.4,36m,42.0,2.78,11.1,64.38,-30.9,-179.22,26.4,0.0,-42.00,-243.60
02/17/2026 07:31,02/17/2026 07:31,GOLD#,Sell,4876.40000,4882.91000,0.0000,0.0000,-651.0,-377.58,-2.80,"{73767106}                 [sl]",00:00:00:03,,,,,,,,,,,,
02/12/2026 18:13,02/12/2026 18:14,GOLD#,Sell,4998.19000,4982.86000,0.0000,0.0000,1533.0,766.50,6.03,"{73608919}                 [tp]",00:00:00:51,,,,,,,,,,,,
02/12/2026 18:11,02/12/2026 18:12,GOLD#,Sell,5017.69000,5004.59000,0.0000,0.0000,1310.0,655.00,5.44,"{73608311}                 [tp]",00:00:01:14,,,,,,,,,,,,
02/12/2026 04:59,02/12/2026 06:44,USDJPY,Sell,152.55400,152.75500,0.0000,0.0000,-20.1,-65.79,-0.54,"{73550964}                 [sl]",00:01:45:07,75.3,1h 19m,46.4,0.76,26.3,86.001,-20.1,-65.727,56.7,0.0,-46.40,-151.73
02/11/2026 19:15,02/11/2026 22:04,USDJPY,Sell,152.79600,153.00300,0.0000,0.0000,-20.7,-67.65,-0.56,"{73531559}                     ",00:02:48:41,37.9,1h 3m,47.0,0.98,23.7,77.499,-23.3,-76.191,50.4,5.5,-44.40,-145.19
02/11/2026 19:30,02/11/2026 20:02,USDJPY,Sell,152.68700,152.89000,0.0000,0.0000,-20.3,-66.39,-0.54,"{73532069}                     ",00:00:32:02,15.7,5m,33.1,1.59,12.8,41.856,-20.3,-66.381,38.7,0.0,-33.10,-108.24
02/11/2026 11:34,02/11/2026 15:30,GBPUSD,Buy,1.36987,1.36687,0.0000,0.0000,-30.0,-141.00,-1.14,"{73481050}                     ",00:03:55:28,21.7,51m,96.3,6.35,13.1,61.57,-83.2,-391.04,13.6,55.2,-43.10,-202.57
02/11/2026 12:44,02/11/2026 12:49,GOLD#,Buy,5088.93000,5101.00000,0.0000,0.0000,1207.0,603.50,5.12,"{73513096}                 [tp]",00:00:05:34,100.0,5m,189.0,0.00,1207.0,603.5,0.0,0.0,100.0,100.0,0.00,0.00
02/11/2026 12:44,02/11/2026 12:44,GOLD#,Buy,5093.52000,5087.97000,0.0000,0.0000,-555.0,-277.50,-2.30,"{73513423}                 [sl]",00:00:00:00,,,,,,,,,,,,
02/11/2026 02:45,02/11/2026 08:07,USDJPY,Sell,154.05900,152.85600,0.0000,0.0000,120.3,369.90,3.16,"{73482459}                     ",00:05:22:25,97.3,5h 13m,20.5,0.04,120.9,371.163,-5.2,-15.964,95.9,99.5,-0.60,-1.84
02/10/2026 04:47,02/10/2026 16:33,USDJPY,Sell,155.52700,154.32600,0.0000,0.0000,120.1,350.20,3.09,"{73402728}                     ",00:11:46:16,91.0,10h 42m,51.7,0.07,121.4,354.488,-9.1,-26.572,93.0,99.0,-1.30,-3.80
02/09/2026 17:33,02/09/2026 18:02,GOLD#,Buy,5050.62000,5061.90000,0.0000,0.0000,1128.0,507.60,4.68,"{73335422}                     ",00:00:29:17,86.3,25m,425.0,0.21,1216.0,547.2,-259.0,-116.55,82.4,94.0,-88.00,-39.60
02/09/2026 03:30,02/09/2026 04:01,USDJPY,Sell,156.51600,156.71700,0.0000,0.0000,-20.1,-57.72,-0.53,"{73335132}                 [sl]",00:00:31:16,42.0,13m,44.9,0.92,23.4,67.158,-21.5,-61.705000000000005,52.1,3.1,-43.50,-124.84
02/06/2026 02:00,02/06/2026 02:04,GOLD#,Sell,4702.59000,4688.58000,0.0000,0.0000,1401.0,630.45,6.14,"{73276410}                 [tp]",00:00:04:14,100.0,4m,144.0,0.00,1545.0,695.25,0.0,0.0,100.0,90.7,-144.00,-64.80
02/05/2026 04:47,02/05/2026 04:48,GOLD#,Sell,4854.51000,4862.19000,0.0000,0.0000,-768.0,-345.60,-3.26,"{73202702}                     ",00:00:00:33,,,,,,,,,,,,
02/05/2026 03:01,02/05/2026 03:01,GOLD#,Sell,4991.56000,4996.52000,0.0000,0.0000,-496.0,-223.20,-2.06,"{73195081}                 [sl]",00:00:00:10,,,,,,,,,,,,
02/04/2026 02:15,02/04/2026 02:15,GOLD#,Buy,4993.92000,4990.97000,0.0000,0.0000,-295.0,-132.75,-1.21,"{73143162}                 [sl]",00:00:00:09,,,,,,,,,,,,
02/03/2026 11:45,02/03/2026 19:16,USDJPY,Buy,155.77400,155.57000,0.0000,0.0000,-20.4,-59.01,-0.54,"{73088872}                     ",00:07:30:06,80.1,6h 0m,51.7,0.67,31.0,89.59,-20.7,-59.823,60.0,0.6,-51.40,-148.55
02/02/2026 17:00,02/03/2026 06:30,USDJPY,Buy,155.48700,155.29800,0.0000,0.0000,-18.9,-54.77,-0.49,"{72990421}                     ",00:13:30:22,79.1,10h 41m,47.9,0.65,29.0,84.1,-18.9,-54.809999999999995,60.5,0.0,-47.90,-138.91
02/02/2026 08:38,02/02/2026 08:38,GOLD#,Sell,4406.85000,4411.02000,0.0000,0.0000,-417.0,-187.65,-1.67,"{73037003}                 [sl]",00:00:00:06,,,,,,,,,,,,
02/02/2026 07:44,02/02/2026 07:45,GOLD#,Sell,4580.78000,4564.19000,0.0000,0.0000,1659.0,746.55,7.10,"{72997394}                     ",00:00:01:20,,,,,,,,,,,,
02/02/2026 07:45,02/02/2026 07:45,GOLD#,Sell,4568.99000,4572.56000,0.0000,0.0000,-357.0,-160.65,-1.50,"{73028407}                 [sl]",00:00:00:12,,,,,,,,,,,,
02/02/2026 03:09,02/02/2026 03:09,GOLD#,Sell,4648.39000,4665.67000,0.0000,0.0000,-1728.0,-777.60,-6.79,"{72997160}                 [sl]",00:00:00:06,,,,,,,,,,,,
02/02/2026 03:09,02/02/2026 03:09,GOLD#,Sell,4675.41000,4663.21000,0.0000,0.0000,1220.0,549.00,5.03,"{72996984}                 [tp]",00:00:00:10,,,,,,,,,,,,
01/30/2026 11:44,01/30/2026 11:45,GOLD#,Sell,4988.17000,4976.01000,0.0000,0.0000,1216.0,510.72,4.91,"{72939160}                 [tp]",00:00:00:50,,,,,,,,,,,,
01/30/2026 10:33,01/30/2026 10:33,GOLD#,Sell,5100.87000,5083.23000,0.0000,0.0000,1764.0,705.60,7.28,"{72920239}                     ",00:00:00:01,,,,,,,,,,,,
01/30/2026 04:20,01/30/2026 09:55,GBPUSD,Sell,1.37425,1.37727,0.0000,0.0000,-30.2,-120.80,-1.23,"{72913778}                     ",00:05:34:33,1.2,4m,43.5,4.31,8.2,32.8,-35.3,-141.2,18.9,11.7,-38.40,-153.60
01/30/2026 07:39,01/30/2026 08:02,USDJPY,Buy,154.03000,153.83100,0.0000,0.0000,-19.9,-51.75,-0.52,"{72914958}                     ",00:00:22:50,17.4,3m,28.0,2.89,7.2,18.720000000000002,-20.8,-54.080000000000005,25.7,3.2,-27.10,-70.46
01/27/2026 19:42,01/28/2026 04:03,USDJPY,Sell,152.82100,153.02800,0.0000,0.0000,-20.7,-48.70,-0.49,"{72771800}                     ",00:08:21:27,89.9,7h 30m,92.2,0.29,71.5,168.025,-20.7,-48.645,77.5,0.0,-92.20,-216.67
01/28/2026 03:06,01/28/2026 03:10,GOLD#,Buy,5191.23000,5188.16000,0.0000,0.0000,-307.0,-122.80,-1.22,"{72794260}                 [sl]",00:00:03:59,,,,,,,,,,,,
01/27/2026 14:17,01/27/2026 22:46,GBPUSD,Buy,1.37249,1.38151,0.0000,0.0000,90.2,324.72,3.34,"{72753891}                     ",00:08:29:39,100.0,8h 29m,37.2,0.01,114.6,412.56,0.0,0.0,100.0,78.7,-24.40,-87.84
01/27/2026 22:03,01/27/2026 22:09,GOLD#,Buy,5112.00000,5126.46000,0.0000,0.0000,1446.0,520.56,5.66,"{72786592}                     ",00:00:06:29,100.0,6m,498.0,0.00,1446.0,520.56,0.0,0.0,100.0,100.0,0.00,0.00
01/27/2026 11:52,01/27/2026 11:52,USDJPY,Sell,153.31400,153.51900,0.0000,0.0000,-20.5,-48.07,-0.52,"{72761004}                     ",00:00:00:02,,,,,,,,,,,,
01/26/2026 10:34,01/26/2026 10:42,USDJPY,Sell,153.61900,153.82700,0.0000,0.0000,-20.8,-48.68,-0.52,"{72711992}                     ",00:00:08:09,25.0,2m,23.2,11.21,1.9,4.446,-21.3,-49.842,8.2,2.2,-22.70,-53.12
01/26/2026 04:10,01/26/2026 08:13,USDJPY,Sell,154.17000,154.38700,0.0000,0.0000,-21.7,-50.60,-0.54,"{72708254}                     ",00:04:02:43,70.8,2h 51m,51.9,0.72,30.2,70.366,-21.7,-50.561,58.2,0.0,-51.90,-120.93
01/23/2026 17:52,01/26/2026 00:02,GBPUSD,Buy,1.35661,1.36633,0.0000,0.0000,97.2,349.92,3.89,"{72668237}                     ",02:06:09:46,99.3,2d 5h ,26.3,0.05,97.2,349.92,-5.0,-18.0,95.1,100.0,0.00,0.00
01/22/2026 18:18,01/23/2026 18:35,GBPUSD,Buy,1.34931,1.35833,0.0000,0.0000,90.2,297.66,3.42,"{72630811}                     ",01:00:16:37,77.1,18h 43m,24.3,0.10,90.2,297.65999999999997,-9.1,-30.029999999999998,90.8,100.0,0.00,0.00
01/22/2026 18:15,01/23/2026 18:33,GBPUSD,Buy,1.34899,1.35798,0.0000,0.0000,89.9,296.67,3.53,"{72630810}                     ",01:00:18:01,89.7,21h 47m,24.3,0.07,89.9,296.67,-5.9,-19.47,93.8,100.0,0.00,0.00
01/23/2026 09:44,01/23/2026 09:44,USDJPY,Sell,157.43000,157.64300,0.0000,0.0000,-21.3,-48.64,-0.58,"{72680810}                 [sl]",00:00:00:05,,,,,,,,,,,,
01/23/2026 09:44,01/23/2026 09:44,USDJPY,Sell,157.49500,157.69000,0.0000,0.0000,-19.5,-44.52,-0.52,"{72680808}                 [sl]",00:00:00:09,,,,,,,,,,,,
01/23/2026 08:48,01/23/2026 09:43,USDJPY,Buy,158.88200,158.65100,0.0000,0.0000,-23.1,-52.42,-0.61,"{72669924}                     ",00:00:55:19,80.0,44m,102.8,2.10,33.2,75.364,-69.6,-157.992,32.3,45.2,-56.30,-127.80
01/22/2026 19:22,01/22/2026 19:25,GOLD#,Buy,4888.34000,4886.12000,0.0000,0.0000,-222.0,-79.92,-0.93,"{72662141}                     ",00:00:02:45,,,,,,,,,,,,
01/22/2026 09:09,01/22/2026 11:22,USDJPY,Buy,158.86300,158.66200,0.0000,0.0000,-20.1,-41.81,-0.48,"{72633322}                     ",00:02:13:02,3.8,5m,22.6,8.05,2.5,5.2,-20.1,-41.80800000000001,11.1,0.0,-22.60,-47.01
01/21/2026 02:33,01/21/2026 03:06,GOLD#,Buy,4782.00000,4796.10000,0.0000,0.0000,1410.0,465.30,5.68,"{72575475}                 [tp]",00:00:33:30,91.0,30m,326.0,0.09,1488.0,491.04,-139.0,-45.870000000000005,91.5,95.2,-78.00,-25.74
01/16/2026 17:29,01/16/2026 17:31,GOLD#,Sell,4569.91000,4553.86000,0.0000,0.0000,1605.0,481.50,6.24,"{72503577}                 [tp]",00:00:02:38,,,,,,,,,,,,
01/16/2026 17:27,01/16/2026 17:27,GOLD#,Sell,4581.29000,4583.07000,0.0000,0.0000,-178.0,-53.40,-0.69,"{72497331}                     ",00:00:00:11,,,,,,,,,,,,
01/16/2026 04:40,01/16/2026 04:52,USDJPY,Sell,158.09200,158.30300,0.0000,0.0000,-21.1,-39.99,-0.51,"{72482578}                     ",00:00:12:08,0.0,0s,21.1,21.14,0.0,0.0,-21.1,-40.09,0.0,0.0,-21.10,-40.09
01/15/2026 03:24,01/15/2026 03:26,GOLD#,Sell,4599.43000,4601.77000,0.0000,0.0000,-234.0,-70.20,-0.89,"{72454559}                 [sl]",00:00:02:22,,,,,,,,,,,,
01/14/2026 07:01,01/14/2026 07:19,GOLD#,Buy,4634.61000,4631.98000,0.0000,0.0000,-263.0,-78.90,-0.99,"{72424470}                 [sl]",00:00:17:08,50.0,8m,643.0,0.69,380.0,114.0,-263.0,-78.89999999999999,59.1,0.0,-643.00,-192.90
01/12/2026 10:01,01/13/2026 23:59,GBPUSD,Buy,1.34495,1.34192,0.0000,0.0000,-30.3,-90.90,-1.13,"{72353252}                     ",01:13:58:52,81.1,1d 6h ,65.2,0.87,34.9,104.69999999999999,-30.3,-90.9,53.5,0.0,-65.20,-195.60
01/13/2026 16:47,01/13/2026 16:52,GOLD#,Buy,4630.31000,4627.90000,0.0000,0.0000,-241.0,-72.30,-0.89,"{72406986}                 [sl]",00:00:05:06,60.0,3m,688.0,1.10,328.0,98.39999999999999,-360.0,-108.0,47.7,17.3,-569.00,-170.70
01/09/2026 06:03,01/13/2026 03:55,USDJPY,Buy,157.27900,158.48100,0.0000,0.0000,120.2,227.54,2.88,"{72325859}                     ",03:21:51:48,99.3,3d 21h ,64.3,0.06,120.5,227.74499999999998,-6.7,-12.663,94.7,99.8,-0.30,-0.57
01/13/2026 03:31,01/13/2026 03:36,GOLD#,Sell,4577.49000,4580.08000,0.0000,0.0000,-259.0,-77.70,-0.97,"{72388130}                 [sl]",00:00:04:20,40.0,1m,447.0,7.13,55.0,16.5,-392.0,-117.6,12.3,29.8,-314.00,-94.20
01/12/2026 02:21,01/12/2026 05:52,USDJPY,Sell,157.89700,158.10000,0.0000,0.0000,-20.3,-38.52,-0.48,"{72354760}                 [sl]",00:03:31:20,66.4,2h 20m,56.5,0.56,36.2,68.78,-20.3,-38.57,64.1,0.0,-56.50,-107.35
01/12/2026 02:32,01/12/2026 04:54,USDJPY,Sell,157.77800,157.98500,0.0000,0.0000,-20.7,-39.31,-0.49,"{72354759}                 [sl]",00:02:22:31,71.9,1h 42m,45.0,0.85,24.3,46.17,-20.7,-39.33,54.0,0.0,-45.00,-85.50
01/09/2026 16:12,01/12/2026 02:39,USDJPY,Buy,157.88100,157.67600,0.0000,0.0000,-20.5,-39.00,-0.48,"{72326847}                     ",02:10:26:22,97.2,2d 8h ,51.9,0.65,31.4,59.66,-20.5,-38.949999999999996,60.5,0.0,-51.90,-98.61
01/12/2026 02:07,01/12/2026 02:26,GOLD#,Buy,4550.12000,4565.39000,0.0000,0.0000,1527.0,458.10,6.00,"{72354815}                 [tp]",00:00:19:04,84.3,16m,564.0,0.09,1527.0,458.09999999999997,-134.0,-40.199999999999996,91.9,100.0,0.00,0.00
01/12/2026 02:04,01/12/2026 02:17,GOLD#,Buy,4545.40000,4560.61000,0.0000,0.0000,1521.0,456.30,6.36,"{72354763}                 [tp]",00:00:13:13,100.0,13m,104.0,0.00,1521.0,456.3,0.0,0.0,100.0,100.0,0.00,0.00
01/09/2026 17:09,01/09/2026 17:10,GOLD#,Buy,4500.37000,4498.22000,0.0000,0.0000,-215.0,-64.50,-0.89,"{72341639}                 [sl]",00:00:00:28,,,,,,,,,,,,
01/09/2026 15:32,01/09/2026 15:32,GOLD#,Buy,4483.76000,4481.69000,0.0000,0.0000,-207.0,-62.10,-0.85,"{72325864}                     ",00:00:00:20,,,,,,,,,,,,
01/09/2026 15:30,01/09/2026 15:30,USDJPY,Buy,157.80400,157.55900,0.0000,0.0000,-24.5,-46.65,-0.63,"{72326274}                     ",00:00:00:40,,,,,,,,,,,,
01/08/2026 07:16,01/08/2026 07:16,GOLD#,Sell,4423.51000,4425.87000,0.0000,0.0000,-236.0,-70.80,-0.95,"{72301681}                 [sl]",00:00:00:23,,,,,,,,,,,,
01/05/2026 19:02,01/06/2026 17:25,GBPUSD,Buy,1.35294,1.34990,0.0000,0.0000,-30.4,-76.00,-1.01,"{72080438}                     ",00:22:23:22,79.2,17h 43m,68.1,0.81,37.7,94.25,-30.4,-76.0,55.4,0.0,-68.10,-170.25
01/05/2026 19:07,01/06/2026 17:20,GBPUSD,Buy,1.35330,1.35023,0.0000,0.0000,-30.7,-76.75,-1.01,"{72080439}                     ",00:22:13:05,71.2,15h 49m,66.2,0.94,34.1,85.25,-32.1,-80.25,51.5,2.1,-64.80,-162.00
01/05/2026 19:19,01/06/2026 17:20,GBPUSD,Buy,1.35349,1.35049,0.0000,0.0000,-30.0,-75.00,-0.98,"{72080440}                     ",00:22:00:56,65.7,14h 27m,66.2,1.06,32.2,80.5,-34.0,-85.0,48.6,6.0,-62.20,-155.50
01/06/2026 04:13,01/06/2026 04:15,GOLD#,Buy,4460.36000,4457.95000,0.0000,0.0000,-241.0,-72.30,-0.94,"{72240601}                 [sl]",00:00:02:10,,,,,,,,,,,,
12/31/2025 15:30,01/05/2026 14:33,USDJPY,Buy,156.72200,156.51600,0.0000,0.0000,-20.6,-32.90,-0.42,"{72024900}                     ",04:23:03:13,90.7,4d 11h ,77.4,0.37,56.7,90.72000000000001,-20.7,-33.12,73.3,0.1,-77.30,-123.68
01/05/2026 03:02,01/05/2026 03:05,GOLD#,Buy,4405.43000,4419.27000,0.0000,0.0000,1384.0,346.00,4.67,"{72088127}                 [tp]",00:00:02:52,,,,,,,,,,,,
01/05/2026 03:02,01/05/2026 03:05,GOLD#,Buy,4402.42000,4417.59000,0.0000,0.0000,1517.0,379.25,5.40,"{72088079}                 [tp]",00:00:02:53,,,,,,,,,,,,
12/22/2025 15:44,12/31/2025 17:09,GBPUSD,Buy,1.34449,1.34148,0.0000,0.0000,-30.1,-75.25,-1.06,"{71839492}                     ",09:01:24:45,98.2,8d 21h ,117.2,0.35,87.1,217.75,-30.1,-75.25,74.3,0.0,-117.20,-293.00
12/22/2025 16:35,12/31/2025 17:02,GBPUSD,Buy,1.34544,1.34239,0.0000,0.0000,-30.5,-76.25,-1.06,"{71839493}                     ",09:00:26:28,96.9,8d 17h ,110.2,0.42,77.6,194.0,-32.6,-81.5,70.4,1.9,-108.10,-270.25
12/22/2025 19:00,12/31/2025 10:35,GBPUSD,Buy,1.34703,1.34401,0.0000,0.0000,-30.2,-75.50,-1.04,"{71839494}                     ",08:15:34:47,89.4,7d 17h ,91.9,0.49,61.7,154.25,-30.2,-75.5,67.1,0.0,-91.90,-229.75
12/31/2025 07:50,12/31/2025 07:51,GOLD#,Sell,4302.26000,4305.77000,0.0000,0.0000,-351.0,-87.75,-1.20,"{72033681}                 [sl]",00:00:00:30,,,,,,,,,,,,
12/31/2025 07:40,12/31/2025 07:48,GOLD#,Sell,4328.89000,4309.43000,0.0000,0.0000,1946.0,486.50,7.10,"{72025146}                 [tp]",00:00:07:57,100.0,7m,227.0,0.00,1946.0,486.5,0.0,0.0,100.0,100.0,0.00,0.00
12/29/2025 17:22,12/29/2025 17:22,GOLD#,Sell,4309.04000,4310.60000,0.0000,0.0000,-156.0,-39.00,-0.57,"{71990373}                 [sl]",00:00:00:10,,,,,,,,,,,,
12/29/2025 15:42,12/29/2025 15:50,GOLD#,Sell,4430.77000,4414.89000,0.0000,0.0000,1588.0,397.00,6.11,"{71977386}                 [tp]",00:00:08:14,,,,,,,,,,,,
12/29/2025 09:03,12/29/2025 09:03,GOLD#,Sell,4445.83000,4450.40000,0.0000,0.0000,-457.0,-114.25,-1.73,"{71968503}                 [sl]",00:00:00:02,,,,,,,,,,,,
12/24/2025 03:43,12/24/2025 05:25,USDJPY,Sell,155.65700,155.86000,0.0000,0.0000,-20.3,-32.56,-0.49,"{71903757}                     ",00:01:42:05,28.6,29m,26.3,3.87,5.4,8.64,-20.9,-33.44,20.5,2.3,-25.70,-41.12
12/24/2025 02:03,12/24/2025 02:14,GOLD#,Buy,4510.35000,4508.13000,0.0000,0.0000,-222.0,-55.50,-0.83,"{71903763}                 [sl]",00:00:10:40,45.5,4m,432.0,1.27,190.0,47.5,-242.0,-60.5,44.0,4.6,-412.00,-103.00
12/22/2025 15:10,12/23/2025 06:14,USDJPY,Sell,157.13400,155.99100,0.0000,0.0000,114.3,183.18,2.81,"{71840534}                     ",00:15:04:56,,,,,,,,,,,,
12/19/2025 10:56,12/22/2025 19:39,USDJPY,Buy,156.94400,156.73600,0.0000,0.0000,-20.8,-33.18,-0.51,"{71817205}                     ",03:08:42:20,98.5,3d 7h ,100.3,0.26,79.5,127.2,-20.8,-33.28,79.3,0.0,-100.30,-160.48
12/22/2025 15:10,12/22/2025 15:10,USDJPY,Sell,156.94800,157.16100,0.0000,0.0000,-21.3,-33.88,-0.51,"{71840530}                 [sl]",00:00:00:17,,,,,,,,,,,,
12/22/2025 03:38,12/22/2025 05:04,GOLD#,Buy,4374.53000,4389.54000,0.0000,0.0000,1501.0,375.25,6.05,"{71841703}                 [tp]",00:01:25:50,100.0,1h 25m,385.0,0.00,1501.0,375.25,0.0,0.0,100.0,100.0,0.00,0.00
12/22/2025 03:40,12/22/2025 03:41,GOLD#,Buy,4381.43000,4379.34000,0.0000,0.0000,-209.0,-52.25,-0.83,"{71842939}                 [sl]",00:00:01:07,,,,,,,,,,,,
12/19/2025 11:57,12/19/2025 16:13,USDJPY,Buy,157.17100,156.94000,0.0000,0.0000,-23.1,-36.80,-0.58,"{71819764}                     ",00:04:16:11,98.9,4h 13m,45.8,1.02,22.7,36.093,-23.1,-36.729000000000006,49.6,0.0,-45.80,-72.82
12/19/2025 05:21,12/19/2025 06:01,USDJPY,Buy,155.99300,155.75900,0.0000,0.0000,-23.4,-37.56,-0.59,"{71813704}                 [sl]",00:00:39:42,72.5,28m,35.8,2.11,11.5,18.515,-24.3,-39.123000000000005,32.1,2.5,-34.90,-56.19
12/19/2025 05:22,12/19/2025 05:53,USDJPY,Buy,156.11300,155.91300,0.0000,0.0000,-20.0,-32.07,-0.50,"{71813705}                 [sl]",00:00:31:34,0.0,0s,20.6,20.62,0.0,0.0,-20.6,-32.96,0.0,2.9,-20.00,-32.00
12/18/2025 18:11,12/18/2025 18:15,GOLD#,Buy,4353.93000,4368.83000,0.0000,0.0000,1490.0,327.80,5.43,"{71792841}                 [tp]",00:00:04:30,100.0,4m,352.0,0.00,1490.0,327.8,0.0,0.0,100.0,100.0,0.00,0.00
12/18/2025 18:10,12/18/2025 18:13,GOLD#,Buy,4350.91000,4365.20000,0.0000,0.0000,1429.0,314.38,5.49,"{71771122}                     ",00:00:03:15,,,,,,,,,,,,
12/18/2025 18:10,12/18/2025 18:13,GOLD#,Buy,4348.74000,4363.74000,0.0000,0.0000,1500.0,330.00,6.12,"{71770952}                     ",00:00:03:04,,,,,,,,,,,,
12/17/2025 09:00,12/17/2025 17:12,GBPUSD,Sell,1.33424,1.33739,0.0000,0.0000,-31.5,-69.30,-1.27,"{71739096}                     ",00:08:11:55,70.0,5h 44m,61.3,1.06,29.8,65.56,-31.5,-69.30000000000001,48.6,0.0,-61.30,-134.86
12/17/2025 07:22,12/17/2025 07:28,GOLD#,Buy,4335.08000,4332.82000,0.0000,0.0000,-226.0,-49.72,-0.90,"{71741639}                 [sl]",00:00:06:14,33.4,2m,403.0,2.33,121.0,26.62,-282.0,-62.04,30.0,13.9,-347.00,-76.34
12/16/2025 14:59,12/16/2025 17:21,GBPUSD,Buy,1.34366,1.34065,0.0000,0.0000,-30.1,-66.22,-1.19,"{71707581}                     ",00:02:21:43,17.7,25m,47.4,1.74,17.3,38.06,-30.1,-66.22000000000001,36.5,0.0,-47.40,-104.28
12/10/2025 21:07,12/16/2025 15:30,GBPUSD,Buy,1.33546,1.34456,0.0000,0.0000,91.0,182.00,3.37,"{71593876}                     ",05:18:23:01,99.1,5d 17h ,89.2,0.27,91.0,182.0,-24.2,-48.4,79.0,100.0,0.00,0.00
12/16/2025 05:11,12/16/2025 05:13,GOLD#,Sell,4285.09000,4287.49000,0.0000,0.0000,-240.0,-52.80,-0.97,"{71711505}                 [sl]",00:00:01:43,,,,,,,,,,,,
12/15/2025 08:36,12/15/2025 08:47,USDJPY,Sell,154.95100,155.15200,0.0000,0.0000,-20.1,-28.50,-0.52,"{71683910}                     ",00:00:11:26,0.0,0s,20.1,20.12,0.0,0.0,-20.1,-28.542,0.0,0.0,-20.10,-28.54
12/10/2025 22:09,12/12/2025 17:54,GBPUSD,Buy,1.33834,1.33533,0.0000,0.0000,-30.1,-60.20,-1.09,"{71593877}                     ",01:19:44:55,54.1,23h 40m,80.9,0.59,50.8,101.6,-30.1,-60.2,62.8,0.0,-80.90,-161.80
12/12/2025 09:07,12/12/2025 10:40,GOLD#,Buy,4285.99000,4300.85000,0.0000,0.0000,1486.0,297.20,5.67,"{71647789}                     ",00:01:33:28,80.7,1h 15m,426.0,0.08,1486.0,297.2,-125.0,-25.0,92.2,100.0,0.00,0.00
12/11/2025 18:47,12/11/2025 19:08,GOLD#,Buy,4264.55000,4280.08000,0.0000,0.0000,1553.0,310.60,6.30,"{71640687}                     ",00:00:21:09,100.0,21m,581.0,0.00,1553.0,310.6,0.0,0.0,100.0,100.0,0.00,0.00
12/11/2025 17:50,12/11/2025 17:54,GOLD#,Buy,4259.18000,4256.90000,0.0000,0.0000,-228.0,-45.60,-0.92,"{71640101}                 [sl]",00:00:03:46,,,,,,,,,,,,
12/11/2025 02:12,12/11/2025 02:55,GOLD#,Buy,4240.02000,4236.55000,0.0000,0.0000,-347.0,-69.40,-1.38,"{71617413}                 [sl]",00:00:43:15,79.6,34m,800.0,0.77,453.0,90.60000000000001,-347.0,-69.4,56.6,0.0,-800.00,-160.00
12/10/2025 22:04,12/10/2025 22:16,GOLD#,Buy,4223.91000,4236.22000,0.0000,0.0000,1231.0,246.20,5.13,"{71594917}                     ",00:00:12:17,91.7,11m,177.0,0.13,1384.0,276.8,-177.0,-35.4,88.7,90.2,-153.00,-30.60
12/09/2025 09:16,12/10/2025 22:09,USDJPY,Buy,156.17100,155.95900,0.0000,0.0000,-21.2,-27.19,-0.56,"{71566117}                     ",01:12:52:45,91.2,1d 9h ,108.1,0.40,77.3,98.944,-30.8,-39.424,71.5,8.9,-98.50,-126.08
12/09/2025 17:05,12/10/2025 16:10,USDJPY,Buy,156.72300,156.52100,0.0000,0.0000,-20.2,-25.81,-0.53,"{71566508}                     ",00:23:05:01,57.5,13h 16m,42.3,0.91,22.1,28.288000000000004,-20.2,-25.855999999999998,52.2,0.0,-42.30,-54.14
12/09/2025 08:09,12/09/2025 08:29,GOLD#,Sell,4175.53000,4178.25000,0.0000,0.0000,-272.0,-54.40,-1.11,"{71570679}                     ",00:00:19:46,30.0,5m,716.0,0.67,429.0,85.80000000000001,-287.0,-57.400000000000006,59.9,2.1,-701.00,-140.20
12/09/2025 08:09,12/09/2025 08:15,GOLD#,Sell,4174.90000,4176.95000,0.0000,0.0000,-205.0,-41.00,-0.83,"{71571263}                     ",00:00:05:57,50.0,2m,571.0,0.56,366.0,73.2,-205.0,-41.0,64.1,0.0,-571.00,-114.20
12/08/2025 17:00,12/08/2025 17:01,GOLD#,Sell,4191.81000,4194.15000,0.0000,0.0000,-234.0,-46.80,-0.94,"{71541611}                     ",00:00:00:20,,,,,,,,,,,,
12/05/2025 16:47,12/05/2025 16:47,GOLD#,Buy,4241.30000,4239.46000,0.0000,0.0000,-184.0,-36.80,-0.73,"{71525537}                     ",00:00:00:01,,,,,,,,,,,,
12/05/2025 07:28,12/05/2025 11:18,GOLD#,Buy,4219.29000,4217.26000,0.0000,0.0000,-203.0,-40.60,-0.80,"{71517423}                     ",00:03:49:35,94.4,3h 36m,1278.0,0.19,1075.0,215.0,-203.0,-40.6,84.1,0.0,-1278.00,-255.60
12/05/2025 08:37,12/05/2025 10:05,USDJPY,Sell,154.51400,154.71800,0.0000,0.0000,-20.4,-26.37,-0.52,"{71513524}                     ",00:01:27:38,28.5,24m,35.8,1.32,15.4,19.866,-20.4,-26.316,43.0,0.0,-35.80,-46.18
12/03/2025 11:33,12/04/2025 16:20,GBPUSD,Buy,1.32738,1.33643,0.0000,0.0000,90.5,181.00,3.68,"{71458988}                     ",01:04:47:30,100.0,1d 4h ,26.1,0.01,90.5,181.0,0.0,0.0,100.0,100.0,0.00,0.00
12/04/2025 13:05,12/04/2025 15:30,USDJPY,Sell,154.66800,155.01200,0.0000,0.0000,-34.4,-44.38,-0.89,"{71486672}                     ",00:02:24:42,68.8,1h 39m,48.5,2.44,14.1,18.189,-34.4,-44.376,29.1,0.0,-48.50,-62.57
12/03/2025 15:52,12/03/2025 16:05,GOLD#,Buy,4230.86000,4228.61000,0.0000,0.0000,-225.0,-45.00,-0.90,"{71461802}                     ",00:00:13:04,84.7,11m,1110.0,0.25,885.0,177.0,-225.0,-45.0,79.7,0.0,-1110.00,-222.00
12/01/2025 03:54,12/01/2025 04:22,GOLD#,Buy,4245.37000,4242.90000,0.0000,0.0000,-247.0,-49.40,-0.98,"{71393393}                     ",00:00:27:14,89.3,24m,1267.0,0.24,1020.0,204.0,-247.0,-49.400000000000006,80.5,0.0,-1267.00,-253.40
12/01/2025 02:28,12/01/2025 02:28,GOLD#,Buy,4231.59000,4228.38000,0.0000,0.0000,-321.0,-64.20,-1.25,"{71390908}                 [sl]",00:00:00:19,,,,,,,,,,,,
11/28/2025 02:33,11/28/2025 03:02,GOLD#,Buy,4173.35000,4188.38000,0.0000,0.0000,1503.0,300.60,6.24,"{71365803}                 [tp]",00:00:28:46,100.0,28m,460.0,0.00,1516.0,303.2,0.0,0.0,100.0,99.1,-13.00,-2.60
11/26/2025 04:25,11/26/2025 06:28,GOLD#,Buy,4159.32000,4157.10000,0.0000,0.0000,-222.0,-44.40,-0.91,"{71322813}                     ",00:02:02:43,91.9,1h 52m,1167.0,0.23,945.0,189.0,-222.0,-44.400000000000006,81.0,0.0,-1167.00,-233.40
11/26/2025 03:53,11/26/2025 04:04,USDJPY,Sell,155.80700,156.01600,0.0000,0.0000,-20.9,-26.79,-0.55,"{71321172}                     ",00:00:10:44,0.0,0s,20.9,20.92,0.0,0.0,-20.9,-26.752,0.0,0.0,-20.90,-26.75
11/25/2025 20:44,11/25/2025 22:25,GBPUSD,Buy,1.32144,1.31841,0.0000,0.0000,-30.3,-54.54,-1.10,"{71288819}                     ",00:01:41:58,0.0,0s,30.3,30.30,0.0,0.0,-30.3,-54.54,0.0,0.0,-30.30,-54.54
11/25/2025 11:39,11/25/2025 12:51,USDJPY,Sell,156.20400,156.40400,0.0000,0.0000,-20.0,-23.02,-0.46,"{71289816}                     ",00:01:11:57,8.5,6m,24.4,4.55,4.4,5.06,-20.0,-23.0,18.0,0.0,-24.40,-28.06
11/24/2025 22:37,11/24/2025 22:39,GOLD#,Buy,4132.96000,4130.74000,0.0000,0.0000,-222.0,-39.96,-0.80,"{71286702}                 [sl]",00:00:02:08,,,,,,,,,,,,
11/24/2025 20:37,11/24/2025 20:51,GOLD#,Buy,4102.12000,4116.03000,0.0000,0.0000,1391.0,250.38,5.26,"{71282678}                     ",00:00:14:05,100.0,14m,404.0,0.00,1429.0,257.21999999999997,0.0,0.0,100.0,97.3,-38.00,-6.84
11/21/2025 08:28,11/21/2025 10:03,GOLD#,Sell,4036.86000,4022.69000,0.0000,0.0000,1417.0,255.06,5.66,"{71228456}                 [tp]",00:01:35:43,85.3,1h 21m,1348.0,0.20,1447.0,260.46,-285.0,-51.3,83.5,98.3,-30.00,-5.40
11/19/2025 17:39,11/20/2025 16:31,GBPUSD,Sell,1.30844,1.31148,0.0000,0.0000,-30.4,-54.72,-1.20,"{71144221}                 [sl]",00:22:52:10,95.7,21h 53m,79.8,0.77,45.2,81.36000000000001,-34.6,-62.28,56.6,5.3,-75.60,-136.08
11/20/2025 12:16,11/20/2025 15:30,GBPUSD,Buy,1.30831,1.30507,0.0000,0.0000,-32.4,-58.32,-1.26,"{71181424}                 [sl]",00:03:13:41,0.0,0s,32.4,32.47,0.0,0.0,-32.4,-58.32,0.0,0.0,-32.40,-58.32
11/20/2025 04:17,11/20/2025 04:30,GOLD#,Sell,4054.07000,4057.72000,0.0000,0.0000,-365.0,-65.70,-1.40,"{71185716}                 [sl]",00:00:13:41,,,,,,,,,,,,
11/19/2025 07:16,11/19/2025 07:34,GOLD#,Buy,4082.26000,4097.20000,0.0000,0.0000,1494.0,268.92,6.09,"{71144809}                 [tp]",00:00:18:00,,,,,,,,,,,,
11/18/2025 06:16,11/18/2025 11:18,USDJPY,Sell,155.05000,155.25100,0.0000,0.0000,-20.1,-23.30,-0.53,"{71108575}                 [sl]",00:05:01:44,45.0,2h 15m,31.7,1.73,11.6,13.456,-20.1,-23.316,36.6,0.0,-31.70,-36.77
11/17/2025 16:59,11/18/2025 06:26,USDJPY,Buy,155.02600,154.83100,0.0000,0.0000,-19.5,-22.67,-0.51,"{71070569}                 [sl]",00:13:26:44,96.3,12h 56m,47.6,0.69,28.1,32.596,-19.5,-22.619999999999997,59.0,0.0,-47.60,-55.22
11/18/2025 06:17,11/18/2025 06:17,GOLD#,Sell,4006.79000,4009.38000,0.0000,0.0000,-259.0,-46.62,-1.03,"{71113004}                 [sl]",00:00:00:19,,,,,,,,,,,,
11/17/2025 21:35,11/17/2025 21:35,GOLD#,Sell,4031.95000,4034.13000,0.0000,0.0000,-218.0,-39.24,-0.86,"{71104696}                 [sl]",00:00:00:01,,,,,,,,,,,,
11/14/2025 14:38,11/14/2025 16:54,USDJPY,Sell,154.13300,154.33400,0.0000,0.0000,-20.1,-23.44,-0.51,"{71018771}                 [sl]",00:02:15:23,66.7,1h 30m,57.9,0.58,36.7,42.939,-21.2,-24.804,63.4,1.9,-56.80,-66.46
11/14/2025 15:20,11/14/2025 15:47,USDJPY,Sell,153.66800,153.87800,0.0000,0.0000,-21.0,-24.56,-0.53,"{71020437}                 [sl]",00:00:27:07,,,,,,,,,,,,
11/14/2025 15:11,11/14/2025 15:19,GOLD#,Sell,4097.15000,4081.33000,0.0000,0.0000,1582.0,284.76,6.61,"{71046660}                 [tp]",00:00:07:24,,,,,,,,,,,,
11/14/2025 13:17,11/14/2025 13:19,GOLD#,Sell,4143.38000,4147.65000,0.0000,0.0000,-427.0,-76.86,-1.75,"{71038666}                 [sl]",00:00:02:02,,,,,,,,,,,,
11/13/2025 17:33,11/14/2025 01:02,GBPUSD,Buy,1.31895,1.31593,0.0000,0.0000,-30.2,-54.36,-1.22,"{70976335}                 [sl]",00:07:28:30,63.4,4h 44m,67.7,1.91,23.3,41.940000000000005,-44.4,-79.92,34.4,21.0,-53.50,-96.30
11/12/2025 06:21,11/13/2025 17:38,USDJPY,Buy,154.48200,154.27800,0.0000,0.0000,-20.4,-21.16,-0.47,"{70942266}                 [sl]",01:11:16:08,95.1,1d 9h ,78.1,0.50,52.1,54.184000000000005,-26.0,-27.04,66.7,7.2,-72.50,-75.40
11/13/2025 05:56,11/13/2025 06:02,GOLD#,Buy,4212.54000,4209.62000,0.0000,0.0000,-292.0,-52.56,-1.16,"{70977936}                 [sl]",00:00:05:59,,,,,,,,,,,,
11/12/2025 17:13,11/12/2025 17:33,GOLD#,Buy,4161.42000,4176.47000,0.0000,0.0000,1505.0,240.80,5.64,"{70965678}                 [tp]",00:00:20:08,,,,,,,,,,,,
11/12/2025 17:10,11/12/2025 17:16,GOLD#,Buy,4148.94000,4163.96000,0.0000,0.0000,1502.0,240.32,5.96,"{70942273}                 [tp]",00:00:05:42,,,,,,,,,,,,
11/11/2025 03:27,11/11/2025 04:02,USDJPY,Buy,154.47000,154.26600,0.0000,0.0000,-20.4,-21.16,-0.52,"{70913097}                 [sl]",00:00:34:23,,,,,,,,,,,,
11/11/2025 03:31,11/11/2025 03:44,GOLD#,Buy,4138.75000,4136.36000,0.0000,0.0000,-239.0,-38.24,-0.93,"{70913898}                 [sl]",00:00:13:29,,,,,,,,,,,,
11/11/2025 02:26,11/11/2025 03:29,GOLD#,Buy,4122.83000,4137.73000,0.0000,0.0000,1490.0,238.40,6.19,"{70913099}                 [tp]",00:01:03:30,100.0,1h 3m,0.0,0.00,1490.0,238.4,0.0,0.0,100.0,100.0,0.00,0.00
11/10/2025 03:23,11/10/2025 03:25,GOLD#,Buy,4046.45000,4044.18000,0.0000,0.0000,-227.0,-36.32,-0.93,"{70885257}                 [sl]",00:00:01:29,,,,,,,,,,,,
11/10/2025 03:16,11/10/2025 03:23,GOLD#,Buy,4031.08000,4045.32000,0.0000,0.0000,1424.0,227.84,6.22,"{70883737}                 [tp]",00:00:07:07,,,,,,,,,,,,
11/10/2025 03:11,11/10/2025 03:13,GOLD#,Buy,4028.97000,4025.60000,0.0000,0.0000,-337.0,-53.92,-1.45,"{70883664}                     ",00:00:01:59,,,,,,,,,,,,
11/07/2025 18:35,11/07/2025 18:46,GOLD#,Buy,4020.28000,4017.36000,0.0000,0.0000,-292.0,-46.72,-1.24,"{70857539}                 [sl]",00:00:10:43,,,,,,,,,,,,
11/06/2025 20:31,11/07/2025 10:29,GBPUSD,Buy,1.31386,1.31085,0.0000,0.0000,-30.1,-48.16,-1.26,"{70815613}                 [sl]",00:13:57:17,7.5,1h 2m,31.2,27.40,1.1,1.7600000000000002,-30.1,-48.160000000000004,3.5,0.0,-31.20,-49.92
11/06/2025 19:07,11/06/2025 21:58,USDJPY,Sell,152.96200,153.16300,0.0000,0.0000,-20.1,-21.00,-0.55,"{70825353}                 [sl]",00:02:50:42,0.0,0s,20.1,20.12,0.0,0.0,-20.1,-20.904000000000003,0.0,0.0,-20.10,-20.90
11/06/2025 05:38,11/06/2025 05:41,GOLD#,Buy,3990.30000,3988.21000,0.0000,0.0000,-209.0,-33.44,-0.87,"{70819173}                 [sl]",00:00:03:24,,,,,,,,,,,,
11/04/2025 16:29,11/04/2025 16:32,GOLD#,Sell,3958.00000,3947.42000,0.0000,0.0000,1058.0,158.70,4.28,"{70758597}                 [tp]",00:00:03:09,,,,,,,,,,,,
10/31/2025 08:53,11/04/2025 16:23,GBPUSD,Sell,1.31405,1.30487,0.0000,0.0000,91.8,137.70,3.86,"{70678163}                 [tp]",04:07:30:34,42.6,1d 20h ,46.7,0.13,98.2,147.3,-12.6,-18.9,88.6,94.2,-6.40,-9.60
11/04/2025 03:25,11/04/2025 04:34,USDJPY,Buy,154.42900,154.22500,0.0000,0.0000,-20.4,-19.84,-0.55,"{70749014}                 [sl]",00:01:09:06,,,,,,,,,,,,
10/30/2025 08:40,11/04/2025 03:28,USDJPY,Buy,153.26800,154.45700,0.0000,0.0000,118.9,115.47,3.33,"{70637579}                 [tp]",04:18:47:40,100.0,4d 18h ,60.7,0.01,119.5,115.91499999999999,0.0,0.0,100.0,99.5,-0.60,-0.58
10/30/2025 08:40,11/04/2025 03:27,USDJPY,Buy,153.24400,154.44000,0.0000,0.0000,119.6,116.16,3.46,"{70637577}                 [tp]",04:18:46:11,100.0,4d 18h ,60.7,0.01,121.9,118.24300000000001,0.0,0.0,100.0,98.1,-2.30,-2.23
11/04/2025 02:40,11/04/2025 02:40,GOLD#,Sell,3982.21000,3984.40000,0.0000,0.0000,-219.0,-32.85,-0.97,"{70749144}                 [sl]",00:00:00:45,,,,,,,,,,,,
11/03/2025 02:14,11/03/2025 02:14,GOLD#,Sell,3971.85000,3974.86000,0.0000,0.0000,-301.0,-45.15,-1.31,"{70716094}                 [sl]",00:00:00:12,,,,,,,,,,,,
10/31/2025 00:50,10/31/2025 00:55,GOLD#,Buy,4030.09000,4045.12000,0.0000,0.0000,1503.0,225.45,7.03,"{70676541}                 [tp]",00:00:05:10,,,,,,,,,,,,
10/30/2025 14:48,10/30/2025 16:09,GBPUSD,Sell,1.31404,1.31714,0.0000,0.0000,-31.0,-46.50,-1.43,"{70636880}                 [sl]",00:01:20:26,,,,,,,,,,,,
10/30/2025 05:32,10/30/2025 06:08,USDJPY,Buy,153.05000,152.85100,0.0000,0.0000,-19.9,-19.53,-0.60,"{70637575}                 [sl]",00:00:36:50,,,,,,,,,,,,
10/30/2025 05:01,10/30/2025 05:02,GOLD#,Sell,3916.17000,3918.29000,0.0000,0.0000,-212.0,-31.80,-0.96,"{70642643}                 [sl]",00:00:00:31,,,,,,,,,,,,
10/29/2025 20:42,10/29/2025 20:52,GBPUSD,Sell,1.31405,1.31707,0.0000,0.0000,-30.2,-45.30,-1.35,"{70598903}                 [sl]",00:00:10:21,,,,,,,,,,,,
10/28/2025 14:55,10/29/2025 14:53,GBPUSD,Sell,1.32877,1.31977,0.0000,0.0000,90.0,135.00,4.20,"{70558635}                 [tp]",00:23:58:41,98.0,23h 29m,32.9,0.02,90.0,135.0,-1.9,-2.8499999999999996,97.9,100.0,0.00,0.00
10/28/2025 05:54,10/29/2025 07:29,USDJPY,Sell,152.23500,152.45600,0.0000,0.0000,-22.1,-21.74,-0.67,"{70559535}                 [sl]",01:01:34:40,94.2,1d ,82.2,0.37,60.1,58.898,-22.1,-21.658,73.1,0.0,-82.20,-80.56
10/28/2025 15:45,10/28/2025 16:54,GBPUSD,Sell,1.32469,1.32790,0.0000,0.0000,-32.1,-48.15,-1.47,"{70558636}                 [sl]",00:01:08:32,,,,,,,,,,,,
10/28/2025 08:54,10/28/2025 08:54,GOLD#,Sell,3940.72000,3942.98000,0.0000,0.0000,-226.0,-33.90,-1.02,"{70570267}                 [sl]",00:00:00:34,,,,,,,,,,,,
10/28/2025 08:41,10/28/2025 08:43,GOLD#,Sell,3944.70000,3946.77000,0.0000,0.0000,-207.0,-31.05,-0.93,"{70569928}                 [sl]",00:00:01:37,,,,,,,,,,,,
10/28/2025 06:26,10/28/2025 06:30,GOLD#,Sell,3970.97000,3973.40000,0.0000,0.0000,-243.0,-36.45,-1.08,"{70560034}                 [sl]",00:00:04:05,,,,,,,,,,,,
10/27/2025 16:08,10/27/2025 16:09,GOLD#,Sell,4003.78000,4006.65000,0.0000,0.0000,-287.0,-43.05,-1.25,"{70546472}                 [sl]",00:00:01:34,,,,,,,,,,,,
10/27/2025 10:53,10/27/2025 10:53,GOLD#,Sell,4038.96000,4046.51000,0.0000,0.0000,-755.0,-113.25,-3.20,"{70534283}                 [sl]",00:00:00:12,,,,,,,,,,,,
10/27/2025 07:17,10/27/2025 08:06,USDJPY,Buy,153.26300,153.05800,0.0000,0.0000,-20.5,-20.09,-0.56,"{70522815}                 [sl]",00:00:49:00,,,,,,,,,,,,
10/23/2025 09:56,10/23/2025 10:22,USDJPY,Buy,152.60200,152.39700,0.0000,0.0000,-20.5,-20.18,-0.56,"{70452692}                 [sl]",00:00:25:23,,,,,,,,,,,,
10/22/2025 03:00,10/22/2025 03:01,GOLD#,Sell,4081.74000,4084.49000,0.0000,0.0000,-275.0,-41.25,-1.14,"{70405592}                 [sl]",00:00:00:09,,,,,,,,,,,,
10/21/2025 17:45,10/21/2025 17:45,GOLD#,Sell,4090.28000,4092.65000,0.0000,0.0000,-237.0,-35.55,-0.97,"{70391529}                 [sl]",00:00:00:25,,,,,,,,,,,,
10/21/2025 16:48,10/21/2025 16:49,GOLD#,Sell,4186.07000,4170.61000,0.0000,0.0000,1546.0,231.90,6.76,"{70381318}                 [tp]",00:00:01:03,,,,,,,,,,,,
10/21/2025 07:31,10/21/2025 07:56,USDJPY,Buy,151.19100,150.98200,0.0000,0.0000,-20.9,-20.76,-0.60,"{70342029}                 [sl]",00:00:24:21,,,,,,,,,,,,
10/20/2025 22:57,10/20/2025 22:58,GOLD#,Buy,4379.97000,4377.99000,0.0000,0.0000,-198.0,-29.70,-0.85,"{70337953}                 [sl]",00:00:01:07,,,,,,,,,,,,
10/16/2025 03:21,10/16/2025 03:49,GOLD#,Buy,4218.40000,4216.09000,0.0000,0.0000,-231.0,-34.65,-0.99,"{70146659}                 [sl]",00:00:28:20,,,,,,,,,,,,
10/15/2025 05:08,10/15/2025 11:15,USDJPY,Sell,151.15500,151.37000,0.0000,0.0000,-21.5,-21.31,-0.60,"{70105388}                 [sl]",00:06:07:45,16.7,1h 1m,33.3,1.82,11.8,11.682,-21.5,-21.285,35.4,0.0,-33.30,-32.97
10/15/2025 04:07,10/15/2025 04:08,GOLD#,Buy,4179.99000,4177.71000,0.0000,0.0000,-228.0,-34.20,-0.96,"{70107715}                 [sl]",00:00:01:01,,,,,,,,,,,,
10/15/2025 02:27,10/15/2025 02:58,GOLD#,Buy,4163.60000,4161.56000,0.0000,0.0000,-204.0,-30.60,-0.85,"{70105386}                 [sl]",00:00:31:04,,,,,,,,,,,,
10/14/2025 10:28,10/14/2025 16:25,GBPUSD,Sell,1.32620,1.32926,0.0000,0.0000,-30.6,-45.90,-1.26,"{70055427}                 [sl]",00:05:57:08,0.0,0s,32.6,32.68,0.0,0.0,-32.6,-48.900000000000006,0.0,6.1,-30.60,-45.90
10/14/2025 10:28,10/14/2025 16:25,GBPUSD,Sell,1.32594,1.32904,0.0000,0.0000,-31.0,-46.50,-1.26,"{70055428}                 [sl]",00:05:56:53,0.0,0s,35.2,35.21,0.0,0.0,-35.2,-52.800000000000004,0.0,11.9,-31.00,-46.50
10/10/2025 18:06,10/13/2025 10:29,USDJPY,Sell,152.10600,152.31700,0.0000,0.0000,-21.1,-20.78,-0.56,"{69969962}                 [sl]",02:16:22:24,95.4,2d 13h ,119.0,0.25,95.4,93.492,-23.6,-23.128,80.2,2.1,-116.50,-114.17
10/13/2025 02:08,10/13/2025 02:08,GOLD#,Buy,4058.20000,4054.27000,0.0000,0.0000,-393.0,-58.95,-1.56,"{70016386}                 [sl]",00:00:00:13,,,,,,,,,,,,
10/13/2025 02:08,10/13/2025 02:08,GOLD#,Buy,4059.12000,4057.04000,0.0000,0.0000,-208.0,-31.20,-0.82,"{70016444}                 [sl]",00:00:00:01,,,,,,,,,,,,
10/10/2025 02:45,10/10/2025 18:20,USDJPY,Sell,153.00000,151.80100,0.0000,0.0000,119.9,118.48,3.22,"{69968111}                 [tp]",00:15:35:39,100.0,15h 35m,41.6,0.01,136.3,134.937,0.0,0.0,100.0,88.0,-16.40,-16.24
10/09/2025 02:02,10/09/2025 02:02,GOLD#,Sell,4015.21000,4017.40000,0.0000,0.0000,-219.0,-32.85,-0.88,"{69925012}                 [sl]",00:00:00:08,,,,,,,,,,,,
10/07/2025 14:49,10/08/2025 03:00,USDJPY,Buy,150.91300,152.10100,0.0000,0.0000,118.8,101.54,2.81,"{69853476}                 [tp]",00:12:11:07,100.0,12h 11m,50.2,0.01,169.0,143.65,0.0,0.0,100.0,70.3,-50.20,-42.67
10/07/2025 14:15,10/07/2025 18:22,GBPUSD,Sell,1.34169,1.34472,0.0000,0.0000,-30.3,-39.39,-1.08,"{69852423}                 [sl]",00:04:07:22,0.0,0s,30.3,30.30,0.0,0.0,-30.3,-39.39,0.0,0.0,-30.30,-39.39
10/07/2025 14:47,10/07/2025 17:57,GBPUSD,Sell,1.34014,1.34313,0.0000,0.0000,-29.9,-38.87,-1.05,"{69852424}                 [sl]",00:03:10:12,,,,,,,,,,,,
10/06/2025 06:12,10/07/2025 17:33,USDJPY,Buy,149.94500,151.15100,0.0000,0.0000,120.6,103.72,2.89,"{69813173}                 [tp]",01:11:21:26,94.3,1d 9h ,59.3,0.13,123.4,106.12400000000001,-16.3,-14.018,88.3,98.0,-2.80,-2.41
10/07/2025 03:21,10/07/2025 03:28,GOLD#,Buy,3976.20000,3974.12000,0.0000,0.0000,-208.0,-27.04,-0.75,"{69853646}                 [sl]",00:00:07:17,,,,,,,,,,,,
10/06/2025 02:02,10/06/2025 02:04,GOLD#,Buy,3902.86000,3917.80000,0.0000,0.0000,1494.0,194.22,5.67,"{69813184}                 [tp]",00:00:02:23,,,,,,,,,,,,
10/03/2025 04:06,10/03/2025 11:55,USDJPY,Buy,147.51400,147.30100,0.0000,0.0000,-21.3,-18.80,-0.55,"{69775215}                 [sl]",00:07:48:17,,,,,,,,,,,,
10/01/2025 08:00,10/03/2025 04:34,USDJPY,Sell,147.46900,147.67300,0.0000,0.0000,-20.4,-17.96,-0.52,"{69693078}                 [sl]",01:20:33:44,81.9,1d 12h ,87.8,0.30,67.4,59.312000000000005,-20.4,-17.951999999999998,76.8,0.0,-87.80,-77.26
10/02/2025 17:55,10/02/2025 20:06,GBPUSD,Sell,1.34141,1.34444,0.0000,0.0000,-30.3,-39.39,-1.13,"{69734342}                 [sl]",00:02:10:52,,,,,,,,,,,,
10/02/2025 16:31,10/02/2025 16:32,GOLD#,Buy,3895.24000,3893.25000,0.0000,0.0000,-199.0,-25.87,-0.73,"{69751168}                 [sl]",00:00:01:01,,,,,,,,,,,,
10/02/2025 12:55,10/02/2025 14:43,USDJPY,Sell,146.59700,146.79500,0.0000,0.0000,-19.8,-17.53,-0.49,"{69734829}                 [sl]",00:01:47:59,,,,,,,,,,,,
10/01/2025 05:05,10/01/2025 05:14,GOLD#,Buy,3871.86000,3869.43000,0.0000,0.0000,-243.0,-31.59,-0.88,"{69693578}                 [sl]",00:00:09:15,,,,,,,,,,,,
09/30/2025 03:04,09/30/2025 04:36,GOLD#,Buy,3834.57000,3850.03000,0.0000,0.0000,1546.0,200.98,5.96,"{69642790}                 [tp]",00:01:31:30,,,,,,,,,,,,
09/29/2025 05:19,09/29/2025 05:47,GOLD#,Buy,3791.14000,3788.95000,0.0000,0.0000,-219.0,-28.47,-0.84,"{69598603}                 [sl]",00:00:27:35,,,,,,,,,,,,
09/25/2025 15:32,09/29/2025 05:23,USDJPY,Buy,149.12700,148.92200,0.0000,0.0000,-20.5,-17.90,-0.52,"{69521852}                 [sl]",03:13:51:25,90.5,3d 5h ,95.4,0.27,74.9,65.16300000000001,-20.5,-17.835,78.5,0.0,-95.40,-83.00
09/29/2025 03:42,09/29/2025 03:44,GOLD#,Buy,3783.71000,3781.66000,0.0000,0.0000,-205.0,-26.65,-0.77,"{69598058}                 [sl]",00:00:01:50,,,,,,,,,,,,
09/26/2025 16:08,09/26/2025 16:22,GOLD#,Buy,3761.79000,3759.52000,0.0000,0.0000,-227.0,-29.51,-0.85,"{69569291}                 [sl]",00:00:13:16,,,,,,,,,,,,
09/25/2025 20:22,09/26/2025 09:58,GBPUSD,Sell,1.33334,1.33637,0.0000,0.0000,-30.3,-39.39,-1.12,"{69521350}                 [sl]",00:13:36:35,,,,,,,,,,,,
09/24/2025 15:30,09/25/2025 18:30,USDJPY,Buy,148.56200,149.77000,0.0000,0.0000,120.8,104.85,3.07,"{69487380}                 [tp]",01:02:59:27,100.0,1d 2h ,10.5,0.01,122.5,106.575,0.0,0.0,100.0,98.6,-1.70,-1.48
09/24/2025 13:11,09/25/2025 17:37,USDJPY,Buy,148.36100,149.56200,0.0000,0.0000,120.1,104.39,3.16,"{69485915}                 [tp]",01:04:25:15,100.0,1d 4h ,22.5,0.01,142.6,124.062,0.0,0.0,100.0,84.2,-22.50,-19.57
09/24/2025 15:43,09/25/2025 17:36,GBPUSD,Sell,1.34534,1.33635,0.0000,0.0000,89.9,116.87,3.66,"{69485506}                 [tp]",01:01:53:24,83.4,21h 35m,15.5,0.07,105.4,137.02,-7.7,-10.01,93.2,86.3,-15.50,-20.15
09/24/2025 07:04,09/25/2025 15:32,USDJPY,Buy,147.91400,149.11300,0.0000,0.0000,119.9,104.53,3.39,"{69485914}                 [tp]",01:08:27:43,100.0,1d 8h ,67.4,0.01,187.3,162.95100000000002,0.0,0.0,100.0,64.0,-67.40,-58.64
09/24/2025 16:42,09/25/2025 03:59,USDJPY,Buy,148.76300,148.56300,0.0000,0.0000,-20.0,-17.50,-0.56,"{69496345}                 [sl]",00:11:17:14,,,,,,,,,,,,
09/19/2025 10:04,09/23/2025 04:38,GBPUSD,Sell,1.34930,1.35233,0.0000,0.0000,-30.3,-39.39,-1.25,"{69373929}                 [sl]",03:18:33:59,72.8,2d 17h ,61.1,0.98,30.8,40.04,-30.3,-39.39,50.4,0.0,-61.10,-79.43
09/23/2025 02:22,09/23/2025 02:24,GOLD#,Buy,3748.60000,3746.58000,0.0000,0.0000,-202.0,-26.26,-0.83,"{69443386}                 [sl]",00:00:02:09,,,,,,,,,,,,
09/22/2025 09:25,09/22/2025 09:46,GOLD#,Buy,3702.89000,3717.92000,0.0000,0.0000,1503.0,195.39,6.57,"{69411090}                 [tp]",00:00:21:41,,,,,,,,,,,,
09/22/2025 05:06,09/22/2025 09:26,USDJPY,Buy,148.26800,148.06800,0.0000,0.0000,-20.0,-17.56,-0.59,"{69408774}                 [sl]",00:04:19:53,,,,,,,,,,,,
09/22/2025 04:00,09/22/2025 04:01,GOLD#,Buy,3691.97000,3689.93000,0.0000,0.0000,-204.0,-26.52,-0.88,"{69408777}                 [sl]",00:00:01:16,,,,,,,,,,,,
09/19/2025 15:48,09/19/2025 16:04,USDJPY,Buy,148.25400,148.04500,0.0000,0.0000,-20.9,-18.35,-0.60,"{69374237}                 [sl]",00:00:16:05,,,,,,,,,,,,
09/18/2025 16:39,09/18/2025 17:04,USDJPY,Buy,148.17500,147.96700,0.0000,0.0000,-20.8,-18.27,-0.60,"{69345600}                 [sl]",00:00:24:51,,,,,,,,,,,,
09/18/2025 03:38,09/18/2025 03:47,GOLD#,Sell,3660.12000,3662.13000,0.0000,0.0000,-201.0,-26.13,-0.85,"{69335319}                 [sl]",00:00:08:49,,,,,,,,,,,,
09/17/2025 21:00,09/17/2025 21:32,USDJPY,Sell,145.84700,146.07500,0.0000,0.0000,-22.8,-20.29,-0.65,"{69293706}                 [sl]",00:00:31:28,,,,,,,,,,,,
09/17/2025 21:02,09/17/2025 21:28,USDJPY,Sell,145.75800,145.96000,0.0000,0.0000,-20.2,-17.99,-0.58,"{69293707}                 [sl]",00:00:26:20,,,,,,,,,,,,
09/17/2025 21:08,09/17/2025 21:11,GOLD#,Buy,3702.93000,3700.83000,0.0000,0.0000,-210.0,-27.30,-0.87,"{69293861}                 [sl]",00:00:02:13,,,,,,,,,,,,
09/17/2025 03:18,09/17/2025 03:40,USDJPY,Sell,146.21900,146.42100,0.0000,0.0000,-20.2,-17.93,-0.57,"{69293705}                 [sl]",00:00:22:38,,,,,,,,,,,,
09/16/2025 20:02,09/16/2025 23:00,USDJPY,Sell,146.31300,146.51300,0.0000,0.0000,-20.0,-17.75,-0.56,"{69264808}                 [sl]",00:02:57:12,,,,,,,,,,,,
09/16/2025 07:24,09/16/2025 15:30,USDJPY,Sell,146.99400,147.21100,0.0000,0.0000,-21.7,-19.16,-0.60,"{69258905}                 [sl]",00:08:05:23,,,,,,,,,,,,
09/15/2025 18:50,09/16/2025 09:44,GOLD#,Buy,3674.76000,3689.59000,0.0000,0.0000,1483.0,192.79,6.41,"{69250522}                 [tp]",00:14:54:26,,,,,,,,,,,,
09/16/2025 03:32,09/16/2025 03:37,GOLD#,Buy,3685.50000,3683.37000,0.0000,0.0000,-213.0,-27.69,-0.91,"{69258906}                 [sl]",00:00:04:48,,,,,,,,,,,,
09/15/2025 16:35,09/15/2025 17:00,GOLD#,Buy,3656.52000,3654.65000,0.0000,0.0000,-187.0,-24.31,-0.79,"{69242527}                 [sl]",00:00:25:03,,,,,,,,,,,,
09/15/2025 16:37,09/15/2025 17:00,GOLD#,Buy,3657.41000,3655.40000,0.0000,0.0000,-201.0,-26.13,-0.85,"{69242742}                 [sl]",00:00:23:22,,,,,,,,,,,,
09/11/2025 09:00,09/11/2025 15:35,USDJPY,Buy,147.63900,147.43600,0.0000,0.0000,-20.3,-17.90,-0.58,"{69130592}                 [sl]",00:06:34:13,,,,,,,,,,,,
09/11/2025 12:13,09/11/2025 12:49,GOLD#,Sell,3620.31000,3622.33000,0.0000,0.0000,-202.0,-26.26,-0.84,"{69141557}                 [sl]",00:00:35:56,,,,,,,,,,,,
09/11/2025 05:45,09/11/2025 05:47,GOLD#,Sell,3634.76000,3637.54000,0.0000,0.0000,-278.0,-36.14,-1.14,"{69130591}                 [sl]",00:00:01:57,,,,,,,,,,,,
09/10/2025 03:52,09/10/2025 03:58,GOLD#,Sell,3621.81000,3624.30000,0.0000,0.0000,-249.0,-32.37,-1.01,"{69089297}                 [sl]",00:00:06:06,,,,,,,,,,,,
09/09/2025 11:30,09/09/2025 15:22,USDJPY,Sell,146.66200,146.86400,0.0000,0.0000,-20.2,-17.88,-0.56,"{69037492}                 [sl]",00:03:52:18,,,,,,,,,,,,
09/09/2025 11:32,09/09/2025 15:00,USDJPY,Sell,146.57700,146.78400,0.0000,0.0000,-20.7,-18.33,-0.57,"{69037620}                 [sl]",00:03:28:16,,,,,,,,,,,,
09/09/2025 09:00,09/09/2025 09:13,USDJPY,Sell,146.82100,147.02700,0.0000,0.0000,-20.6,-18.21,-0.56,"{69037491}                 [sl]",00:00:13:10,,,,,,,,,,,,
09/09/2025 04:21,09/09/2025 04:22,GOLD#,Buy,3646.26000,3644.25000,0.0000,0.0000,-201.0,-26.13,-0.80,"{69039273}                 [sl]",00:00:00:20,,,,,,,,,,,,
09/08/2025 10:04,09/08/2025 10:07,GOLD#,Buy,3600.00000,3597.95000,0.0000,0.0000,-205.0,-26.65,-0.81,"{68994598}                 [sl]",00:00:02:26,,,,,,,,,,,,
09/05/2025 15:30,09/08/2025 00:05,USDJPY,Sell,147.53900,148.24900,0.0000,0.0000,-71.0,-62.26,-1.85,"{68944046}                 [sl]",02:08:34:59,0.0,0s,71.0,71.43,0.0,0.0,-71.0,-62.48,0.0,0.0,-71.00,-62.48
09/05/2025 16:54,09/05/2025 17:29,GBPUSD,Buy,1.35494,1.35181,0.0000,0.0000,-31.3,-40.69,-1.19,"{68943512}                 [sl]",00:00:35:44,,,,,,,,,,,,
09/02/2025 10:52,09/03/2025 18:25,GBPUSD,Sell,1.34161,1.34474,0.0000,0.0000,-31.3,-40.69,-1.18,"{68801373}                 [sl]",01:07:33:15,62.5,19h 43m,85.8,0.57,54.5,70.85000000000001,-31.3,-40.690000000000005,63.5,0.0,-85.80,-111.54
09/03/2025 10:18,09/03/2025 11:00,GBPUSD,Sell,1.33408,1.33710,0.0000,0.0000,-30.2,-39.26,-1.13,"{68850756}                 [sl]",00:00:41:36,,,,,,,,,,,,
09/03/2025 10:18,09/03/2025 10:48,USDJPY,Buy,148.93100,148.72400,0.0000,0.0000,-20.7,-18.09,-0.52,"{68851215}                     ",00:00:29:39,,,,,,,,,,,,
09/03/2025 03:24,09/03/2025 03:28,GOLD#,Buy,3540.48000,3538.68000,0.0000,0.0000,-180.0,-23.40,-0.66,"{68851881}                 [sl]",00:00:04:42,,,,,,,,,,,,
09/02/2025 10:14,09/02/2025 17:24,USDJPY,Buy,148.17000,147.96700,0.0000,0.0000,-20.3,-17.84,-0.50,"{68804250}                 [sl]",00:07:10:24,,,,,,,,,,,,
09/02/2025 10:24,09/02/2025 15:26,GBPUSD,Sell,1.34463,1.33566,0.0000,0.0000,89.7,116.61,3.40,"{68801372}                 [tp]",00:05:01:31,,,,,,,,,,,,
09/02/2025 11:05,09/02/2025 11:23,GBPUSD,Sell,1.33903,1.34214,0.0000,0.0000,-31.1,-40.43,-1.16,"{68803010}                 [sl]",00:00:18:18,,,,,,,,,,,,
09/02/2025 11:07,09/02/2025 11:14,USDJPY,Buy,148.76200,148.56500,0.0000,0.0000,-19.7,-17.24,-0.49,"{68814414}                 [sl]",00:00:07:04,,,,,,,,,,,,
09/02/2025 04:14,09/02/2025 04:46,GOLD#,Buy,3489.70000,3504.70000,0.0000,0.0000,1500.0,195.00,5.92,"{68802794}                 [tp]",00:00:31:39,,,,,,,,,,,,
09/01/2025 04:58,09/01/2025 05:08,GOLD#,Buy,3453.77000,3468.92000,0.0000,0.0000,1515.0,196.95,6.36,"{68772000}                 [tp]",00:00:10:05,,,,,,,,,,,,
08/29/2025 17:32,08/29/2025 17:35,GOLD#,Buy,3438.88000,3436.86000,0.0000,0.0000,-202.0,-26.26,-0.84,"{68756287}                 [sl]",00:00:03:06,,,,,,,,,,,,
08/29/2025 16:38,08/29/2025 17:31,GOLD#,Buy,3423.05000,3437.96000,0.0000,0.0000,1491.0,193.83,6.62,"{68736244}                 [tp]",00:00:52:52,,,,,,,,,,,,
08/28/2025 13:27,08/28/2025 16:07,USDJPY,Sell,146.99100,147.19300,0.0000,0.0000,-20.2,-17.84,-0.61,"{68704473}                 [sl]",00:02:40:04,,,,,,,,,,,,
08/28/2025 14:30,08/28/2025 15:31,GOLD#,Buy,3404.73000,3402.77000,0.0000,0.0000,-196.0,-25.48,-0.86,"{68704481}                 [sl]",00:01:00:58,,,,,,,,,,,,
08/28/2025 15:09,08/28/2025 15:12,GOLD#,Buy,3408.49000,3406.45000,0.0000,0.0000,-204.0,-26.52,-0.88,"{68715916}                 [sl]",00:00:02:50,,,,,,,,,,,,
08/27/2025 19:34,08/28/2025 03:57,GOLD#,Buy,3394.11000,3392.05000,0.0000,0.0000,-206.0,-26.78,-0.89,"{68675299}                 [sl]",00:08:23:18,,,,,,,,,,,,
08/28/2025 02:06,08/28/2025 02:49,GOLD#,Buy,3398.84000,3396.74000,0.0000,0.0000,-210.0,-27.30,-0.89,"{68704472}                 [sl]",00:00:42:44,,,,,,,,,,,,
08/27/2025 07:19,08/27/2025 09:24,USDJPY,Buy,147.93200,147.72400,0.0000,0.0000,-20.8,-18.30,-0.60,"{68675303}                 [sl]",00:02:04:59,,,,,,,,,,,,
08/26/2025 03:23,08/26/2025 03:25,GOLD#,Buy,3378.69000,3376.54000,0.0000,0.0000,-215.0,-27.95,-0.90,"{68643090}                 [sl]",00:00:02:14,,,,,,,,,,,,
08/22/2025 17:47,08/22/2025 17:48,GOLD#,Buy,3375.70000,3372.62000,0.0000,0.0000,-308.0,-40.04,-1.28,"{68594356}                 [sl]",00:00:00:41,,,,,,,,,,,,
08/22/2025 17:10,08/22/2025 17:35,GOLD#,Buy,3358.25000,3373.41000,0.0000,0.0000,1516.0,197.08,6.70,"{68590528}                 [tp]",00:00:24:58,,,,,,,,,,,,
08/22/2025 17:19,08/22/2025 17:22,USDJPY,Sell,146.87100,147.07800,0.0000,0.0000,-20.7,-18.30,-0.62,"{68590188}                 [sl]",00:00:02:38,,,,,,,,,,,,
08/22/2025 17:01,08/22/2025 17:18,GOLD#,Buy,3347.85000,3363.90000,0.0000,0.0000,1605.0,208.65,7.58,"{68570972}                 [tp]",00:00:17:20,,,,,,,,,,,,
08/21/2025 17:23,08/22/2025 17:00,USDJPY,Buy,148.10400,147.87900,0.0000,0.0000,-22.5,-19.78,-0.71,"{68539525}                 [sl]",00:23:36:38,66.7,15h 44m,188.9,2.12,60.6,53.328,-128.3,-112.90400000000001,32.1,56.0,-83.10,-73.13
08/22/2025 15:12,08/22/2025 15:15,GOLD#,Sell,3325.24000,3327.25000,0.0000,0.0000,-201.0,-26.13,-0.93,"{68573185}                 [sl]",00:00:03:53,,,,,,,,,,,,
08/20/2025 16:44,08/20/2025 16:46,GOLD#,Buy,3345.30000,3343.24000,0.0000,0.0000,-206.0,-26.78,-0.95,"{68525008}                 [sl]",00:00:02:24,,,,,,,,,,,,
08/19/2025 17:47,08/19/2025 17:48,GOLD#,Sell,3323.64000,3325.85000,0.0000,0.0000,-221.0,-28.73,-1.01,"{68477421}                 [sl]",00:00:00:57,,,,,,,,,,,,
08/19/2025 03:00,08/19/2025 03:07,GOLD#,Sell,3329.97000,3332.35000,0.0000,0.0000,-238.0,-30.94,-1.07,"{68477245}                 [sl]",00:00:06:56,,,,,,,,,,,,
08/18/2025 17:48,08/18/2025 18:46,USDJPY,Buy,147.95000,147.74900,0.0000,0.0000,-20.1,-17.69,-0.61,"{68447022}                 [sl]",00:00:58:00,,,,,,,,,,,,
08/18/2025 06:37,08/18/2025 06:58,GOLD#,Buy,3348.63000,3346.66000,0.0000,0.0000,-197.0,-25.61,-0.87,"{68449357}                 [sl]",00:00:20:28,,,,,,,,,,,,
08/18/2025 02:16,08/18/2025 03:09,GOLD#,Sell,3329.25000,3331.91000,0.0000,0.0000,-266.0,-34.58,-1.17,"{68447034}                 [sl]",00:00:52:45,,,,,,,,,,,,
08/14/2025 19:16,08/14/2025 19:19,GOLD#,Sell,3331.17000,3333.21000,0.0000,0.0000,-204.0,-26.52,-0.89,"{68404457}                 [sl]",00:00:03:11,,,,,,,,,,,,
08/14/2025 03:46,08/14/2025 15:30,USDJPY,Sell,146.69600,146.90500,0.0000,0.0000,-20.9,-18.49,-0.61,"{68371158}                 [sl]",00:11:44:06,,,,,,,,,,,,
08/14/2025 03:55,08/14/2025 15:30,USDJPY,Sell,146.62200,146.82300,0.0000,0.0000,-20.1,-17.80,-0.59,"{68371160}                 [sl]",00:11:34:45,,,,,,,,,,,,
08/14/2025 03:22,08/14/2025 04:00,GOLD#,Buy,3370.79000,3368.62000,0.0000,0.0000,-217.0,-28.21,-0.92,"{68371665}                 [sl]",00:00:37:15,,,,,,,,,,,,
08/13/2025 10:13,08/13/2025 10:15,GOLD#,Buy,3359.02000,3356.95000,0.0000,0.0000,-207.0,-26.91,-0.87,"{68338135}                 [sl]",00:00:02:22,,,,,,,,,,,,
08/11/2025 14:32,08/11/2025 14:33,GOLD#,Sell,3349.85000,3351.88000,0.0000,0.0000,-203.0,-26.39,-0.85,"{68268704}                 [sl]",00:00:00:59,,,,,,,,,,,,
08/11/2025 10:47,08/11/2025 10:51,GOLD#,Sell,3358.22000,3360.32000,0.0000,0.0000,-210.0,-27.30,-0.87,"{68264815}                 [sl]",00:00:03:57,,,,,,,,,,,,
08/11/2025 04:07,08/11/2025 04:51,GOLD#,Sell,3376.59000,3378.81000,0.0000,0.0000,-222.0,-28.86,-0.91,"{68253903}                 [sl]",00:00:44:41,,,,,,,,,,,,
08/08/2025 15:16,08/08/2025 15:37,USDJPY,Buy,147.88200,147.66800,0.0000,0.0000,-21.4,-18.84,-0.59,"{68196270}                 [sl]",00:00:20:54,,,,,,,,,,,,
08/08/2025 03:35,08/08/2025 03:37,GOLD#,Sell,3390.49000,3392.53000,0.0000,0.0000,-204.0,-26.52,-0.83,"{68193333}                 [sl]",00:00:02:07,,,,,,,,,,,,
08/07/2025 10:25,08/07/2025 11:05,GOLD#,Buy,3390.43000,3388.33000,0.0000,0.0000,-210.0,-27.30,-0.84,"{68149548}                 [sl]",00:00:40:30,,,,,,,,,,,,
08/05/2025 17:51,08/05/2025 18:33,GOLD#,Buy,3385.24000,3383.24000,0.0000,0.0000,-200.0,-26.00,-0.80,"{68078865}                 [sl]",00:00:42:40,,,,,,,,,,,,
08/04/2025 14:51,08/04/2025 15:20,GOLD#,Buy,3368.68000,3366.74000,0.0000,0.0000,-194.0,-25.22,-0.77,"{68045302}                 [sl]",00:00:28:52,,,,,,,,,,,,
08/01/2025 17:00,08/01/2025 17:06,USDJPY,Sell,147.81900,148.01000,0.0000,0.0000,-19.1,-16.78,-0.51,"{68019790}                 [sl]",00:00:06:45,,,,,,,,,,,,
08/01/2025 15:47,08/01/2025 15:47,GOLD#,Buy,3345.27000,3343.07000,0.0000,0.0000,-220.0,-28.60,-0.86,"{68017556}                 [sl]",00:00:00:08,,,,,,,,,,,,
08/01/2025 15:37,08/01/2025 15:39,GOLD#,Buy,3334.08000,3331.96000,0.0000,0.0000,-212.0,-27.56,-0.82,"{68015222}                 [sl]",00:00:01:33,,,,,,,,,,,,
08/01/2025 15:31,08/01/2025 15:34,GOLD#,Buy,3315.06000,3329.99000,0.0000,0.0000,1493.0,194.09,6.13,"{68013577}                 [tp]",00:00:03:34,,,,,,,,,,,,
08/01/2025 15:30,08/01/2025 15:30,GBPUSD,Sell,1.31397,1.31755,0.0000,0.0000,-35.8,-46.54,-1.45,"{67993104}                 [sl]",00:00:00:01,,,,,,,,,,,,
07/31/2025 16:43,08/01/2025 15:30,USDJPY,Buy,150.47100,150.08700,0.0000,0.0000,-38.4,-33.26,-1.02,"{67970923}                 [sl]",00:22:46:25,66.7,15h 11m,275.2,7.17,33.7,29.319000000000003,-241.5,-210.105,12.2,73.8,-72.10,-62.73
08/01/2025 02:19,08/01/2025 02:24,GOLD#,Sell,3288.92000,3291.00000,0.0000,0.0000,-208.0,-27.04,-0.83,"{67993502}                 [sl]",00:00:04:57,,,,,,,,,,,,
07/30/2025 21:50,07/31/2025 09:55,GBPUSD,Sell,1.32513,1.32808,0.0000,0.0000,-29.5,-38.35,-1.16,"{67916873}                 [sl]",00:12:05:04,,,,,,,,,,,,
07/30/2025 21:48,07/31/2025 04:59,USDJPY,Buy,149.17100,148.96900,0.0000,0.0000,-20.2,-17.63,-0.53,"{67917204}                 [sl]",00:07:11:16,,,,,,,,,,,,
07/30/2025 21:50,07/30/2025 21:51,GOLD#,Sell,3282.72000,3285.46000,0.0000,0.0000,-274.0,-35.62,-1.06,"{67945715}                 [sl]",00:00:00:48,,,,,,,,,,,,
07/30/2025 15:53,07/30/2025 21:10,USDJPY,Buy,148.79400,148.58500,0.0000,0.0000,-20.9,-18.29,-0.54,"{67917202}                 [sl]",00:05:17:15,,,,,,,,,,,,
07/30/2025 16:40,07/30/2025 17:36,USDJPY,Buy,149.07300,148.87100,0.0000,0.0000,-20.2,-17.64,-0.52,"{67917203}                 [sl]",00:00:56:34,,,,,,,,,,,,
07/28/2025 20:42,07/30/2025 16:58,GBPUSD,Sell,1.33644,1.32755,0.0000,0.0000,88.9,106.68,3.24,"{67849412}                 [tp]",01:20:16:14,91.0,1d 16h ,40.6,0.10,91.6,109.91999999999999,-8.7,-10.44,91.3,97.3,-2.70,-3.24
07/30/2025 16:33,07/30/2025 16:33,GOLD#,Sell,3301.53000,3304.20000,0.0000,0.0000,-267.0,-34.71,-1.04,"{67938286}                 [sl]",00:00:00:15,,,,,,,,,,,,
07/30/2025 12:57,07/30/2025 12:59,GOLD#,Buy,3334.01000,3331.80000,0.0000,0.0000,-221.0,-28.73,-0.86,"{67917205}                 [sl]",00:00:01:35,,,,,,,,,,,,
07/28/2025 16:53,07/28/2025 17:26,GOLD#,Sell,3309.11000,3312.13000,0.0000,0.0000,-302.0,-36.24,-1.07,"{67872221}                 [sl]",00:00:33:09,,,,,,,,,,,,
07/28/2025 16:47,07/28/2025 16:58,GOLD#,Sell,3319.41000,3304.18000,0.0000,0.0000,1523.0,182.76,5.69,"{67868695}                 [tp]",00:00:11:29,,,,,,,,,,,,
07/25/2025 11:19,07/25/2025 17:17,GOLD#,Sell,3350.58000,3336.23000,0.0000,0.0000,1435.0,172.20,5.67,"{67818776}                 [tp]",00:05:57:52,,,,,,,,,,,,
07/24/2025 04:12,07/24/2025 10:01,USDJPY,Sell,146.11500,146.31400,0.0000,0.0000,-19.9,-16.32,-0.53,"{67776238}                 [sl]",00:05:48:18,,,,,,,,,,,,
07/24/2025 05:13,07/24/2025 05:16,GOLD#,Sell,3381.28000,3383.58000,0.0000,0.0000,-230.0,-27.60,-0.90,"{67776237}                 [sl]",00:00:03:37,,,,,,,,,,,,
07/22/2025 15:11,07/24/2025 04:36,USDJPY,Sell,147.08400,145.88900,0.0000,0.0000,119.5,98.29,3.29,"{67701807}                 [tp]",01:13:24:18,100.0,1d 13h ,33.7,0.01,119.5,97.99,0.0,0.0,100.0,100.0,0.00,0.00
07/23/2025 19:21,07/23/2025 19:23,GOLD#,Sell,3383.13000,3385.46000,0.0000,0.0000,-233.0,-27.96,-0.93,"{67768901}                 [sl]",00:00:01:57,,,,,,,,,,,,
07/22/2025 15:47,07/23/2025 05:21,USDJPY,Sell,146.91500,147.12500,0.0000,0.0000,-21.0,-17.13,-0.57,"{67701808}                 [sl]",00:13:34:16,,,,,,,,,,,,
07/23/2025 02:14,07/23/2025 02:18,USDJPY,Sell,146.31400,146.51400,0.0000,0.0000,-20.0,-16.38,-0.54,"{67736959}                 [sl]",00:00:03:18,,,,,,,,,,,,
07/23/2025 02:13,07/23/2025 02:16,GOLD#,Buy,3433.42000,3431.33000,0.0000,0.0000,-209.0,-25.08,-0.82,"{67736961}                 [sl]",00:00:02:44,,,,,,,,,,,,
07/21/2025 17:25,07/21/2025 19:47,GOLD#,Buy,3396.88000,3394.69000,0.0000,0.0000,-219.0,-26.28,-0.85,"{67688349}                 [sl]",00:02:22:06,,,,,,,,,,,,
07/21/2025 17:33,07/21/2025 17:48,GOLD#,Buy,3399.97000,3397.87000,0.0000,0.0000,-210.0,-25.20,-0.81,"{67691282}                 [sl]",00:00:15:16,,,,,,,,,,,,
07/21/2025 16:46,07/21/2025 16:48,GOLD#,Buy,3393.37000,3391.31000,0.0000,0.0000,-206.0,-24.72,-0.79,"{67687455}                 [sl]",00:00:02:11,,,,,,,,,,,,
07/21/2025 15:02,07/21/2025 15:08,GOLD#,Buy,3377.13000,3375.12000,0.0000,0.0000,-201.0,-24.12,-0.76,"{67675091}                 [sl]",00:00:05:48,,,,,,,,,,,,
07/21/2025 08:11,07/21/2025 15:00,GOLD#,Buy,3362.01000,3376.21000,0.0000,0.0000,1420.0,170.40,5.68,"{67667706}                 [tp]",00:06:49:12,,,,,,,,,,,,
07/19/2025 14:50,,,Deposit,0.00000,0.00000,0.0000,0.0000,0.0,28.50,0,"EXP05-COD-BC 173305902",00:00:00:00,,,,,,,,,,,,
07/19/2025 14:50,,,Deposit,0.00000,0.00000,0.0000,0.0000,0.0,2971.50,0,"CD-COD-BC 173305902",00:00:00:00,,,,,,,,,,,,

