Open Date,Close Date,Symbol,Action,Units/Lots,Open Price,Close Price,Commission,Swap,Pips,Profit,Gain,Comment,Magic Number,Duration (DD:HH:MM:SS),Profitable(%),Profitable(time duration),Drawdown,Risk:Reward,Max(pips),Max(JPY),Min(pips),Min(JPY),Entry Accuracy(%),Exit Accuracy(%),ProfitMissed(pips),ProfitMissed(JPY)
05/29/2026 03:50,05/29/2026 06:51,USDJPY,Sell,1.000,159.27400,159.37500,0.0000,0.0000,-10.1,-10100.00,-2.43,"[sl]",10001,00:03:01:12,9.9,17m,11.9,5.61,1.8,1800.0,-10.1,-10100.0,15.1,0.0,-11.90,-11900.00
05/25/2026 03:50,05/25/2026 08:00,USDJPY,Sell,1.000,158.84800,158.87400,0.0000,0.0000,-2.6,-2600.00,-0.62,"",10001,00:04:10:00,20.0,50m,14.7,0.83,8.1,8100.0,-6.7,-6700.0,54.7,27.7,-10.70,-10700.00
05/15/2026 03:50,05/15/2026 04:28,USDJPY,Sell,1.000,158.44500,158.54600,0.0000,0.0000,-10.1,-10100.00,-2.35,"[sl]",10001,00:00:38:09,0.0,0s,11.1,11.11,0.0,0.0,-11.1,-11100.0,0.0,9.0,-10.10,-10100.00
05/08/2026 03:50,05/08/2026 03:54,USDJPY,Sell,1.000,156.89100,156.98700,0.0000,0.0000,-9.6,-9600.00,-2.19,"[sl]",10001,00:00:04:18,0.0,0s,9.6,9.61,0.0,0.0,-9.6,-9600.0,0.0,0.0,-9.60,-9600.00
05/07/2026 22:00,05/08/2026 03:50,USDJPY,Buy,0.330,156.75300,156.89100,0.0000,31.0000,13.8,4585.00,1.06,"",10003,00:05:50:01,88.1,5h 8m,22.0,0.26,19.5,6435.0,-5.1,-1682.9999999999998,79.3,76.8,-5.70,-1881.00
05/07/2026 20:00,05/08/2026 03:50,USDJPY,Buy,0.330,156.64500,156.89100,0.0000,31.0000,24.6,8149.00,1.91,"",10002,00:07:50:01,98.6,7h 43m,23.5,0.08,30.3,9999.0,-2.4,-792.0,92.7,82.6,-5.70,-1881.00
05/07/2026 18:00,05/08/2026 03:50,USDJPY,Buy,0.330,156.26500,156.88900,0.0000,31.0000,62.4,20623.00,5.09,"",10000,00:09:50:01,100.0,9h 50m,18.9,0.01,71.2,23496.0,0.0,0.0,100.0,87.6,-8.80,-2904.00
04/24/2026 03:50,04/24/2026 08:00,USDJPY,Sell,1.000,159.75900,159.79100,0.0000,0.0000,-3.2,-3200.00,-0.78,"",10001,00:04:09:59,10.1,25m,8.2,3.20,2.5,2500.0,-8.0,-8000.0,23.8,45.7,-5.70,-5700.00
04/23/2026 22:00,04/24/2026 03:50,USDJPY,Buy,0.330,159.64200,159.75900,0.0000,31.0000,11.7,3892.00,0.96,"",10003,00:05:50:01,95.2,5h 33m,13.4,0.17,13.9,4587.0,-2.4,-792.0,85.3,86.5,-2.20,-726.00
04/23/2026 20:00,04/24/2026 03:50,USDJPY,Buy,0.330,159.46800,159.76000,0.0000,31.0000,29.2,9667.00,2.45,"",10002,00:07:50:00,100.0,7h 50m,35.5,0.03,36.8,12143.999999999998,0.0,0.0,100.0,79.3,-7.60,-2508.00
04/23/2026 18:00,04/24/2026 03:50,USDJPY,Buy,0.330,159.40900,159.76000,0.0000,31.0000,35.1,11614.00,3.03,"",10000,00:09:50:00,93.9,9h 14m,35.5,0.20,42.7,14091.000000000002,-8.5,-2805.0,83.4,85.2,-7.60,-2508.00
04/15/2026 03:50,04/15/2026 04:01,USDJPY,Sell,1.000,158.82300,158.92700,0.0000,0.0000,-10.4,-10400.00,-2.64,"[sl]",10001,00:00:11:07,45.5,5m,14.7,3.08,3.6,3600.0,-11.1,-11100.0,24.5,4.8,-14.00,-14000.00
04/14/2026 22:00,04/15/2026 03:50,USDJPY,Buy,0.330,158.83800,158.82300,0.0000,31.0000,-1.5,-464.00,-0.12,"",10003,00:05:50:01,35.9,2h 5m,16.1,1.40,6.7,2211.0,-9.4,-3102.0,41.6,49.1,-8.20,-2706.00
04/14/2026 20:00,04/15/2026 03:50,USDJPY,Buy,0.330,158.84800,158.82300,0.0000,31.0000,-2.5,-794.00,-0.20,"",10002,00:07:50:01,21.7,1h 41m,19.3,2.84,5.7,1881.0,-16.2,-5346.0,26.0,62.6,-8.20,-2706.00
04/14/2026 18:00,04/15/2026 03:50,USDJPY,Buy,0.330,158.76000,158.82300,0.0000,31.0000,6.3,2110.00,0.54,"",10000,00:09:50:00,89.9,8h 50m,23.8,0.45,16.4,5411.999999999999,-7.4,-2442.0,68.9,57.6,-10.10,-3333.00
04/10/2026 03:50,04/10/2026 05:30,USDJPY,Sell,1.000,159.19300,159.19600,0.0000,0.0000,-0.3,-300.00,-0.08,"[sl]",10001,00:01:40:27,79.0,1h 19m,16.2,0.26,15.9,15900.0,-4.2,-4200.0,79.1,19.4,-16.20,-16200.00
04/09/2026 22:00,04/10/2026 03:50,USDJPY,Buy,0.330,159.02500,159.19400,0.0000,31.0000,16.9,5608.00,1.45,"",10003,00:05:50:01,64.7,3h 46m,20.4,0.51,21.1,6963.000000000001,-10.7,-3530.9999999999995,66.4,86.8,-4.20,-1386.00
04/09/2026 20:00,04/10/2026 03:50,USDJPY,Buy,0.330,158.77500,159.19400,0.0000,31.0000,41.9,13858.00,3.71,"",10002,00:07:50:00,89.0,6h 58m,20.4,0.20,46.1,15213.0,-9.3,-3069.0000000000005,83.2,92.4,-4.20,-1386.00
04/09/2026 18:00,04/10/2026 03:50,USDJPY,Buy,0.330,159.20200,159.19400,0.0000,31.0000,-0.8,-233.00,-0.06,"",10000,00:09:50:00,6.2,36m,63.8,6.98,8.0,2640.0,-55.8,-18414.0,12.5,86.2,-8.80,-2904.00
03/24/2026 21:00,03/25/2026 02:50,USDJPY,Buy,0.330,158.98400,158.65100,0.0000,31.0000,-33.3,-10958.00,-2.85,"",10003,00:05:50:01,16.3,57m,76.8,3.39,17.5,5775.0,-59.3,-19569.0,22.8,33.9,-50.80,-16764.00
03/24/2026 19:00,03/25/2026 02:50,USDJPY,Buy,0.330,158.93200,158.64700,0.0000,31.0000,-28.5,-9374.00,-2.38,"",10002,00:07:50:00,36.2,2h 50m,78.4,2.23,24.3,8019.0,-54.1,-17853.0,31.0,32.7,-52.80,-17424.00
03/24/2026 17:00,03/25/2026 02:50,USDJPY,Buy,0.330,158.74100,158.64800,0.0000,31.0000,-9.3,-3038.00,-0.76,"",10000,00:09:50:00,49.2,4h 50m,63.4,0.48,42.9,14157.0,-20.5,-6765.0,67.7,17.7,-52.20,-17226.00
03/13/2026 02:50,03/13/2026 02:53,USDJPY,Sell,1.000,159.11200,159.21300,0.0000,0.0000,-10.1,-10100.00,-2.48,"[sl]",10001,00:00:03:34,,,,,,,,,,,,
03/12/2026 21:00,03/13/2026 02:50,USDJPY,Buy,0.330,159.41500,159.11200,0.0000,31.0000,-30.3,-9968.00,-2.39,"",10003,00:05:50:01,5.5,19m,31.8,20.20,1.5,495.0,-30.3,-9999.0,4.7,0.0,-31.80,-10494.00
03/12/2026 19:00,03/13/2026 02:50,USDJPY,Buy,0.330,159.22100,159.11200,0.0000,31.0000,-10.9,-3566.00,-0.85,"",10002,00:07:50:00,91.3,7h 9m,31.8,0.52,20.9,6896.999999999999,-10.9,-3597.0,65.7,0.0,-31.80,-10494.00
03/12/2026 17:00,03/13/2026 02:50,USDJPY,Buy,0.330,159.19700,159.11000,0.0000,31.0000,-8.7,-2840.00,-0.67,"",10000,00:09:50:00,82.3,8h 5m,32.0,0.96,23.3,7689.0,-22.4,-7391.999999999999,51.0,30.0,-32.00,-10560.00
03/09/2026 21:00,03/10/2026 02:50,USDJPY,Buy,0.330,158.41100,157.66500,0.0000,31.0000,-74.6,-24587.00,-5.48,"",10003,00:05:50:46,0.3,1m,77.6,400.00,0.2,66.0,-77.4,-25542.000000000004,0.3,3.6,-74.80,-24684.00
03/09/2026 19:00,03/10/2026 02:50,USDJPY,Buy,0.330,158.15100,157.66600,0.0000,31.0000,-48.5,-15974.00,-3.44,"",10002,00:07:50:45,31.3,2h 27m,77.6,1.96,26.2,8646.0,-51.4,-16962.0,33.8,3.7,-74.70,-24651.00
03/09/2026 17:00,03/10/2026 02:50,USDJPY,Buy,0.330,158.40200,157.66700,0.0000,31.0000,-73.5,-24224.00,-4.96,"",10000,00:09:50:43,2.6,15m,82.5,10.46,7.2,2376.0,-75.3,-24849.0,8.7,2.2,-80.70,-26631.00
02/27/2026 02:50,02/27/2026 02:51,USDJPY,Sell,1.000,155.75200,155.85600,0.0000,0.0000,-10.4,-10400.00,-2.08,"[sl]",10001,00:00:01:16,,,,,,,,,,,,
02/25/2026 02:50,02/25/2026 03:44,USDJPY,Sell,1.000,155.74900,155.70800,0.0000,0.0000,4.1,4100.00,0.83,"",10001,00:00:54:43,1.9,1m,23.6,5.76,4.1,4100.0,-23.6,-23600.0,14.8,100.0,0.00,0.00
02/24/2026 21:00,02/25/2026 02:50,USDJPY,Buy,0.330,155.79400,155.75600,0.0000,31.0000,-3.8,-1223.00,-0.25,"",10003,00:05:50:01,55.3,3h 13m,16.7,0.68,12.9,4257.0,-8.8,-2904.0000000000005,59.4,23.0,-16.70,-5511.00
02/24/2026 19:00,02/25/2026 02:50,USDJPY,Buy,0.330,155.67500,155.75600,0.0000,31.0000,8.1,2704.00,0.55,"",10002,00:07:50:00,94.1,7h 22m,26.3,0.30,24.8,8184.0,-7.5,-2475.0,76.8,48.3,-16.70,-5511.00
02/24/2026 17:00,02/25/2026 02:50,USDJPY,Buy,0.330,155.99700,155.75500,0.0000,31.0000,-24.2,-7955.00,-1.59,"",10000,00:09:50:00,9.7,57m,56.2,2.41,16.5,5445.0,-39.7,-13101.000000000002,29.4,27.6,-40.70,-13431.00
02/20/2026 02:50,02/20/2026 03:00,USDJPY,Sell,1.000,155.12700,155.13400,0.0000,0.0000,-0.7,-700.00,-0.14,"[sl]",10001,00:00:10:00,0.0,0s,7.4,7.40,0.0,0.0,-7.4,-7400.0,0.0,90.5,-0.70,-700.00
02/19/2026 21:00,02/20/2026 02:50,USDJPY,Buy,0.330,154.88600,155.12800,0.0000,31.0000,24.2,8017.00,1.62,"",10003,00:05:50:00,89.5,5h 13m,23.9,0.18,30.9,10197.0,-5.5,-1815.0,84.9,81.6,-6.70,-2211.00
02/19/2026 19:00,02/20/2026 02:50,USDJPY,Buy,0.330,154.97800,155.12700,0.0000,31.0000,14.9,4948.00,1.01,"",10002,00:07:50:00,46.0,3h 36m,23.9,0.68,21.7,7161.0,-14.7,-4851.0,59.6,81.3,-6.80,-2244.00
02/19/2026 17:00,02/20/2026 02:50,USDJPY,Buy,0.330,155.23000,155.12700,0.0000,31.0000,-10.3,-3368.00,-0.68,"",10000,00:09:50:00,1.7,10m,44.6,8.50,4.7,1551.0,-39.9,-13167.0,10.5,66.4,-15.00,-4950.00
02/13/2026 02:50,02/13/2026 02:54,USDJPY,Sell,1.000,152.85200,152.85400,0.0000,0.0000,-0.2,-200.00,-0.04,"[sl]",10001,00:00:04:23,50.0,2m,7.9,0.05,7.5,7500.0,-0.4,-400.0,94.9,2.5,-7.70,-7700.00
02/12/2026 21:00,02/13/2026 02:50,USDJPY,Buy,0.330,152.94300,152.85200,0.0000,31.0000,-9.1,-2972.00,-0.60,"",10003,00:05:50:01,4.3,15m,33.5,7.59,3.9,1287.0,-29.6,-9768.0,11.6,61.2,-13.00,-4290.00
02/12/2026 19:00,02/13/2026 02:50,USDJPY,Buy,0.330,152.66900,152.85200,0.0000,31.0000,18.3,6070.00,1.24,"",10002,00:07:50:00,89.0,6h 58m,33.5,0.78,31.3,10329.0,-24.4,-8051.999999999999,56.2,76.7,-13.00,-4290.00
02/12/2026 17:00,02/13/2026 02:50,USDJPY,Buy,0.330,153.04200,152.85400,0.0000,31.0000,-18.8,-6173.00,-1.25,"",10000,00:09:50:00,8.5,50m,93.8,1.92,32.1,10593.0,-61.7,-20361.0,34.2,45.7,-50.90,-16797.00
02/10/2026 02:50,02/10/2026 03:00,USDJPY,Sell,1.000,156.26100,155.95100,0.0000,0.0000,31.0,31000.00,6.67,"[tp]",10001,00:00:10:27,100.0,10m,3.5,0.03,31.0,31000.0,0.0,0.0,100.0,100.0,0.00,0.00
02/09/2026 21:00,02/10/2026 02:50,USDJPY,Buy,0.330,155.91900,156.26100,0.0000,31.0000,34.2,11317.00,2.50,"",10003,00:05:50:02,30.8,1h 47m,37.7,0.82,34.2,11286.000000000002,-28.0,-9240.0,55.0,100.0,0.00,0.00
02/09/2026 19:00,02/10/2026 02:50,USDJPY,Buy,0.330,156.10300,156.26100,0.0000,31.0000,15.8,5245.00,1.17,"",10002,00:07:50:01,4.9,23m,48.6,2.94,15.8,5214.0,-46.4,-15312.0,25.4,100.0,0.00,0.00
02/09/2026 17:00,02/10/2026 02:50,USDJPY,Buy,0.330,155.61800,156.26300,0.0000,31.0000,64.5,21316.00,4.99,"",10000,00:09:50:01,98.2,9h 39m,48.6,0.12,64.5,21285.0,-7.7,-2541.0,89.3,100.0,0.00,0.00
01/30/2026 02:50,01/30/2026 02:53,USDJPY,Sell,1.000,153.53100,153.63700,0.0000,0.0000,-10.6,-10600.00,-2.42,"[sl]",10001,00:00:03:58,,,,,,,,,,,,
01/23/2026 02:50,01/23/2026 03:55,USDJPY,Sell,1.000,158.55200,158.65200,0.0000,0.0000,-10.0,-10000.00,-2.24,"[sl]",10001,00:01:05:18,92.4,1h 0m,19.8,1.02,9.8,9800.0,-10.0,-10000.0,49.5,0.0,-19.80,-19800.00
01/22/2026 21:00,01/23/2026 02:50,USDJPY,Buy,0.330,158.32200,158.55200,0.0000,21.0000,23.0,7611.00,1.73,"",10003,00:05:50:01,84.4,4h 55m,12.6,0.17,23.0,7590.0,-3.9,-1287.0,85.5,100.0,0.00,0.00
01/22/2026 19:00,01/23/2026 02:50,USDJPY,Buy,0.330,158.37300,158.54700,0.0000,21.0000,17.4,5763.00,1.33,"",10002,00:07:50:01,49.7,3h 53m,23.6,0.76,17.4,5741.999999999999,-13.3,-4389.0,56.7,100.0,0.00,0.00
01/22/2026 17:00,01/23/2026 02:50,USDJPY,Buy,0.330,158.63300,158.54700,0.0000,21.0000,-8.6,-2817.00,-0.64,"",10000,00:09:50:00,4.5,26m,51.7,3.17,12.4,4092.0,-39.3,-12968.999999999998,24.0,59.4,-21.00,-6930.00
01/20/2026 02:50,01/20/2026 03:01,USDJPY,Sell,1.000,158.18600,157.88600,0.0000,0.0000,30.0,30000.00,7.37,"[tp]",10001,00:00:11:08,63.7,7m,3.2,0.07,30.0,30000.0,-2.0,-2000.0,93.8,100.0,0.00,0.00
01/19/2026 21:00,01/20/2026 02:50,USDJPY,Buy,0.330,158.09000,158.18600,0.0000,21.0000,9.6,3189.00,0.79,"",10003,00:05:50:02,57.3,3h 20m,15.2,0.67,13.2,4356.0,-8.9,-2937.0,59.7,83.7,-3.60,-1188.00
01/19/2026 19:00,01/20/2026 02:50,USDJPY,Buy,0.330,158.07600,158.18600,0.0000,21.0000,11.0,3651.00,0.91,"",10002,00:07:50:01,69.5,5h 26m,15.2,0.51,14.6,4818.0,-7.5,-2475.0,66.1,83.7,-3.60,-1188.00
01/19/2026 17:00,01/20/2026 02:50,USDJPY,Buy,0.330,157.92000,158.18300,0.0000,21.0000,26.3,8700.00,2.22,"",10000,00:09:50:01,87.4,8h 35m,15.2,0.17,30.2,9966.0,-5.2,-1716.0,85.3,89.0,-3.90,-1287.00
01/15/2026 02:53,01/15/2026 04:29,USDJPY,Sell,1.000,158.46800,158.47100,0.0000,0.0000,-0.3,-300.00,-0.08,"[sl]",10001,00:01:36:17,49.5,47m,17.4,0.69,14.8,14800.0,-10.2,-10200.0,59.2,39.6,-15.10,-15100.00
01/14/2026 21:00,01/15/2026 02:52,USDJPY,Buy,0.330,158.47800,158.49200,0.0000,63.0000,1.4,525.00,0.13,"",10003,00:05:52:02,36.3,2h 7m,38.8,2.53,11.0,3630.0,-27.8,-9174.0,28.4,75.3,-9.60,-3168.00
01/14/2026 19:00,01/15/2026 02:52,USDJPY,Buy,0.330,158.14800,158.49200,0.0000,63.0000,34.4,11415.00,3.01,"",10002,00:07:52:01,96.9,7h 37m,36.6,0.08,43.4,14322.0,-3.5,-1155.0,92.5,80.8,-9.00,-2970.00
01/14/2026 17:00,01/15/2026 02:52,USDJPY,Buy,0.330,158.23400,158.49200,0.0000,63.0000,25.8,8577.00,2.31,"",10000,00:09:52:00,79.9,7h 53m,36.6,0.35,34.8,11483.999999999998,-12.1,-3993.0,74.2,80.8,-9.00,-2970.00
01/09/2026 02:50,01/09/2026 03:06,USDJPY,Sell,1.000,156.97600,157.08100,0.0000,0.0000,-10.5,-10500.00,-2.75,"[sl]",10001,00:00:16:11,93.8,15m,19.9,1.12,9.4,9400.0,-10.5,-10500.0,47.2,0.0,-19.90,-19900.00
01/08/2026 21:00,01/09/2026 02:50,USDJPY,Buy,0.330,156.90500,156.97600,0.0000,21.0000,7.1,2364.00,0.62,"",10003,00:05:49:59,42.6,2h 29m,23.9,1.85,8.4,2772.0,-15.5,-5115.0,35.1,94.6,-1.30,-429.00
01/08/2026 19:00,01/09/2026 02:50,USDJPY,Buy,0.330,156.91900,156.97600,0.0000,21.0000,5.7,1902.00,0.50,"",10002,00:07:50:02,32.1,2h 30m,23.9,2.41,7.0,2310.0,-16.9,-5576.999999999999,29.3,94.6,-1.30,-429.00
01/08/2026 17:00,01/09/2026 02:50,USDJPY,Buy,0.330,156.98200,156.97600,0.0000,21.0000,-0.6,-177.00,-0.05,"",10000,00:09:50:02,11.4,1h 7m,31.0,2.97,7.8,2574.0,-23.2,-7656.0,25.2,72.9,-8.40,-2772.00
12/30/2025 02:50,12/30/2025 02:53,USDJPY,Sell,1.000,156.19100,156.29200,0.0000,0.0000,-10.1,-10100.00,-2.61,"[sl]",10001,00:00:03:05,,,,,,,,,,,,
12/23/2025 21:00,12/24/2025 02:50,USDJPY,Buy,0.330,156.24000,156.10200,0.0000,21.0000,-13.8,-4533.00,-1.16,"",10003,00:05:50:01,40.9,2h 23m,20.9,1.94,7.1,2343.0,-13.8,-4554.0,34.0,0.0,-20.90,-6897.00
12/23/2025 19:00,12/24/2025 02:50,USDJPY,Buy,0.330,156.34900,156.10400,0.0000,21.0000,-24.5,-8064.00,-2.01,"",10002,00:07:50:01,7.4,34m,26.9,10.21,2.4,792.0,-24.5,-8085.0,8.9,0.0,-26.90,-8877.00
12/23/2025 17:00,12/24/2025 02:50,USDJPY,Buy,0.330,156.41300,156.10000,0.0000,21.0000,-31.3,-10308.00,-2.51,"",10000,00:09:50:00,,,,,,,,,,,,
12/19/2025 02:50,12/19/2025 02:55,USDJPY,Sell,1.000,155.68600,155.78400,0.0000,0.0000,-9.8,-9800.00,-2.33,"[sl]",10001,00:00:04:58,75.0,3m,19.3,1.03,9.5,9500.0,-9.8,-9800.0,49.2,0.0,-19.30,-19300.00
12/18/2025 21:00,12/19/2025 02:50,USDJPY,Buy,0.330,155.64600,155.68600,0.0000,83.0000,4.0,1403.00,0.33,"",10003,00:05:50:02,10.3,36m,24.4,3.88,5.0,1650.0,-19.4,-6401.999999999999,20.5,95.9,-1.00,-330.00
12/18/2025 19:00,12/19/2025 02:50,USDJPY,Buy,0.330,155.53900,155.68900,0.0000,83.0000,15.0,5033.00,1.22,"",10002,00:07:50:02,72.9,5h 42m,24.4,1.02,15.7,5181.0,-16.0,-5280.0,49.5,97.8,-0.70,-231.00
12/18/2025 17:00,12/19/2025 02:50,USDJPY,Buy,0.330,155.50400,155.68700,0.0000,83.0000,18.3,6122.00,1.50,"",10000,00:09:50:01,78.2,7h 41m,26.9,0.86,18.3,6039.0,-15.7,-5181.0,53.8,100.0,0.00,0.00
12/15/2025 02:50,12/15/2025 03:55,USDJPY,Sell,1.000,155.93900,155.63500,0.0000,0.0000,30.4,30400.00,8.06,"[tp]",10001,00:01:05:21,37.9,24m,17.1,0.13,30.4,30400.0,-3.9,-3900.0,88.6,100.0,0.00,0.00
12/10/2025 02:50,12/10/2025 07:00,USDJPY,Sell,1.000,156.81000,156.64500,0.0000,0.0000,16.5,16500.00,4.57,"",10001,00:04:09:59,77.6,3h 13m,16.2,0.51,24.9,24900.0,-12.7,-12700.0,66.2,77.7,-8.40,-8400.00
12/09/2025 21:00,12/10/2025 02:50,USDJPY,Buy,0.330,156.90800,156.80900,0.0000,83.0000,-9.9,-3184.00,-0.87,"",10003,00:05:50:01,27.7,1h 36m,17.1,2.72,4.6,1517.9999999999998,-12.5,-4125.0,26.9,15.2,-14.50,-4785.00
12/09/2025 19:00,12/10/2025 02:50,USDJPY,Buy,0.330,156.86900,156.80900,0.0000,83.0000,-6.0,-1897.00,-0.52,"",10002,00:07:50:00,63.9,5h 0m,17.1,1.01,8.5,2805.0,-8.6,-2838.0,49.7,15.2,-14.50,-4785.00
12/09/2025 17:00,12/10/2025 02:50,USDJPY,Buy,0.330,156.44300,156.80900,0.0000,83.0000,36.6,12161.00,3.44,"",10000,00:09:50:00,93.9,9h 14m,24.2,0.24,51.1,16863.0,-12.2,-4025.9999999999995,80.7,77.1,-14.50,-4785.00
11/28/2025 02:50,11/28/2025 02:53,USDJPY,Sell,1.000,156.45800,156.55000,0.0000,0.0000,-9.2,-9200.00,-2.53,"[sl]",10001,00:00:03:18,,,,,,,,,,,,
11/25/2025 02:54,11/25/2025 06:14,USDJPY,Sell,0.500,156.84000,156.84200,0.0000,0.0000,-0.2,-100.00,-0.03,"[sl]",10003,00:03:20:05,71.5,2h 23m,27.7,0.45,27.5,13750.0,-12.5,-6250.0,68.8,30.8,-27.70,-13850.00
11/25/2025 02:54,11/25/2025 06:14,USDJPY,Sell,0.500,156.83900,156.84200,0.0000,0.0000,-0.3,-150.00,-0.04,"[sl]",10002,00:03:20:05,71.5,2h 23m,27.7,0.46,27.4,13700.0,-12.6,-6300.0,68.5,30.7,-27.70,-13850.00
11/24/2025 21:00,11/25/2025 02:54,USDJPY,Buy,0.340,156.80300,156.84000,0.0000,61.0000,3.7,1319.00,0.36,"",10004,00:05:54:35,90.2,5h 19m,15.7,0.46,14.8,5032.0,-6.8,-2312.0,68.5,48.6,-11.10,-3774.00
11/24/2025 19:00,11/25/2025 02:54,USDJPY,Buy,0.330,156.95200,156.84000,0.0000,59.0000,-11.2,-3637.00,-0.99,"",10001,00:07:54:35,1.5,7m,23.9,9.87,2.2,726.0000000000001,-21.7,-7161.0,9.2,43.9,-13.40,-4422.00
11/24/2025 17:00,11/25/2025 02:54,USDJPY,Buy,0.330,157.06200,156.84000,0.0000,59.0000,-22.2,-7267.00,-1.95,"",10000,00:09:54:35,7.6,45m,44.1,2.87,11.4,3762.0,-32.7,-10791.000000000002,25.9,23.8,-33.60,-11088.00
11/20/2025 02:54,11/20/2025 03:28,USDJPY,Sell,0.500,157.16300,157.16400,0.0000,0.0000,-0.1,-50.00,-0.01,"[sl]",10003,00:00:33:39,97.1,32m,28.0,0.00,27.9,13950.0,-0.1,-50.0,99.6,0.0,-28.00,-14000.00
11/20/2025 02:54,11/20/2025 03:28,USDJPY,Sell,0.500,157.16400,157.16400,0.0000,0.0000,0.0,0.00,0.00,"[sl]",10002,00:00:33:39,97.1,32m,28.0,0.04,28.0,0.0,0.0,0.0,100.0,0.0,-28.00,0.00
11/19/2025 21:00,11/20/2025 02:54,USDJPY,Buy,0.340,156.82400,157.15400,0.0000,184.0000,33.0,11404.00,3.15,"",10004,00:05:54:35,86.0,5h 4m,17.3,0.36,35.5,12070.0,-12.7,-4318.0,73.7,94.8,-2.50,-850.00
11/19/2025 19:00,11/20/2025 02:54,USDJPY,Buy,0.330,156.64600,157.15500,0.0000,178.0000,50.9,16975.00,4.93,"",10001,00:07:54:35,89.5,7h 4m,18.3,0.34,53.3,17589.0,-18.3,-6039.0,74.4,96.6,-2.40,-792.00
11/19/2025 17:00,11/20/2025 02:54,USDJPY,Buy,0.330,156.64400,157.16000,0.0000,178.0000,51.6,17206.00,5.26,"",10000,00:09:54:35,74.0,7h 19m,36.7,0.69,53.5,17655.0,-36.7,-12111.000000000002,59.3,97.9,-1.90,-627.00
11/14/2025 02:54,11/14/2025 08:00,USDJPY,Sell,0.500,154.63900,154.49700,0.0000,0.0000,14.2,7100.00,2.22,"",10003,00:05:05:15,86.0,4h 22m,24.0,0.33,31.0,15500.0,-10.3,-5150.0,75.1,59.3,-16.80,-8400.00
11/14/2025 02:54,11/14/2025 07:00,USDJPY,Sell,0.500,154.63800,154.43700,0.0000,0.0000,20.1,10050.00,3.24,"",10002,00:04:05:17,81.8,3h 20m,23.8,0.34,30.9,15450.0,-10.4,-5200.0,74.8,73.8,-10.80,-5400.00
11/13/2025 21:00,11/14/2025 02:54,USDJPY,Buy,0.340,154.44100,154.64000,0.0000,120.0000,19.9,6886.00,2.27,"",10004,00:05:54:36,71.0,4h 11m,15.0,0.61,24.5,8330.0,-15.0,-5100.0,62.0,88.4,-4.60,-1564.00
11/13/2025 19:00,11/14/2025 02:54,USDJPY,Buy,0.330,154.40900,154.64200,0.0000,116.0000,23.3,7805.00,2.64,"",10001,00:07:54:36,61.1,4h 49m,24.7,0.89,27.7,9141.0,-24.7,-8151.0,52.9,91.6,-4.40,-1452.00
11/13/2025 17:00,11/14/2025 02:54,USDJPY,Buy,0.330,154.40600,154.63900,0.0000,116.0000,23.3,7805.00,2.71,"",10000,00:09:54:35,63.7,6h 18m,52.0,0.91,28.0,9240.0,-25.4,-8382.0,52.4,91.2,-4.70,-1551.00
11/10/2025 02:54,11/10/2025 05:06,USDJPY,Sell,0.500,153.84600,153.97600,0.0000,0.0000,-13.0,-6500.00,-2.21,"[sl]",10003,00:02:11:18,78.8,1h 43m,44.4,0.41,31.4,15700.0,-13.0,-6500.0,70.7,0.0,-44.40,-22200.00
11/10/2025 02:54,11/10/2025 05:06,USDJPY,Sell,0.500,153.84700,153.97600,0.0000,0.0000,-12.9,-6450.00,-2.15,"[sl]",10002,00:02:11:18,78.8,1h 43m,44.4,0.41,31.5,15750.0,-12.9,-6450.0,70.9,0.0,-44.40,-22200.00
10/31/2025 02:54,10/31/2025 05:33,USDJPY,Sell,0.500,153.98300,153.98400,0.0000,0.0000,-0.1,-50.00,-0.02,"[sl]",10003,00:02:38:35,97.5,2h 34m,31.9,0.06,31.8,15900.0,-1.9,-950.0,94.4,5.3,-31.90,-15950.00
10/31/2025 02:54,10/31/2025 05:33,USDJPY,Sell,0.500,153.98300,153.98400,0.0000,0.0000,-0.1,-50.00,-0.02,"[sl]",10002,00:02:38:35,97.5,2h 34m,31.9,0.06,31.8,15900.0,-1.9,-950.0,94.4,5.3,-31.90,-15950.00
10/24/2025 03:54,10/24/2025 04:07,USDJPY,Sell,0.500,152.60700,152.73500,0.0000,0.0000,-12.8,-6400.00,-2.08,"[sl]",10003,00:00:12:48,0.0,0s,12.8,12.80,0.0,0.0,-12.8,-6400.0,0.0,0.0,-12.80,-6400.00
10/24/2025 03:54,10/24/2025 04:07,USDJPY,Sell,0.500,152.60700,152.73500,0.0000,0.0000,-12.8,-6400.00,-2.04,"[sl]",10002,00:00:12:48,0.0,0s,12.8,12.80,0.0,0.0,-12.8,-6400.0,0.0,0.0,-12.80,-6400.00
10/23/2025 22:00,10/24/2025 03:54,USDJPY,Buy,0.340,152.54700,152.56800,0.0000,101.0000,2.1,815.00,0.26,"",10004,00:05:54:35,67.1,3h 57m,16.6,0.57,10.6,3604.0,-6.0,-2040.0,63.9,48.8,-8.50,-2890.00
10/23/2025 20:00,10/24/2025 03:54,USDJPY,Buy,0.330,152.73100,152.56800,0.0000,98.0000,-16.3,-5281.00,-1.66,"",10001,00:07:54:35,3.0,14m,27.2,8.72,2.8,923.9999999999999,-24.4,-8051.999999999999,10.3,29.8,-19.10,-6303.00
10/23/2025 18:00,10/24/2025 03:54,USDJPY,Buy,0.330,152.62800,152.56900,0.0000,98.0000,-5.9,-1849.00,-0.58,"",10000,00:09:54:35,31.6,3h 7m,30.8,0.84,16.7,5511.0,-14.1,-4653.0,54.2,26.6,-22.60,-7458.00
10/20/2025 03:54,10/20/2025 03:55,USDJPY,Sell,0.500,150.86200,150.98800,0.0000,0.0000,-12.6,-6300.00,-1.93,"[sl]",10003,00:00:00:15,,,,,,,,,,,,
10/20/2025 03:54,10/20/2025 03:55,USDJPY,Sell,0.500,150.85300,150.98800,0.0000,0.0000,-13.5,-6750.00,-2.03,"[sl]",10002,00:00:00:15,,,,,,,,,,,,
10/14/2025 22:00,10/15/2025 03:54,USDJPY,Buy,0.340,151.77600,151.55900,0.0000,101.0000,-21.7,-7277.00,-2.14,"",10004,00:05:54:36,31.9,1h 53m,34.8,2.70,9.4,3196.0,-25.4,-8636.0,27.0,10.6,-31.10,-10574.00
10/14/2025 20:00,10/15/2025 03:54,USDJPY,Buy,0.330,151.75800,151.56200,0.0000,98.0000,-19.6,-6370.00,-1.84,"",10001,00:07:54:35,48.0,3h 47m,34.8,2.11,11.2,3695.9999999999995,-23.6,-7788.000000000001,32.2,11.5,-30.80,-10164.00
10/14/2025 18:00,10/15/2025 03:54,USDJPY,Buy,0.330,151.84500,151.57900,0.0000,98.0000,-26.6,-8680.00,-2.44,"",10000,00:09:54:35,5.8,34m,40.3,4.04,8.0,2640.0,-32.3,-10658.999999999998,19.9,14.1,-34.60,-11418.00
10/09/2025 22:00,10/10/2025 03:54,USDJPY,Buy,0.340,153.19100,153.01100,0.0000,101.0000,-18.0,-6019.00,-1.67,"",10004,00:05:54:35,2.3,8m,30.8,2.90,8.2,2787.9999999999995,-23.8,-8092.0,25.6,18.1,-26.20,-8908.00
10/09/2025 20:00,10/10/2025 03:54,USDJPY,Buy,0.330,153.01800,153.01000,0.0000,98.0000,-0.8,-166.00,-0.05,"",10001,00:07:54:35,88.9,7h 1m,30.8,0.42,25.5,8415.0,-10.8,-3564.0000000000005,70.2,27.5,-26.30,-8679.00
10/09/2025 18:00,10/10/2025 03:54,USDJPY,Buy,0.330,153.05700,153.01100,0.0000,98.0000,-4.6,-1420.00,-0.39,"",10000,00:09:54:35,59.2,5h 51m,30.8,0.68,21.6,7128.000000000001,-14.7,-4851.0,59.5,27.8,-26.20,-8646.00
09/30/2025 03:54,09/30/2025 09:00,USDJPY,Sell,0.500,148.82200,148.29600,0.0000,0.0000,52.6,26300.00,7.82,"",10003,00:05:05:16,100.0,5h 5m,19.5,0.02,58.7,29350.0,0.0,0.0,100.0,89.6,-6.10,-3050.00
09/30/2025 03:54,09/30/2025 08:00,USDJPY,Sell,0.500,148.82100,148.41600,0.0000,0.0000,40.5,20250.00,6.40,"",10002,00:04:05:17,100.0,4h 5m,19.5,0.02,46.7,23350.0,0.0,0.0,100.0,86.7,-6.20,-3100.00
09/24/2025 22:00,09/25/2025 03:54,USDJPY,Buy,0.340,148.85500,148.59400,0.0000,359.0000,-26.1,-8515.00,-2.62,"",10004,00:05:54:36,26.8,1h 35m,31.4,4.93,5.3,1802.0,-26.1,-8874.0,16.9,0.0,-31.40,-10676.00
09/24/2025 20:00,09/25/2025 03:54,USDJPY,Buy,0.330,148.77700,148.59400,0.0000,348.0000,-18.3,-5691.00,-1.72,"",10001,00:07:54:35,67.1,5h 18m,31.4,1.40,13.1,4323.0,-18.3,-6039.0,41.7,0.0,-31.40,-10362.00
09/24/2025 18:00,09/25/2025 03:54,USDJPY,Buy,0.330,148.72400,148.59400,0.0000,348.0000,-13.0,-3942.00,-1.18,"",10000,00:09:54:35,85.1,8h 25m,31.4,0.71,18.4,6071.999999999999,-13.0,-4290.0,58.6,0.0,-31.40,-10362.00
09/19/2025 03:54,09/19/2025 04:02,USDJPY,Sell,0.500,147.91600,148.04700,0.0000,0.0000,-13.1,-6550.00,-1.92,"[sl]",10003,00:00:07:40,0.0,0s,13.1,13.11,0.0,0.0,-13.1,-6550.0,0.0,0.0,-13.10,-6550.00
09/19/2025 03:54,09/19/2025 04:02,USDJPY,Sell,0.500,147.91600,148.04700,0.0000,0.0000,-13.1,-6550.00,-1.88,"[sl]",10002,00:00:07:40,0.0,0s,13.1,13.11,0.0,0.0,-13.1,-6550.0,0.0,0.0,-13.10,-6550.00
09/18/2025 22:00,09/19/2025 03:54,USDJPY,Buy,0.340,147.89400,147.94200,0.0000,120.0000,4.8,1752.00,0.51,"",10004,00:05:54:36,90.5,5h 20m,16.6,0.21,21.4,7275.999999999999,-4.5,-1530.0,82.6,35.9,-16.60,-5644.00
09/18/2025 20:00,09/19/2025 03:54,USDJPY,Buy,0.330,147.87900,147.95000,0.0000,116.0000,7.1,2459.00,0.72,"",10001,00:07:54:35,77.5,6h 7m,15.9,0.32,22.9,7556.999999999999,-7.3,-2409.0,75.8,47.7,-15.80,-5214.00
09/18/2025 18:00,09/19/2025 03:54,USDJPY,Buy,0.330,148.02400,147.94900,0.0000,116.0000,-7.5,-2359.00,-0.68,"",10000,00:09:54:35,10.8,1h 4m,26.9,2.60,8.4,2772.0,-21.8,-7194.0,27.8,47.4,-15.90,-5247.00
09/10/2025 03:54,09/10/2025 04:29,USDJPY,Sell,0.500,147.43100,147.55900,0.0000,0.0000,-12.8,-6400.00,-1.82,"[sl]",10003,00:00:34:30,20.0,6m,17.5,2.72,4.7,2350.0,-12.8,-6400.0,26.9,0.0,-17.50,-8750.00
09/10/2025 03:54,09/10/2025 04:29,USDJPY,Sell,0.500,147.42700,147.55900,0.0000,0.0000,-13.2,-6600.00,-1.84,"[sl]",10002,00:00:34:30,20.0,6m,17.5,3.07,4.3,2150.0,-13.2,-6600.0,24.6,0.0,-17.50,-8750.00
09/09/2025 22:00,09/10/2025 03:54,USDJPY,Buy,0.340,147.41300,147.42900,0.0000,120.0000,1.6,664.00,0.19,"",10004,00:05:54:36,50.2,2h 58m,18.2,2.25,5.6,1903.9999999999998,-12.6,-4284.0,30.8,78.0,-4.00,-1360.00
09/09/2025 20:00,09/10/2025 03:54,USDJPY,Buy,0.330,147.28600,147.43500,0.0000,116.0000,14.9,5033.00,1.43,"",10001,00:07:54:35,98.6,7h 47m,18.2,0.21,18.3,6039.0,-3.8,-1254.0,82.8,84.6,-3.40,-1122.00
09/09/2025 18:00,09/10/2025 03:54,USDJPY,Buy,0.330,147.10900,147.43500,0.0000,116.0000,32.6,10874.00,3.18,"",10000,00:09:54:35,100.0,9h 54m,18.2,0.03,36.0,11880.0,0.0,0.0,100.0,90.6,-3.40,-1122.00
08/25/2025 03:54,08/25/2025 04:28,USDJPY,Sell,0.500,147.40300,147.40300,0.0000,0.0000,0.0,0.00,0.00,"[sl]",10003,00:00:34:11,94.2,32m,14.0,0.01,14.0,0.0,-0.1,-0.0,99.3,0.7,-14.00,0.00
08/25/2025 03:54,08/25/2025 04:28,USDJPY,Sell,0.500,147.40300,147.40300,0.0000,0.0000,0.0,0.00,0.00,"[sl]",10002,00:00:34:11,94.2,32m,14.0,0.01,14.0,0.0,-0.1,-0.0,99.3,0.7,-14.00,0.00
08/20/2025 03:54,08/20/2025 04:20,USDJPY,Sell,0.500,147.65900,147.66400,0.0000,0.0000,-0.5,-250.00,-0.07,"[sl]",10003,00:00:25:43,96.2,24m,13.0,0.04,12.5,6250.0,-0.5,-250.0,96.2,0.0,-13.00,-6500.00
08/20/2025 03:54,08/20/2025 04:04,USDJPY,Sell,0.500,147.65800,147.65800,0.0000,0.0000,0.0,0.00,0.00,"[sl]",10002,00:00:09:30,90.0,8m,12.4,0.08,12.4,0.0,0.0,0.0,100.0,0.0,-12.40,0.00
08/19/2025 22:00,08/20/2025 03:54,USDJPY,Buy,0.340,147.52400,147.67400,0.0000,126.0000,15.0,5226.00,1.55,"",10004,00:05:54:35,87.9,5h 11m,14.4,0.23,29.1,9894.0,-6.7,-2278.0,81.3,60.6,-14.10,-4794.00
08/19/2025 20:00,08/20/2025 03:54,USDJPY,Buy,0.330,147.63800,147.67400,0.0000,122.0000,3.6,1310.00,0.39,"",10001,00:07:54:35,29.7,2h 20m,19.5,1.10,17.7,5841.0,-19.5,-6435.0,47.6,62.1,-14.10,-4653.00
08/19/2025 18:00,08/20/2025 03:54,USDJPY,Buy,0.330,147.74000,147.67800,0.0000,122.0000,-6.2,-1924.00,-0.57,"",10000,00:09:54:35,12.8,1h 16m,34.1,3.96,7.5,2475.0,-29.7,-9801.0,20.2,63.2,-13.70,-4521.00
08/14/2025 22:00,08/15/2025 03:54,USDJPY,Buy,0.340,147.88900,147.55300,0.0000,139.0000,-33.6,-11285.00,-3.23,"",10004,00:05:54:36,0.0,0s,33.6,33.67,0.0,0.0,-33.6,-11424.0,0.0,0.0,-33.60,-11424.00
08/14/2025 20:00,08/15/2025 03:54,USDJPY,Buy,0.330,147.86100,147.55300,0.0000,135.0000,-30.8,-10029.00,-2.79,"",10001,00:07:54:35,16.0,1h 15m,40.3,3.24,9.5,3135.0,-30.8,-10164.0,23.6,0.0,-40.30,-13299.00
08/14/2025 18:00,08/15/2025 03:54,USDJPY,Buy,0.330,147.49600,147.55100,0.0000,135.0000,5.5,1950.00,0.55,"",10000,00:09:54:34,100.0,9h 54m,40.5,0.02,46.0,15180.0,0.0,0.0,100.0,12.0,-40.50,-13365.00
08/07/2025 22:00,08/08/2025 03:54,USDJPY,Buy,0.340,147.56600,147.12900,0.0000,139.0000,-43.7,-14719.00,-3.96,"",10004,00:05:54:36,0.0,0s,82.1,82.64,0.0,0.0,-82.1,-27913.999999999996,0.0,46.8,-43.70,-14858.00
08/07/2025 20:00,08/08/2025 03:54,USDJPY,Buy,0.330,147.37400,147.12900,0.0000,135.0000,-24.5,-7950.00,-2.09,"",10001,00:07:54:36,30.8,2h 26m,82.0,3.29,19.1,6303.000000000001,-62.9,-20757.0,23.3,46.8,-43.60,-14388.00
08/07/2025 18:00,08/08/2025 03:54,USDJPY,Buy,0.330,147.50200,147.12900,0.0000,135.0000,-37.3,-12174.00,-3.11,"",10000,00:09:54:35,5.1,30m,82.0,12.02,6.3,2079.0,-75.7,-24981.0,7.7,46.8,-43.60,-14388.00
07/25/2025 03:54,07/25/2025 04:10,USDJPY,Sell,0.500,147.31700,147.31700,0.0000,0.0000,0.0,0.00,0.00,"[sl]",10002,00:00:15:40,93.8,14m,14.3,0.07,14.3,0.0,0.0,0.0,100.0,0.0,-14.30,0.00
07/25/2025 03:54,07/25/2025 04:09,USDJPY,Sell,0.500,147.31400,147.31400,0.0000,0.0000,0.0,0.00,0.00,"[sl]",10003,00:00:14:24,93.4,13m,14.0,0.07,14.0,0.0,0.0,0.0,100.0,0.0,-14.00,0.00
07/24/2025 22:00,07/25/2025 03:54,USDJPY,Buy,0.340,146.93300,147.30200,0.0000,122.0000,36.9,12668.00,3.34,"",10004,00:05:54:36,80.3,4h 44m,25.3,0.20,39.6,13464.0,-8.1,-2754.0,83.0,94.3,-2.70,-918.00
07/24/2025 20:00,07/25/2025 03:54,USDJPY,Buy,0.330,146.91200,147.30200,0.0000,118.0000,39.0,12988.00,3.55,"",10001,00:07:54:35,66.8,5h 17m,25.3,0.38,41.7,13761.000000000002,-15.8,-5214.0,72.5,95.3,-2.70,-891.00
07/24/2025 18:00,07/25/2025 03:54,USDJPY,Buy,0.330,146.79500,147.30400,0.0000,118.0000,50.9,16915.00,4.84,"",10000,00:09:54:35,91.8,9h 5m,25.3,0.08,53.4,17622.0,-4.1,-1352.9999999999998,92.9,95.7,-2.50,-825.00
07/18/2025 03:54,07/18/2025 05:07,USDJPY,Sell,0.500,148.57900,148.57800,0.0000,0.0000,0.1,50.00,0.01,"[sl]",10002,00:01:13:01,93.2,1h 8m,18.0,0.20,18.1,9050.0,-3.7,-1850.0,83.0,17.4,-18.00,-9000.00
07/18/2025 03:54,07/18/2025 05:07,USDJPY,Sell,0.500,148.57800,148.57800,0.0000,0.0000,0.0,0.00,0.00,"[sl]",10003,00:01:12:57,91.8,1h 6m,18.0,0.21,18.0,0.0,-3.8,-0.0,82.6,17.4,-18.00,0.00
07/17/2025 22:00,07/18/2025 03:54,USDJPY,Buy,0.340,148.73200,148.58300,0.0000,122.0000,-14.9,-4944.00,-1.40,"",10004,00:05:54:36,0.6,2m,45.2,27.32,1.6,544.0,-43.6,-14824.0,3.5,63.5,-16.50,-5610.00
07/17/2025 20:00,07/18/2025 03:54,USDJPY,Buy,0.330,148.63500,148.58200,0.0000,118.0000,-5.3,-1631.00,-0.46,"",10001,00:07:54:35,22.4,1h 46m,45.2,3.00,11.3,3729.0000000000005,-33.9,-11187.0,25.0,63.3,-16.60,-5478.00
07/17/2025 18:00,07/18/2025 03:54,USDJPY,Buy,0.330,148.48600,148.58200,0.0000,118.0000,9.6,3286.00,0.93,"",10000,00:09:54:35,78.5,7h 46m,45.2,0.73,26.2,8646.0,-19.0,-6270.0,58.0,63.3,-16.60,-5478.00
07/14/2025 22:00,07/15/2025 03:54,USDJPY,Buy,0.340,147.77400,147.59400,0.0000,122.0000,-18.0,-5998.00,-1.67,"",10004,00:05:54:36,18.6,1h 5m,29.4,1.75,10.7,3637.9999999999995,-18.7,-6358.0,36.4,2.4,-28.70,-9758.00
07/14/2025 20:00,07/15/2025 03:54,USDJPY,Buy,0.330,147.73200,147.59900,0.0000,118.0000,-13.3,-4271.00,-1.18,"",10001,00:07:54:36,53.1,4h 12m,29.4,0.97,14.9,4917.0,-14.5,-4785.0,50.7,4.1,-28.20,-9306.00
07/14/2025 18:00,07/15/2025 03:54,USDJPY,Buy,0.330,147.46900,147.60000,0.0000,118.0000,13.1,4441.00,1.24,"",10000,00:09:54:35,97.0,9h 36m,29.4,0.07,41.2,13596.000000000002,-2.7,-891.0000000000001,93.8,36.0,-28.10,-9273.00
07/09/2025 22:00,07/10/2025 03:54,USDJPY,Buy,0.340,146.34400,145.81000,0.0000,366.0000,-53.4,-17790.00,-4.73,"",10004,00:05:54:36,16.7,59m,67.6,3.90,13.8,4692.0,-53.8,-18292.0,20.4,0.6,-67.20,-22848.00
07/09/2025 20:00,07/10/2025 03:54,USDJPY,Buy,0.330,146.43200,145.80800,0.0000,355.0000,-62.4,-20237.00,-5.10,"",10001,00:07:54:35,4.5,21m,67.6,12.53,5.0,1650.0,-62.6,-20658.0,7.4,0.3,-67.40,-22242.00
07/09/2025 18:00,07/10/2025 03:54,USDJPY,Buy,0.330,146.47900,145.80800,0.0000,355.0000,-67.1,-21788.00,-5.21,"",10000,00:09:54:35,10.0,59m,75.7,8.01,8.4,2772.0,-67.3,-22209.0,11.1,0.3,-75.50,-24915.00
06/30/2025 03:54,06/30/2025 09:00,USDJPY,Sell,0.500,144.72100,143.93000,0.0000,0.0000,79.1,39550.00,10.44,"",10003,00:05:05:15,100.0,5h 5m,19.5,0.01,91.4,45700.0,0.0,0.0,100.0,86.5,-12.30,-6150.00
06/30/2025 03:54,06/30/2025 08:00,USDJPY,Sell,0.500,144.72100,143.96000,0.0000,0.0000,76.1,38050.00,11.17,"",10002,00:04:05:16,100.0,4h 5m,19.5,0.01,82.0,41000.0,0.0,0.0,100.0,92.8,-5.90,-2950.00
06/27/2025 03:54,06/27/2025 04:00,USDJPY,Sell,0.500,144.55900,144.68400,0.0000,0.0000,-12.5,-6250.00,-1.80,"[sl]",10003,00:00:05:34,0.0,0s,14.0,14.01,0.0,0.0,-14.0,-7000.0,0.0,10.7,-12.50,-6250.00
06/27/2025 03:54,06/27/2025 04:00,USDJPY,Sell,0.500,144.55300,144.68400,0.0000,0.0000,-13.1,-6550.00,-1.85,"[sl]",10002,00:00:05:34,0.0,0s,14.6,14.62,0.0,0.0,-14.6,-7300.0,0.0,10.3,-13.10,-6550.00
06/25/2025 03:54,06/25/2025 06:49,USDJPY,Sell,0.500,144.95200,144.96200,0.0000,0.0000,-1.0,-500.00,-0.14,"[sl]",10003,00:02:54:33,98.9,2h 52m,35.3,0.04,34.3,17150.0,-1.2,-600.0,96.6,0.6,-35.30,-17650.00
06/25/2025 03:54,06/25/2025 06:49,USDJPY,Sell,0.500,144.95200,144.96200,0.0000,0.0000,-1.0,-500.00,-0.14,"[sl]",10002,00:02:54:33,98.9,2h 52m,35.3,0.04,34.3,17150.0,-1.2,-600.0,96.6,0.6,-35.30,-17650.00
06/24/2025 22:00,06/25/2025 03:54,USDJPY,Buy,0.340,144.69900,144.94900,0.0000,122.0000,25.0,8622.00,2.49,"",10004,00:05:54:35,93.3,5h 30m,20.1,0.12,33.9,11526.0,-4.0,-1360.0,89.4,76.5,-8.90,-3026.00
06/24/2025 20:00,06/25/2025 03:54,USDJPY,Buy,0.330,144.71800,144.94900,0.0000,118.0000,23.1,7741.00,2.29,"",10001,00:07:54:35,70.2,5h 33m,20.1,0.38,32.0,10560.0,-12.0,-3960.0,72.7,79.8,-8.90,-2937.00
06/24/2025 18:00,06/25/2025 03:54,USDJPY,Buy,0.330,144.75400,144.95100,0.0000,118.0000,19.7,6619.00,2.00,"",10000,00:09:54:35,63.9,6h 19m,35.6,0.62,28.4,9372.0,-17.7,-5841.0,61.6,81.1,-8.70,-2871.00
06/20/2025 03:54,06/20/2025 04:42,USDJPY,Sell,0.500,145.23800,145.37300,0.0000,0.0000,-13.5,-6750.00,-2.00,"[sl]",10003,00:00:47:15,10.7,5m,14.6,12.29,1.1,550.0,-13.5,-6750.0,7.5,0.0,-14.60,-7300.00
06/20/2025 03:54,06/20/2025 04:42,USDJPY,Sell,0.500,145.24400,145.37300,0.0000,0.0000,-12.9,-6450.00,-1.87,"[sl]",10002,00:00:47:15,10.7,5m,14.6,7.59,1.7,850.0,-12.9,-6450.0,11.6,0.0,-14.60,-7300.00
06/19/2025 22:00,06/20/2025 03:54,USDJPY,Buy,0.340,145.50600,145.24200,0.0000,133.0000,-26.4,-8843.00,-2.50,"",10004,00:05:54:36,8.2,29m,39.8,10.37,3.5,1190.0,-36.3,-12341.999999999998,8.8,24.9,-29.90,-10166.00
06/19/2025 20:00,06/20/2025 03:54,USDJPY,Buy,0.330,145.73300,145.24900,0.0000,129.0000,-48.4,-15843.00,-4.29,"",10001,00:07:54:35,0.0,0s,59.0,59.17,0.0,0.0,-59.0,-19470.0,0.0,18.0,-48.40,-15972.00
06/19/2025 18:00,06/20/2025 03:54,USDJPY,Buy,0.330,145.72000,145.25100,0.0000,129.0000,-46.9,-15348.00,-3.99,"",10000,00:09:54:35,1.6,9m,60.2,23.09,2.5,825.0,-57.7,-19041.0,4.2,17.9,-49.40,-16302.00
06/13/2025 03:54,06/13/2025 03:59,USDJPY,Sell,0.500,142.97600,143.10600,0.0000,0.0000,-13.0,-6500.00,-1.66,"[sl]",10003,00:00:05:04,0.0,0s,13.0,13.00,0.0,0.0,-13.0,-6500.0,0.0,0.0,-13.00,-6500.00
06/13/2025 03:54,06/13/2025 03:59,USDJPY,Sell,0.500,142.97300,143.10600,0.0000,0.0000,-13.3,-6650.00,-1.67,"[sl]",10002,00:00:05:04,0.0,0s,13.3,13.32,0.0,0.0,-13.3,-6650.0,0.0,0.0,-13.30,-6650.00
06/12/2025 22:00,06/13/2025 03:54,USDJPY,Buy,0.340,143.53800,142.91100,0.0000,133.0000,-62.7,-21185.00,-5.06,"",10004,00:05:54:35,26.2,1h 32m,76.6,11.99,5.9,2006.0000000000002,-70.7,-24038.0,7.7,10.4,-68.60,-23324.00
06/12/2025 20:00,06/13/2025 03:54,USDJPY,Buy,0.330,143.62700,142.91100,0.0000,129.0000,-71.6,-23499.00,-5.31,"",10001,00:07:54:35,5.3,25m,90.0,7.66,10.4,3432.0,-79.6,-26267.999999999996,11.6,8.9,-82.00,-27060.00
06/10/2025 03:54,06/10/2025 04:25,USDJPY,Sell,0.500,144.62400,144.62500,0.0000,0.0000,-0.1,-50.00,-0.01,"[sl]",10002,00:00:30:34,93.6,28m,22.9,0.31,17.5,8750.0,-5.4,-2700.0,76.4,23.1,-17.60,-8800.00
06/10/2025 03:54,06/10/2025 04:02,USDJPY,Sell,0.500,144.62800,144.63500,0.0000,0.0000,-0.7,-350.00,-0.08,"[sl]",10003,00:00:07:59,87.5,6m,11.2,0.07,10.5,5250.0,-0.7,-350.0,93.8,0.0,-11.20,-5600.00
06/09/2025 22:00,06/10/2025 03:54,USDJPY,Buy,0.340,144.56800,144.60800,0.0000,133.0000,4.0,1493.00,0.34,"",10004,00:05:54:35,47.4,2h 48m,24.9,2.00,8.3,2822.0000000000005,-16.6,-5644.000000000001,33.3,82.7,-4.30,-1462.00
06/09/2025 20:00,06/10/2025 03:54,USDJPY,Buy,0.330,144.41100,144.60900,0.0000,129.0000,19.8,6663.00,1.53,"",10001,00:07:54:35,97.3,7h 41m,24.9,0.08,24.0,7920.0,-1.8,-594.0,93.0,83.7,-4.20,-1386.00
06/09/2025 18:00,06/10/2025 03:54,USDJPY,Buy,0.330,144.62600,144.60900,0.0000,129.0000,-1.7,-432.00,-0.10,"",10000,00:09:54:31,5.1,30m,27.9,11.16,2.5,825.0,-27.9,-9207.0,8.2,86.2,-4.20,-1386.00
05/30/2025 03:54,05/30/2025 04:30,USDJPY,Sell,0.500,143.70800,143.70800,0.0000,0.0000,0.0,0.00,0.00,"[sl]",10002,00:00:35:22,75.0,26m,30.3,0.25,26.8,0.0,-6.6,-0.0,80.2,19.8,-26.80,0.00
05/30/2025 03:54,05/30/2025 04:30,USDJPY,Sell,0.500,143.70500,143.70700,0.0000,0.0000,-0.2,-100.00,-0.02,"[sl]",10003,00:00:35:19,75.0,26m,30.3,0.26,26.5,13250.0,-6.9,-3450.0,79.3,20.1,-26.70,-13350.00
05/23/2025 03:54,05/23/2025 03:56,USDJPY,Sell,0.500,143.78100,143.91900,0.0000,0.0000,-13.8,-6900.00,-1.56,"[sl]",10003,00:00:01:46,,,,,,,,,,,,
05/23/2025 03:54,05/23/2025 03:56,USDJPY,Sell,0.500,143.78500,143.91900,0.0000,0.0000,-13.4,-6700.00,-1.49,"[sl]",10002,00:00:01:46,,,,,,,,,,,,
05/22/2025 22:00,05/23/2025 03:54,USDJPY,Buy,0.340,144.16300,143.76900,0.0000,133.0000,-39.4,-13263.00,-2.87,"",10004,00:05:54:36,0.0,0s,40.4,40.49,0.0,0.0,-40.4,-13736.0,0.0,2.5,-39.40,-13396.00
05/22/2025 20:00,05/23/2025 03:54,USDJPY,Buy,0.330,144.04100,143.77100,0.0000,129.0000,-27.0,-8781.00,-1.86,"",10001,00:07:54:35,33.5,2h 38m,55.4,1.04,27.2,8976.0,-28.2,-9306.0,49.1,2.2,-54.20,-17886.00
05/22/2025 18:00,05/23/2025 03:54,USDJPY,Buy,0.330,143.77100,143.76700,0.0000,129.0000,-0.4,-3.00,0.00,"",10000,00:09:54:35,99.0,9h 48m,55.4,0.02,54.2,17886.0,-1.2,-396.0,97.8,1.4,-54.60,-18018.00
05/20/2025 03:54,05/20/2025 05:57,USDJPY,Sell,0.500,145.26100,145.25400,0.0000,0.0000,0.7,350.00,0.07,"[sl]",10003,00:02:02:57,96.8,1h 59m,51.6,0.06,52.3,26150.0,-2.9,-1450.0,94.7,6.5,-51.60,-25800.00
05/20/2025 03:54,05/20/2025 05:57,USDJPY,Sell,0.500,145.25900,145.26000,0.0000,0.0000,-0.1,-50.00,-0.01,"[sl]",10002,00:02:02:57,96.0,1h 58m,52.2,0.06,52.1,26050.0,-3.1,-1550.0,94.4,5.4,-52.20,-26100.00
05/19/2025 22:00,05/20/2025 03:54,USDJPY,Buy,0.340,144.99100,145.28700,0.0000,133.0000,29.6,10197.00,2.21,"",10004,00:05:54:35,15.8,56m,21.4,0.46,46.9,15946.0,-21.4,-7275.999999999999,68.7,74.7,-17.30,-5882.00
05/19/2025 20:00,05/20/2025 03:54,USDJPY,Buy,0.330,144.98700,145.28700,0.0000,129.0000,30.0,10029.00,2.23,"",10001,00:07:54:35,31.8,2h 30m,32.2,0.44,47.3,15608.999999999998,-21.0,-6930.0,69.3,74.7,-17.30,-5709.00
05/19/2025 18:00,05/20/2025 03:54,USDJPY,Buy,0.330,144.91100,145.28700,0.0000,129.0000,37.6,12537.00,2.86,"",10000,00:09:54:35,65.4,6h 28m,32.2,0.24,54.9,18117.0,-13.4,-4422.0,80.4,74.7,-17.30,-5709.00
05/15/2025 03:54,05/15/2025 04:16,USDJPY,Sell,0.500,146.25500,146.25200,0.0000,0.0000,0.3,150.00,0.03,"[sl]",10003,00:00:21:50,100.0,21m,15.7,0.06,16.0,8000.0,0.0,0.0,100.0,1.9,-15.70,-7850.00
05/15/2025 03:54,05/15/2025 04:16,USDJPY,Sell,0.500,146.25400,146.25400,0.0000,0.0000,0.0,0.00,0.00,"[sl]",10002,00:00:21:48,95.5,20m,15.9,0.06,15.9,0.0,0.0,0.0,100.0,0.0,-15.90,0.00
05/14/2025 22:00,05/15/2025 03:54,USDJPY,Buy,0.340,146.73800,146.24700,0.0000,464.0000,-49.1,-16230.00,-3.58,"",10004,00:05:54:36,33.0,1h 57m,64.3,3.53,14.2,4828.0,-50.1,-17034.0,22.1,1.6,-63.30,-21522.00
05/14/2025 20:00,05/15/2025 03:54,USDJPY,Buy,0.330,146.71400,146.24700,0.0000,450.0000,-46.7,-14961.00,-3.19,"",10001,00:07:54:36,33.1,2h 37m,64.3,2.87,16.6,5478.000000000001,-47.7,-15741.000000000002,25.8,1.6,-63.30,-20889.00
05/14/2025 18:00,05/15/2025 03:54,USDJPY,Buy,0.330,146.32600,146.24700,0.0000,450.0000,-7.9,-2157.00,-0.46,"",10000,00:09:54:35,99.4,9h 51m,83.4,0.12,74.5,24585.0,-8.9,-2937.0,89.3,1.2,-82.40,-27192.00
05/09/2025 03:54,05/09/2025 04:18,USDJPY,Sell,0.500,145.75700,145.75600,0.0000,0.0000,0.1,50.00,0.01,"[sl]",10003,00:00:24:10,100.0,24m,12.6,0.08,12.7,6350.0,0.0,0.0,100.0,0.8,-12.60,-6300.00
05/09/2025 03:54,05/09/2025 04:18,USDJPY,Sell,0.500,145.75300,145.75100,0.0000,0.0000,0.2,100.00,0.02,"[sl]",10002,00:00:23:17,100.0,23m,12.1,0.08,12.3,6150.0,0.0,0.0,100.0,1.6,-12.10,-6050.00
05/08/2025 22:00,05/09/2025 03:54,USDJPY,Buy,0.340,145.89600,145.81800,0.0000,134.0000,-7.8,-2518.00,-0.53,"",10004,00:05:54:35,46.8,2h 45m,40.3,0.42,28.9,9826.0,-12.0,-4080.0,70.7,10.3,-36.70,-12478.00
05/08/2025 20:00,05/09/2025 03:54,USDJPY,Buy,0.330,145.73900,145.80400,0.0000,130.0000,6.5,2275.00,0.48,"",10001,00:07:54:35,94.8,7h 29m,40.3,0.20,44.6,14718.0,-8.9,-2937.0,83.4,28.8,-38.10,-12573.00
05/08/2025 18:00,05/09/2025 03:54,USDJPY,Buy,0.330,145.02300,145.80300,0.0000,130.0000,78.0,25870.00,5.81,"",10000,00:09:54:35,96.4,9h 33m,40.3,0.10,116.2,38346.0,-11.7,-3860.9999999999995,90.9,70.1,-38.20,-12606.00
04/30/2025 03:54,04/30/2025 05:00,USDJPY,Sell,0.500,142.48700,142.48800,0.0000,0.0000,-0.1,-50.00,-0.01,"[sl]",10003,00:01:05:22,97.0,1h 3m,26.7,0.05,25.5,12750.0,-1.2,-600.0,95.5,4.1,-25.60,-12800.00
04/30/2025 03:54,04/30/2025 05:00,USDJPY,Sell,0.500,142.48600,142.48800,0.0000,0.0000,-0.2,-100.00,-0.02,"[sl]",10002,00:01:05:22,97.0,1h 3m,26.7,0.05,25.4,12700.0,-1.3,-650.0,95.1,4.1,-25.60,-12800.00
04/25/2025 03:54,04/25/2025 03:55,USDJPY,Sell,0.500,142.94600,143.07900,0.0000,0.0000,-13.3,-6650.00,-1.47,"[sl]",10003,00:00:00:18,,,,,,,,,,,,
04/25/2025 03:54,04/25/2025 03:55,USDJPY,Sell,0.500,142.94700,143.07900,0.0000,0.0000,-13.2,-6600.00,-1.44,"[sl]",10002,00:00:00:18,,,,,,,,,,,,
04/24/2025 22:00,04/25/2025 03:54,USDJPY,Buy,0.340,142.74200,142.93400,0.0000,134.0000,19.2,6662.00,1.47,"",10004,00:05:54:36,36.4,2h 9m,24.3,0.67,36.4,12376.0,-24.3,-8262.0,60.0,71.7,-17.20,-5848.00
04/24/2025 20:00,04/25/2025 03:54,USDJPY,Buy,0.330,142.66200,142.93400,0.0000,130.0000,27.2,9106.00,2.06,"",10001,00:07:54:35,66.6,5h 16m,33.4,0.37,44.4,14652.0,-16.3,-5379.0,73.1,71.7,-17.20,-5676.00
04/24/2025 18:00,04/25/2025 03:54,USDJPY,Buy,0.330,142.48700,142.93500,0.0000,130.0000,44.8,14914.00,3.48,"",10000,00:09:54:35,99.9,9h 53m,33.4,0.04,61.9,20427.0,-2.3,-758.9999999999999,96.4,73.4,-17.10,-5643.00
04/18/2025 03:54,04/18/2025 09:00,USDJPY,Sell,0.500,142.35000,142.38100,0.0000,0.0000,-3.1,-1550.00,-0.36,"",10003,00:05:05:15,74.5,3h 47m,10.3,1.42,5.5,2750.0,-7.8,-3900.0,41.4,35.3,-8.60,-4300.00
04/18/2025 03:54,04/18/2025 08:00,USDJPY,Sell,0.500,142.35000,142.36100,0.0000,0.0000,-1.1,-550.00,-0.13,"",10002,00:04:05:15,71.9,2h 56m,7.8,1.42,5.5,2750.0,-7.8,-3900.0,41.4,50.4,-6.60,-3300.00
04/17/2025 22:00,04/18/2025 03:54,USDJPY,Buy,0.340,142.46900,142.34800,0.0000,134.0000,-12.1,-3980.00,-0.92,"",10004,00:05:54:36,1.7,6m,30.1,14.86,1.9,646.0,-28.2,-9588.0,6.3,53.5,-14.00,-4760.00
04/17/2025 20:00,04/18/2025 03:54,USDJPY,Buy,0.330,142.47300,142.34800,0.0000,130.0000,-12.5,-3995.00,-0.91,"",10001,00:07:54:35,16.0,1h 15m,50.0,1.34,21.4,7061.999999999999,-28.6,-9438.0,42.8,32.2,-33.90,-11187.00
04/17/2025 18:00,04/18/2025 03:54,USDJPY,Buy,0.330,142.23200,142.34800,0.0000,130.0000,11.6,3958.00,0.91,"",10000,00:09:54:35,95.0,9h 24m,50.0,0.19,45.5,15015.0,-8.6,-2838.0,84.1,37.3,-33.90,-11187.00
04/15/2025 03:54,04/15/2025 04:42,USDJPY,Sell,0.500,143.57400,143.57500,0.0000,0.0000,-0.1,-50.00,-0.01,"[sl]",10002,00:00:47:28,90.0,42m,26.1,0.00,26.0,13000.0,-0.1,-50.0,99.6,0.0,-26.10,-13050.00
04/15/2025 03:54,04/15/2025 04:41,USDJPY,Sell,0.500,143.57300,143.57300,0.0000,0.0000,0.0,0.00,0.00,"[sl]",10003,00:00:47:09,90.0,42m,25.9,0.04,25.9,0.0,0.0,0.0,100.0,0.0,-25.90,0.00
04/14/2025 22:00,04/15/2025 03:54,USDJPY,Buy,0.340,142.91600,143.55600,0.0000,134.0000,64.0,21894.00,5.31,"",10004,00:05:54:35,97.2,5h 44m,21.7,0.06,64.8,22032.0,-3.9,-1326.0,94.3,98.8,-0.80,-272.00
04/14/2025 20:00,04/15/2025 03:54,USDJPY,Buy,0.330,143.23200,143.55700,0.0000,130.0000,32.5,10855.00,2.70,"",10001,00:07:54:35,16.9,1h 20m,35.5,1.07,33.2,10956.000000000002,-35.5,-11715.0,48.3,99.0,-0.70,-231.00
04/10/2025 03:54,04/10/2025 04:01,USDJPY,Sell,0.500,146.86900,146.87100,0.0000,0.0000,-0.2,-100.00,-0.02,"[sl]",10003,00:00:06:18,,,,,,,,,,,,
04/10/2025 03:54,04/10/2025 04:01,USDJPY,Sell,0.500,146.86900,146.87200,0.0000,0.0000,-0.3,-150.00,-0.04,"[sl]",10002,00:00:06:18,,,,,,,,,,,,
03/28/2025 02:54,03/28/2025 08:00,USDJPY,Sell,0.500,151.16100,150.79000,0.0000,0.0000,37.1,18550.00,4.84,"",10003,00:05:05:15,100.0,5h 5m,14.4,0.02,40.5,20250.0,0.0,0.0,100.0,91.6,-3.40,-1700.00
03/28/2025 02:54,03/28/2025 07:00,USDJPY,Sell,0.500,151.16100,150.89100,0.0000,0.0000,27.0,13500.00,3.65,"",10002,00:04:05:16,100.0,4h 5m,14.4,0.02,40.5,20250.0,0.0,0.0,100.0,66.7,-13.50,-6750.00
03/25/2025 02:55,03/25/2025 06:56,USDJPY,Sell,1.000,150.89100,150.57100,0.0000,0.0000,32.0,32000.00,9.48,"",0,00:04:00:52,87.5,3h 30m,13.1,0.13,32.0,32000.0,-4.2,-4200.0,88.4,100.0,0.00,0.00
03/24/2025 22:00,03/25/2025 02:55,USDJPY,Buy,0.340,150.65200,150.88300,0.0000,134.0000,23.1,7988.00,2.42,"",10004,00:04:55:16,90.0,4h 25m,2.9,0.03,23.1,7854.000000000001,-0.8,-272.0,96.7,100.0,0.00,0.00
03/24/2025 20:00,03/25/2025 02:55,USDJPY,Buy,0.330,150.62100,150.88600,0.0000,130.0000,26.5,8875.00,2.77,"",10001,00:06:55:15,71.5,4h 56m,7.7,0.29,26.5,8745.0,-7.7,-2541.0,77.5,100.0,0.00,0.00
03/24/2025 18:00,03/25/2025 02:55,USDJPY,Buy,0.330,150.75100,150.88700,0.0000,130.0000,13.6,4618.00,1.46,"",10000,00:08:55:15,16.7,1h 29m,21.6,1.59,13.6,4488.0,-21.6,-7128.000000000001,38.6,100.0,0.00,0.00
03/18/2025 22:58,03/19/2025 02:49,USDJPY,Buy,1.000,149.30100,149.45300,0.0000,393.0000,15.2,15593.00,5.19,"",0,00:03:51:07,,,,,,,,,,,,
03/14/2025 03:54,03/14/2025 04:35,USDJPY,Sell,0.500,148.18000,148.31300,0.0000,0.0000,-13.3,-6650.00,-2.16,"[sl]",10003,00:00:40:36,,,,,,,,,,,,
03/14/2025 03:54,03/14/2025 04:35,USDJPY,Sell,0.500,148.17900,148.31300,0.0000,0.0000,-13.4,-6700.00,-2.13,"[sl]",10002,00:00:40:37,,,,,,,,,,,,
03/13/2025 22:00,03/14/2025 03:54,USDJPY,Buy,0.340,147.71400,148.19300,0.0000,134.0000,47.9,16420.00,5.52,"",10004,00:05:54:36,100.0,5h 54m,10.3,0.02,58.2,19788.0,0.0,0.0,100.0,82.3,-10.30,-3502.00
03/13/2025 20:00,03/14/2025 03:54,USDJPY,Buy,0.330,147.63700,148.19300,0.0000,130.0000,55.6,18478.00,6.62,"",10001,00:07:54:36,100.0,7h 54m,10.3,0.02,65.9,21747.000000000004,0.0,0.0,100.0,84.4,-10.30,-3399.00
03/13/2025 18:00,03/14/2025 03:54,USDJPY,Buy,0.330,147.73500,148.19300,0.0000,130.0000,45.8,15244.00,5.78,"",10000,00:09:54:36,60.0,5h 56m,14.4,0.26,56.1,18513.0,-14.4,-4752.0,79.6,85.4,-10.30,-3399.00
03/10/2025 03:54,03/10/2025 04:25,USDJPY,Sell,0.500,147.38600,147.51800,0.0000,0.0000,-13.2,-6600.00,-2.44,"[sl]",10003,00:00:30:55,,,,,,,,,,,,
03/10/2025 03:54,03/10/2025 04:25,USDJPY,Sell,0.500,147.38500,147.51800,0.0000,0.0000,-13.3,-6650.00,-2.40,"[sl]",10002,00:00:30:55,,,,,,,,,,,,
02/28/2025 02:54,02/28/2025 05:08,USDJPY,Sell,0.500,149.61400,149.62800,0.0000,0.0000,-1.4,-700.00,-0.25,"[sl]",10003,00:02:13:55,,,,,,,,,,,,
02/28/2025 02:54,02/28/2025 05:08,USDJPY,Sell,0.500,149.61400,149.62800,0.0000,0.0000,-1.4,-700.00,-0.25,"[sl]",10002,00:02:13:55,,,,,,,,,,,,
02/25/2025 02:54,02/25/2025 03:16,USDJPY,Sell,0.500,150.15800,150.29200,0.0000,0.0000,-13.4,-6700.00,-2.35,"[sl]",10003,00:00:21:54,,,,,,,,,,,,
02/25/2025 02:54,02/25/2025 03:16,USDJPY,Sell,0.500,150.15800,150.29200,0.0000,0.0000,-13.4,-6700.00,-2.30,"[sl]",10002,00:00:21:54,,,,,,,,,,,,
02/24/2025 21:00,02/25/2025 02:54,USDJPY,Buy,0.340,149.60500,150.15800,0.0000,222.0000,55.3,19024.00,6.97,"",10004,00:05:54:36,,,,,,,,,,,,
02/24/2025 19:00,02/25/2025 02:54,USDJPY,Buy,0.330,149.58200,150.15800,0.0000,216.0000,57.6,19224.00,7.58,"",10001,00:07:54:35,,,,,,,,,,,,
02/24/2025 17:00,02/25/2025 02:54,USDJPY,Buy,0.330,149.33500,150.15800,0.0000,216.0000,82.3,27375.00,12.10,"",10000,00:09:54:35,,,,,,,,,,,,
02/20/2025 02:55,02/20/2025 02:56,USDJPY,Sell,0.500,150.98100,150.97900,0.0000,0.0000,0.2,100.00,0.04,"[sl]",10003,00:00:01:32,,,,,,,,,,,,
02/20/2025 02:55,02/20/2025 02:56,USDJPY,Sell,0.500,150.98200,150.97900,0.0000,0.0000,0.3,150.00,0.07,"[sl]",10002,00:00:01:33,,,,,,,,,,,,
02/19/2025 21:00,02/20/2025 02:55,USDJPY,Buy,0.340,151.68000,150.99000,0.0000,667.0000,-69.0,-22793.00,-9.16,"",10004,00:05:55:01,,,,,,,,,,,,
02/19/2025 19:00,02/20/2025 02:55,USDJPY,Buy,0.330,151.68600,150.99800,0.0000,647.0000,-68.8,-22057.00,-8.15,"",10001,00:07:55:00,,,,,,,,,,,,
02/19/2025 17:00,02/20/2025 02:55,USDJPY,Buy,0.330,151.34600,151.00500,0.0000,647.0000,-34.1,-10606.00,-3.77,"",10000,00:09:55:00,,,,,,,,,,,,
02/13/2025 21:00,02/14/2025 02:55,USDJPY,Buy,0.340,153.28200,152.76600,0.0000,222.0000,-51.6,-17322.00,-5.80,"",10004,00:05:55:00,,,,,,,,,,,,
02/13/2025 19:00,02/14/2025 02:55,USDJPY,Buy,0.330,153.19900,152.75900,0.0000,216.0000,-44.0,-14304.00,-4.57,"",10001,00:07:55:00,,,,,,,,,,,,
02/13/2025 17:00,02/14/2025 02:24,USDJPY,Buy,0.330,153.53400,152.62900,0.0000,216.0000,-90.5,-29649.00,-8.65,"[sl]",10000,00:09:24:14,,,,,,,,,,,,
02/10/2025 02:55,02/10/2025 03:02,USDJPY,Sell,0.500,151.85900,151.99100,0.0000,0.0000,-13.2,-6600.00,-1.89,"[sl]",10003,00:00:07:09,,,,,,,,,,,,
02/10/2025 02:55,02/10/2025 03:02,USDJPY,Sell,0.500,151.86400,151.99100,0.0000,0.0000,-12.7,-6350.00,-1.79,"[sl]",10002,00:00:07:09,,,,,,,,,,,,
01/31/2025 02:55,01/31/2025 05:37,USDJPY,Sell,0.500,154.29600,154.29500,0.0000,0.0000,0.1,50.00,0.01,"[sl]",10003,00:02:42:37,,,,,,,,,,,,
01/31/2025 02:55,01/31/2025 05:37,USDJPY,Sell,0.500,154.29400,154.29500,0.0000,0.0000,-0.1,-50.00,-0.01,"[sl]",10002,00:02:42:38,,,,,,,,,,,,
01/24/2025 02:55,01/24/2025 03:54,USDJPY,Sell,0.500,156.20600,156.35400,0.0000,0.0000,-14.8,-7400.00,-2.04,"[sl]",10003,00:00:59:06,,,,,,,,,,,,
01/24/2025 02:55,01/24/2025 03:54,USDJPY,Sell,0.500,156.20400,156.35400,0.0000,0.0000,-15.0,-7500.00,-2.02,"[sl]",10002,00:00:59:07,,,,,,,,,,,,
01/23/2025 21:00,01/24/2025 02:55,USDJPY,Buy,0.340,156.01300,156.20700,0.0000,202.0000,19.4,6798.00,1.87,"",10004,00:05:55:01,,,,,,,,,,,,
01/23/2025 19:00,01/24/2025 02:55,USDJPY,Buy,0.330,156.02300,156.20800,0.0000,196.0000,18.5,6301.00,1.76,"",10001,00:07:55:00,,,,,,,,,,,,
01/23/2025 17:00,01/24/2025 02:55,USDJPY,Buy,0.330,156.26400,156.21300,0.0000,196.0000,-5.1,-1487.00,-0.41,"",10000,00:09:55:00,,,,,,,,,,,,
01/20/2025 02:55,01/20/2025 03:27,USDJPY,Sell,0.500,156.02000,156.02200,0.0000,0.0000,-0.2,-100.00,-0.03,"[sl]",10003,00:00:32:13,,,,,,,,,,,,
01/15/2025 02:55,01/15/2025 07:00,USDJPY,Sell,1.000,158.01100,157.61800,0.0000,0.0000,39.3,39300.00,12.29,"",10011,00:04:05:00,,,,,,,,,,,,
01/14/2025 17:00,01/15/2025 02:55,USDJPY,Buy,0.330,157.82300,158.00600,0.0000,196.0000,18.3,6235.00,1.99,"",10000,00:09:55:01,,,,,,,,,,,,
01/14/2025 20:00,01/15/2025 02:55,USDJPY,Buy,0.670,158.14800,158.02200,0.0000,397.0000,-12.6,-8045.00,-2.50,"",10000,00:06:54:59,,,,,,,,,,,,
01/10/2025 02:55,01/10/2025 03:11,USDJPY,Sell,1.000,158.09100,158.09800,0.0000,0.0000,-0.7,-700.00,-0.22,"[sl]",10011,00:00:16:00,,,,,,,,,,,,
01/09/2025 20:00,01/10/2025 02:55,USDJPY,Buy,1.000,158.12300,158.08300,0.0000,514.0000,-4.0,-3486.00,-1.07,"",10000,00:06:55:00,,,,,,,,,,,,
12/30/2024 02:55,12/30/2024 07:00,USDJPY,Sell,1.000,157.97300,157.81500,0.0000,0.0000,15.8,15800.00,5.10,"",10011,00:04:05:00,,,,,,,,,,,,
12/27/2024 02:55,12/27/2024 07:00,USDJPY,Sell,1.000,157.91900,157.58700,0.0000,0.0000,33.2,33200.00,12.00,"",10013,00:04:05:00,,,,,,,,,,,,
12/24/2024 20:00,12/26/2024 08:00,USDJPY,Buy,1.000,157.31900,157.36300,0.0000,2056.0000,4.4,6456.00,2.39,"",10000,01:12:00:39,33.4,12h 1m,32.0,5.82,5.5,5500.0,-32.0,-32000.0,14.7,97.1,-1.10,-1100.00
12/20/2024 02:55,12/20/2024 07:00,USDJPY,Sell,1.000,157.82100,157.31200,0.0000,0.0000,50.9,50900.00,23.21,"",10011,00:04:04:59,,,,,,,,,,,,
12/19/2024 20:00,12/20/2024 02:55,USDJPY,Buy,1.000,157.70500,157.83400,0.0000,627.0000,12.9,13527.00,6.57,"",10000,00:06:55:00,,,,,,,,,,,,
12/13/2024 02:55,12/13/2024 05:11,USDJPY,Sell,1.000,152.89200,153.05000,0.0000,0.0000,-15.8,-15800.00,-7.13,"[sl]",10012,00:02:16:52,,,,,,,,,,,,
12/12/2024 20:00,12/13/2024 02:55,USDJPY,Buy,1.000,152.27500,152.90000,0.0000,627.0000,62.5,63127.00,39.83,"",10000,00:06:55:00,,,,,,,,,,,,
12/10/2024 02:55,12/10/2024 07:00,USDJPY,Sell,1.000,151.45800,151.14300,0.0000,0.0000,31.5,31500.00,24.80,"",10011,00:04:05:00,,,,,,,,,,,,
12/09/2024 20:00,12/10/2024 02:55,USDJPY,Buy,1.000,151.34600,151.46600,0.0000,627.0000,12.0,12627.00,11.04,"",10000,00:06:55:00,,,,,,,,,,,,
11/19/2024 20:00,11/20/2024 02:55,USDJPY,Buy,1.000,154.74000,154.85000,0.0000,661.0000,11.0,11661.00,11.35,"",10000,00:06:55:00,,,,,,,,,,,,
10/24/2024 21:00,10/25/2024 03:55,USDJPY,Buy,1.000,151.63700,152.05100,0.0000,708.0000,41.4,42108.00,69.49,"",10000,00:06:55:00,,,,,,,,,,,,
10/24/2024 20:47,,,Deposit,0.010,0.00000,0.00000,0.0000,0.0000,0.0,50545.00,0,"Credit In-XMP",0,00:00:00:00,,,,,,,,,,,,
10/24/2024 20:47,,,Deposit,0.010,0.00000,0.00000,0.0000,0.0000,0.0,51.00,0,"Credit In-XMP",0,00:00:00:00,,,,,,,,,,,,
10/24/2024 20:44,,,Deposit,0.000,0.00000,0.00000,0.0000,0.0000,0.0,10000.00,0,"Transfer from 259001736",0,00:00:00:00,,,,,,,,,,,,

