Open Date,Close Date,Symbol,Action,Units/Lots,Open Price,Close Price,Commission,Swap,Pips,Profit,Gain,Duration (DD:HH:MM:SS),Profitable(%),Profitable(time duration),Drawdown,Risk:Reward,Max(pips),Max(USD),Min(pips),Min(USD),Entry Accuracy(%),Exit Accuracy(%),ProfitMissed(pips),ProfitMissed(USD)
05/11/2026 16:00,,,Withdrawal,0.010,0.00000,0.00000,0.0000,0.0000,0.0,-155.29,0,00:00:00:00,,,,,,,,,,,,
05/11/2026 07:00,05/11/2026 15:22,XAUUSD,Buy,0.100,4679.49000,4685.08000,0.0000,0.0000,559.0,55.90,0.55,00:08:22:41,0.8,4m,3096.0,5.27,588.0,58.800000000000004,-3096.0,-309.6,16.0,99.2,-29.00,-2.90
05/11/2026 08:16,,,Withdrawal,0.010,0.00000,0.00000,0.0000,0.0000,0.0,-178.30,0,00:00:00:00,,,,,,,,,,,,
05/11/2026 01:08,05/11/2026 01:10,XAUUSD,Buy,0.100,4683.60000,4688.70000,0.0000,0.0000,510.0,51.00,0.50,00:00:01:55,,,,,,,,,,,,
05/11/2026 00:02,,,Deposit,0.010,0.00000,0.00000,0.0000,0.0000,0.0,102.79,0,00:00:00:00,,,,,,,,,,,,
05/08/2026 10:04,05/08/2026 13:39,XAUUSD,Buy,0.100,4723.72000,4727.61000,0.0000,0.0000,389.0,38.90,0.39,00:03:35:03,2.8,6m,2363.0,6.05,389.0,38.900000000000006,-2354.0,-235.4,14.2,100.0,0.00,0.00
05/05/2026 08:13,05/05/2026 08:34,XAUUSD,Buy,0.100,4541.62000,4546.25000,0.0000,0.0000,463.0,46.30,0.46,00:00:21:01,19.1,4m,534.0,0.95,563.0,56.300000000000004,-534.0,-53.400000000000006,51.3,90.9,-100.00,-10.00
05/04/2026 11:00,05/04/2026 12:14,XAUUSD,Buy,0.100,4578.24000,4582.11000,0.0000,0.0000,387.0,38.70,0.39,00:01:13:20,46.0,33m,524.0,0.56,577.0,57.7,-324.0,-32.4,64.0,78.9,-190.00,-19.00
05/04/2026 08:13,,,Withdrawal,0.010,0.00000,0.00000,0.0000,0.0000,0.0,-111.22,0,00:00:00:00,,,,,,,,,,,,
05/04/2026 00:07,,,Deposit,0.010,0.00000,0.00000,0.0000,0.0000,0.0,111.22,0,00:00:00:00,,,,,,,,,,,,
04/29/2026 08:45,,,Withdrawal,0.010,0.00000,0.00000,0.0000,0.0000,0.0,-139.10,0,00:00:00:00,,,,,,,,,,,,
04/28/2026 08:43,04/28/2026 09:05,XAUUSD,Buy,0.100,4628.88000,4635.72000,0.0000,0.0000,684.0,68.40,0.68,00:00:21:32,63.7,13m,804.0,0.56,858.0,85.80000000000001,-482.0,-48.2,64.0,87.0,-174.00,-17.40
04/27/2026 17:10,04/27/2026 17:12,XAUUSD,Buy,0.100,4689.16000,4692.65000,0.0000,0.0000,349.0,34.90,0.35,00:00:01:41,,,,,,,,,,,,
04/27/2026 16:03,04/27/2026 16:16,XAUUSD,Buy,0.100,4696.22000,4699.80000,0.0000,0.0000,358.0,35.80,0.36,00:00:13:15,46.2,6m,233.0,0.46,424.0,42.400000000000006,-196.0,-19.6,68.4,89.4,-66.00,-6.60
04/23/2026 15:43,,,Withdrawal,0.010,0.00000,0.00000,0.0000,0.0000,0.0,-196.31,0,00:00:00:00,,,,,,,,,,,,
04/23/2026 11:32,04/23/2026 15:00,XAUUSD,Buy,0.100,4712.28000,4721.00000,0.0000,0.0000,872.0,87.20,0.86,00:03:27:27,4.9,10m,2697.0,3.09,872.0,87.2,-2697.0,-269.7,24.4,100.0,0.00,0.00
04/22/2026 09:18,04/22/2026 09:29,XAUUSD,Buy,0.100,4761.34000,4767.00000,0.0000,0.0000,566.0,56.60,0.56,00:00:11:35,100.0,11m,116.0,0.00,595.0,59.5,0.0,0.0,100.0,95.1,-29.00,-2.90
04/20/2026 12:30,04/20/2026 12:47,XAUUSD,Buy,0.100,4789.90000,4795.15000,0.0000,0.0000,525.0,52.50,0.52,00:00:16:36,41.2,6m,461.0,0.84,550.0,55.0,-461.0,-46.1,54.4,97.5,-25.00,-2.50
04/20/2026 09:55,,,Withdrawal,0.010,0.00000,0.00000,0.0000,0.0000,0.0,-263.70,0,00:00:00:00,,,,,,,,,,,,
04/17/2026 09:43,04/17/2026 10:09,XAUUSD,Buy,0.100,4786.04000,4790.40000,0.0000,0.0000,436.0,43.60,0.43,00:00:25:16,53.9,13m,217.0,0.40,436.0,43.6,-175.0,-17.5,71.4,100.0,0.00,0.00
04/16/2026 16:55,04/16/2026 16:56,XAUUSD,Buy,0.100,4790.13000,4796.68000,0.0000,0.0000,655.0,65.50,0.65,00:00:00:44,,,,,,,,,,,,
04/16/2026 11:27,04/16/2026 14:00,XAUUSD,Buy,0.100,4811.57000,4817.25000,0.0000,0.0000,568.0,56.80,0.56,00:02:33:01,48.4,1h 14m,1210.0,0.93,627.0,62.7,-583.0,-58.300000000000004,51.8,95.1,-59.00,-5.90
04/16/2026 08:55,04/16/2026 09:50,XAUUSD,Buy,0.100,4825.43000,4830.01000,0.0000,0.0000,458.0,45.80,0.46,00:00:55:24,7.3,4m,943.0,2.06,458.0,45.800000000000004,-943.0,-94.30000000000001,32.7,100.0,0.00,0.00
04/14/2026 12:15,04/14/2026 16:24,XAUUSD,Buy,0.100,4786.25000,4791.45000,0.0000,0.0000,520.0,52.00,0.52,00:04:09:45,6.1,15m,2995.0,5.36,520.0,52.0,-2786.0,-278.6,15.7,100.0,0.00,0.00
04/13/2026 13:55,,,Withdrawal,0.010,0.00000,0.00000,0.0000,0.0000,0.0,-769.52,0,00:00:00:00,,,,,,,,,,,,
04/13/2026 11:01,,,Deposit,0.010,0.00000,0.00000,0.0000,0.0000,0.0,1000.00,0,00:00:00:00,,,,,,,,,,,,
03/24/2026 11:06,03/24/2026 11:20,XAUUSD,Buy,0.100,4409.82000,4414.34000,0.0000,0.0000,452.0,45.20,0.46,00:00:14:38,28.6,4m,1252.0,2.77,452.0,45.2,-1252.0,-125.2,26.5,100.0,0.00,0.00
03/24/2026 10:18,03/24/2026 11:04,XAUUSD,Buy,0.100,4408.01000,4417.07000,0.0000,0.0000,906.0,90.60,0.94,00:00:45:46,24.0,10m,1631.0,1.80,906.0,90.60000000000001,-1631.0,-163.10000000000002,35.7,100.0,0.00,0.00
03/23/2026 14:30,03/23/2026 14:33,XAUUSD,Buy,0.100,4383.53000,4397.01000,0.0000,0.0000,1348.0,134.80,1.42,00:00:02:06,,,,,,,,,,,,
03/23/2026 08:35,,,Deposit,0.010,0.00000,0.00000,0.0000,0.0000,0.0,498.93,0,00:00:00:00,,,,,,,,,,,,
03/20/2026 11:54,,,Withdrawal,0.010,0.00000,0.00000,0.0000,0.0000,0.0,-1000.00,0,00:00:00:00,,,,,,,,,,,,
03/17/2026 09:08,,,Withdrawal,0.010,0.00000,0.00000,0.0000,0.0000,0.0,-204.60,0,00:00:00:00,,,,,,,,,,,,
03/17/2026 08:56,03/17/2026 09:07,XAUUSD,Buy,0.100,5012.03000,5016.12000,0.0000,0.0000,409.0,40.90,0.40,00:00:10:06,63.7,6m,239.0,0.52,463.0,46.300000000000004,-239.0,-23.900000000000002,66.0,92.3,-54.00,-5.40
03/16/2026 13:55,03/16/2026 14:14,XAUUSD,Buy,0.100,4999.47000,5005.87000,0.0000,0.0000,640.0,64.00,0.63,00:00:19:52,63.2,12m,573.0,0.69,640.0,64.0,-441.0,-44.1,59.2,100.0,0.00,0.00
03/16/2026 08:48,03/16/2026 13:23,XAUUSD,Buy,0.100,5010.22000,5020.19000,0.0000,0.0000,997.0,99.70,1.00,00:04:34:28,9.1,24m,4357.0,3.85,997.0,99.7,-3841.0,-384.1,20.6,100.0,0.00,0.00
03/11/2026 14:00,,,Withdrawal,0.010,0.00000,0.00000,0.0000,0.0000,0.0,-116.70,0,00:00:00:00,,,,,,,,,,,,
03/11/2026 09:39,03/11/2026 09:46,XAUUSD,Buy,0.100,5187.20000,5192.44000,0.0000,0.0000,524.0,52.40,0.52,00:00:07:27,100.0,7m,115.0,0.00,524.0,52.400000000000006,0.0,0.0,100.0,100.0,0.00,0.00
03/05/2026 09:36,03/05/2026 10:47,XAUUSD,Buy,0.100,5160.74000,5167.17000,0.0000,0.0000,643.0,64.30,0.64,00:01:11:20,39.5,28m,2620.0,3.28,643.0,64.3,-2107.0,-210.70000000000002,23.4,100.0,0.00,0.00
03/05/2026 08:33,,,Withdrawal,0.010,0.00000,0.00000,0.0000,0.0000,0.0,-525.41,0,00:00:00:00,,,,,,,,,,,,
03/05/2026 08:33,,,Deposit,0.010,0.00000,0.00000,0.0000,0.0000,0.0,1525.41,0,00:00:00:00,,,,,,,,,,,,
03/05/2026 08:29,,,Withdrawal,0.010,0.00000,0.00000,0.0000,0.0000,0.0,-1000.00,0,00:00:00:00,,,,,,,,,,,,
03/04/2026 16:18,,,Withdrawal,0.010,0.00000,0.00000,0.0000,0.0000,0.0,-100.60,0,00:00:00:00,,,,,,,,,,,,
03/04/2026 10:20,03/04/2026 10:23,XAUUSD,Buy,0.100,5154.12000,5164.18000,0.0000,0.0000,1006.0,100.60,1.01,00:00:03:15,,,,,,,,,,,,
03/03/2026 14:27,,,Withdrawal,0.010,0.00000,0.00000,0.0000,0.0000,0.0,-242.60,0,00:00:00:00,,,,,,,,,,,,
03/03/2026 13:40,03/03/2026 13:47,XAUUSD,Buy,0.100,5128.35000,5141.85000,0.0000,0.0000,1350.0,135.00,1.34,00:00:06:26,57.2,3m,1797.0,1.12,1605.0,160.5,-1797.0,-179.70000000000002,47.2,92.5,-255.00,-25.50
03/03/2026 11:28,03/03/2026 11:29,XAUUSD,Buy,0.100,5231.35000,5242.11000,0.0000,0.0000,1076.0,107.60,1.08,00:00:00:32,,,,,,,,,,,,
03/03/2026 09:25,,,Withdrawal,0.010,0.00000,0.00000,0.0000,0.0000,0.0,-189.30,0,00:00:00:00,,,,,,,,,,,,
03/03/2026 09:04,03/03/2026 09:18,XAUUSD,Buy,0.100,5311.66000,5319.21000,0.0000,0.0000,755.0,75.50,0.75,00:00:13:56,78.6,10m,736.0,0.15,755.0,75.5,-112.0,-11.200000000000001,87.1,100.0,0.00,0.00
03/02/2026 18:01,03/02/2026 18:07,XAUUSD,Buy,0.100,5279.64000,5291.02000,0.0000,0.0000,1138.0,113.80,1.14,00:00:06:18,50.0,3m,968.0,0.61,1187.0,118.7,-721.0,-72.10000000000001,62.2,97.4,-49.00,-4.90
02/27/2026 13:00,,,Withdrawal,0.010,0.00000,0.00000,0.0000,0.0000,0.0,-326.70,0,00:00:00:00,,,,,,,,,,,,
02/25/2026 15:14,02/25/2026 17:04,XAUUSD,Buy,0.100,5186.47000,5200.05000,0.0000,0.0000,1358.0,135.80,1.33,00:01:50:33,53.7,59m,3126.0,1.97,1358.0,135.8,-2669.0,-266.90000000000003,33.7,100.0,0.00,0.00
02/24/2026 15:58,02/24/2026 16:38,XAUUSD,Buy,0.100,5125.26000,5132.76000,0.0000,0.0000,750.0,75.00,0.74,00:00:39:59,15.0,5m,2781.0,3.60,750.0,75.0,-2700.0,-270.0,21.7,100.0,0.00,0.00
02/24/2026 14:55,02/24/2026 15:01,XAUUSD,Buy,0.100,5152.21000,5160.12000,0.0000,0.0000,791.0,79.10,0.79,00:00:06:02,50.0,3m,146.0,0.18,791.0,79.10000000000001,-146.0,-14.600000000000001,84.4,100.0,0.00,0.00
02/24/2026 08:39,02/24/2026 09:17,XAUUSD,Buy,0.100,5172.21000,5175.89000,0.0000,0.0000,368.0,36.80,0.37,00:00:38:05,26.4,10m,939.0,2.06,368.0,36.800000000000004,-757.0,-75.7,32.7,100.0,0.00,0.00
02/17/2026 09:42,,,Withdrawal,0.010,0.00000,0.00000,0.0000,0.0000,0.0,-141.30,0,00:00:00:00,,,,,,,,,,,,
02/17/2026 08:03,02/17/2026 08:19,XAUUSD,Buy,0.100,4891.68000,4900.11000,0.0000,0.0000,843.0,84.30,0.84,00:00:15:32,37.5,5m,672.0,0.48,843.0,84.30000000000001,-407.0,-40.7,67.4,100.0,0.00,0.00
02/16/2026 10:10,02/16/2026 10:58,XAUUSD,Buy,0.100,5004.33000,5010.03000,0.0000,0.0000,570.0,57.00,0.57,00:00:48:07,88.9,42m,275.0,0.32,570.0,57.0,-183.0,-18.3,75.7,100.0,0.00,0.00
02/11/2026 12:17,,,Withdrawal,0.010,0.00000,0.00000,0.0000,0.0000,0.0,-866.40,0,00:00:00:00,,,,,,,,,,,,
02/11/2026 09:27,02/11/2026 11:44,XAUUSD,Buy,0.100,5055.03000,5063.38000,0.0000,0.0000,835.0,83.50,0.77,00:02:16:51,33.4,45m,390.0,0.36,947.0,94.7,-345.0,-34.5,73.3,91.3,-112.00,-11.20
02/10/2026 08:08,02/10/2026 10:49,XAUUSD,Buy,0.100,5044.68000,5052.23000,0.0000,0.0000,755.0,75.50,0.71,00:02:40:53,18.2,29m,2009.0,2.66,755.0,75.5,-2009.0,-200.9,27.3,100.0,0.00,0.00
02/04/2026 11:18,02/09/2026 17:59,XAUUSD,Buy,0.100,5066.91000,5057.03000,0.0000,-30.0000,-988.0,-128.80,-1.19,05:06:40:56,0.0,0s,38426.0,0.00,0.0,0.0,-38426.0,-3842.6000000000004,0.0,97.4,-988.00,-98.80
02/09/2026 09:36,02/09/2026 10:17,XAUUSD,Buy,0.100,5009.44000,5030.00000,0.0000,0.0000,2056.0,205.60,1.93,00:00:41:08,,,,,,,,,,,,
02/09/2026 01:05,02/09/2026 08:13,XAUUSD,Buy,0.100,4990.42000,5036.54000,0.0000,0.0000,4612.0,461.20,4.54,00:07:08:08,96.5,6h 53m,5879.0,0.16,5077.0,507.70000000000005,-802.0,-80.2,86.4,92.1,-465.00,-46.50
02/04/2026 10:36,02/04/2026 10:40,XAUUSD,Buy,0.100,5071.66000,5078.66000,0.0000,0.0000,700.0,70.00,0.69,00:00:03:52,,,,,,,,,,,,
02/04/2026 09:44,02/04/2026 09:47,XAUUSD,Buy,0.100,5080.01000,5087.23000,0.0000,0.0000,722.0,72.20,0.72,00:00:03:31,,,,,,,,,,,,
02/04/2026 08:39,02/04/2026 08:44,XAUUSD,Buy,0.100,5067.47000,5070.19000,0.0000,0.0000,272.0,27.20,0.27,00:00:05:08,,,,,,,,,,,,
01/22/2026 10:56,,,Withdrawal,0.010,0.00000,0.00000,0.0000,0.0000,0.0,-140.20,0,00:00:00:00,,,,,,,,,,,,
01/22/2026 10:14,01/22/2026 10:55,XAUUSD,Buy,0.100,4828.41000,4831.03000,0.0000,0.0000,262.0,26.20,0.26,00:00:41:20,,,,,,,,,,,,
01/22/2026 10:33,01/22/2026 10:44,XAUUSD,Buy,0.100,4825.29000,4827.55000,0.0000,0.0000,226.0,22.60,0.22,00:00:11:28,,,,,,,,,,,,
01/21/2026 12:06,01/21/2026 13:20,XAUUSD,Buy,0.100,4865.99000,4871.37000,0.0000,0.0000,538.0,53.80,0.54,00:01:13:40,,,,,,,,,,,,
01/21/2026 13:02,01/21/2026 13:05,XAUUSD,Buy,0.100,4861.39000,4862.49000,0.0000,0.0000,110.0,11.00,0.11,00:00:03:21,,,,,,,,,,,,
01/21/2026 12:35,01/21/2026 12:36,XAUUSD,Buy,0.100,4861.09000,4863.75000,0.0000,0.0000,266.0,26.60,0.27,00:00:00:50,,,,,,,,,,,,
01/14/2026 11:55,,,Withdrawal,0.010,0.00000,0.00000,0.0000,0.0000,0.0,-94.80,0,00:00:00:00,,,,,,,,,,,,
01/14/2026 11:47,01/14/2026 11:51,XAUUSD,Buy,0.100,4627.92000,4631.15000,0.0000,0.0000,323.0,32.30,0.32,00:00:03:56,,,,,,,,,,,,
01/13/2026 14:29,01/13/2026 14:39,XAUUSD,Buy,0.100,4580.93000,4584.28000,0.0000,0.0000,335.0,33.50,0.33,00:00:09:18,,,,,,,,,,,,
01/08/2026 14:02,01/08/2026 14:03,XAUUSD,Buy,0.100,4416.96000,4419.86000,0.0000,0.0000,290.0,29.00,0.29,00:00:00:54,,,,,,,,,,,,
01/08/2026 09:12,,,Withdrawal,0.010,0.00000,0.00000,0.0000,0.0000,0.0,-385.60,0,00:00:00:00,,,,,,,,,,,,
01/07/2026 13:35,01/07/2026 18:22,XAUUSD,Buy,0.100,4455.87000,4459.00000,0.0000,0.0000,313.0,31.30,0.30,00:04:47:00,40.0,1h 54m,1429.0,4.57,313.0,31.3,-1429.0,-142.9,18.0,100.0,0.00,0.00
01/07/2026 13:12,01/07/2026 18:22,XAUUSD,Buy,0.100,4462.92000,4459.00000,0.0000,0.0000,-392.0,-39.20,-0.38,00:05:09:24,0.0,0s,2134.0,2500.00,0.0,0.0,-2134.0,-213.4,0.0,81.6,-392.00,-39.20
01/07/2026 17:11,01/07/2026 17:29,XAUUSD,Buy,0.100,4435.11000,4442.00000,0.0000,0.0000,689.0,68.90,0.67,00:00:18:46,,,,,,,,,,,,
01/07/2026 17:00,01/07/2026 17:06,XAUUSD,Buy,0.100,4441.29000,4444.27000,0.0000,0.0000,298.0,29.80,0.29,00:00:05:38,,,,,,,,,,,,
01/07/2026 15:07,01/07/2026 15:26,XAUUSD,Buy,0.100,4439.57000,4443.68000,0.0000,0.0000,411.0,41.10,0.40,00:00:18:44,,,,,,,,,,,,
01/07/2026 14:19,01/07/2026 14:21,XAUUSD,Buy,0.100,4442.64000,4445.83000,0.0000,0.0000,319.0,31.90,0.31,00:00:02:01,,,,,,,,,,,,
01/07/2026 13:26,01/07/2026 13:27,XAUUSD,Buy,0.100,4456.30000,4458.80000,0.0000,0.0000,250.0,25.00,0.25,00:00:01:23,,,,,,,,,,,,
01/07/2026 12:28,01/07/2026 12:34,XAUUSD,Buy,0.100,4461.84000,4464.30000,0.0000,0.0000,246.0,24.60,0.24,00:00:05:58,,,,,,,,,,,,
01/07/2026 11:22,01/07/2026 12:15,XAUUSD,Buy,0.100,4463.44000,4466.08000,0.0000,0.0000,264.0,26.40,0.26,00:00:53:23,,,,,,,,,,,,
01/06/2026 15:14,01/06/2026 16:02,XAUUSD,Buy,0.100,4465.84000,4470.96000,0.0000,0.0000,512.0,51.20,0.51,00:00:48:10,,,,,,,,,,,,
01/06/2026 15:49,01/06/2026 15:54,XAUUSD,Buy,0.100,4459.43000,4464.43000,0.0000,0.0000,500.0,50.00,0.50,00:00:05:02,,,,,,,,,,,,
01/06/2026 09:41,01/06/2026 10:23,XAUUSD,Buy,0.100,4465.45000,4466.95000,0.0000,0.0000,150.0,15.00,0.15,00:00:41:12,,,,,,,,,,,,
01/06/2026 10:12,01/06/2026 10:13,XAUUSD,Buy,0.100,4460.91000,4461.75000,0.0000,0.0000,84.0,8.40,0.08,00:00:01:40,,,,,,,,,,,,
01/06/2026 09:53,01/06/2026 10:06,XAUUSD,Buy,0.100,4460.62000,4462.74000,0.0000,0.0000,212.0,21.20,0.21,00:00:12:21,,,,,,,,,,,,
12/18/2025 21:57,,,Withdrawal,0.010,0.00000,0.00000,0.0000,0.0000,0.0,-313.20,0,00:00:00:00,,,,,,,,,,,,
12/18/2025 10:37,12/18/2025 15:30,XAUUSD,Buy,0.100,4328.18000,4335.05000,0.0000,0.0000,687.0,68.70,0.67,00:04:53:07,,,,,,,,,,,,
12/18/2025 09:44,12/18/2025 15:30,XAUUSD,Buy,0.100,4333.91000,4334.87000,0.0000,0.0000,96.0,9.60,0.09,00:05:46:06,,,,,,,,,,,,
12/18/2025 15:06,12/18/2025 15:17,XAUUSD,Buy,0.100,4318.70000,4321.11000,0.0000,0.0000,241.0,24.10,0.24,00:00:11:36,,,,,,,,,,,,
12/18/2025 14:29,12/18/2025 14:38,XAUUSD,Buy,0.100,4319.96000,4323.12000,0.0000,0.0000,316.0,31.60,0.31,00:00:09:24,,,,,,,,,,,,
12/18/2025 10:05,12/18/2025 10:08,XAUUSD,Buy,0.100,4327.56000,4329.75000,0.0000,0.0000,219.0,21.90,0.22,00:00:02:28,,,,,,,,,,,,
12/17/2025 17:38,12/17/2025 18:44,XAUUSD,Buy,0.100,4337.00000,4331.39000,0.0000,0.0000,-561.0,-56.10,-0.55,00:01:06:00,,,,,,,,,,,,
12/17/2025 18:20,12/17/2025 18:30,XAUUSD,Buy,0.100,4325.12000,4327.50000,0.0000,0.0000,238.0,23.80,0.23,00:00:10:04,,,,,,,,,,,,
12/17/2025 18:15,12/17/2025 18:15,XAUUSD,Buy,0.100,4325.04000,4327.23000,0.0000,0.0000,219.0,21.90,0.22,00:00:00:17,,,,,,,,,,,,
12/17/2025 18:12,12/17/2025 18:14,XAUUSD,Buy,0.100,4326.13000,4328.52000,0.0000,0.0000,239.0,23.90,0.24,00:00:01:40,,,,,,,,,,,,
12/17/2025 17:54,12/17/2025 17:56,XAUUSD,Buy,0.100,4328.30000,4331.27000,0.0000,0.0000,297.0,29.70,0.29,00:00:01:12,,,,,,,,,,,,
12/17/2025 17:44,12/17/2025 17:45,XAUUSD,Buy,0.100,4329.35000,4333.07000,0.0000,0.0000,372.0,37.20,0.37,00:00:01:05,,,,,,,,,,,,
12/16/2025 11:11,12/16/2025 11:15,XAUUSD,Buy,0.100,4283.28000,4284.80000,0.0000,0.0000,152.0,15.20,0.15,00:00:03:09,,,,,,,,,,,,
12/15/2025 09:49,12/15/2025 10:26,XAUUSD,Buy,0.100,4341.90000,4344.29000,0.0000,0.0000,239.0,23.90,0.24,00:00:37:20,,,,,,,,,,,,
12/11/2025 09:30,12/11/2025 09:43,XAUUSD,Buy,0.100,4213.41000,4217.19000,0.0000,0.0000,378.0,37.80,0.38,00:00:13:45,,,,,,,,,,,,
12/10/2025 14:41,,,Withdrawal,0.010,0.00000,0.00000,0.0000,0.0000,0.0,-1032.10,0,00:00:00:00,,,,,,,,,,,,
12/10/2025 09:23,12/10/2025 14:08,XAUUSD,Buy,0.100,4206.97000,4200.53000,0.0000,0.0000,-644.0,-64.40,-0.58,00:04:45:19,,,,,,,,,,,,
12/10/2025 11:14,12/10/2025 14:08,XAUUSD,Buy,0.100,4197.29000,4201.02000,0.0000,0.0000,373.0,37.30,0.34,00:02:54:30,,,,,,,,,,,,
12/10/2025 12:34,12/10/2025 12:38,XAUUSD,Buy,0.100,4190.46000,4193.45000,0.0000,0.0000,299.0,29.90,0.27,00:00:04:06,,,,,,,,,,,,
12/10/2025 11:27,12/10/2025 11:28,XAUUSD,Buy,0.100,4197.02000,4197.25000,0.0000,0.0000,23.0,2.30,0.02,00:00:00:19,,,,,,,,,,,,
12/10/2025 11:02,12/10/2025 11:06,XAUUSD,Buy,0.100,4197.25000,4199.20000,0.0000,0.0000,195.0,19.50,0.18,00:00:04:04,,,,,,,,,,,,
12/09/2025 16:11,12/09/2025 16:16,XAUUSD,Buy,0.100,4191.16000,4193.30000,0.0000,0.0000,214.0,21.40,0.19,00:00:04:41,,,,,,,,,,,,
12/09/2025 15:33,12/09/2025 15:44,XAUUSD,Buy,0.100,4197.70000,4199.62000,0.0000,0.0000,192.0,19.20,0.18,00:00:11:14,,,,,,,,,,,,
12/09/2025 14:38,12/09/2025 14:48,XAUUSD,Buy,0.100,4202.68000,4205.02000,0.0000,0.0000,234.0,23.40,0.21,00:00:10:15,,,,,,,,,,,,
12/08/2025 17:01,12/08/2025 18:31,XAUUSD,Buy,0.100,4194.59000,4197.05000,0.0000,0.0000,246.0,24.60,0.23,00:01:30:04,,,,,,,,,,,,
12/08/2025 08:02,12/08/2025 13:34,XAUUSD,Buy,0.100,4217.01000,4210.69000,0.0000,0.0000,-632.0,-63.20,-0.58,00:05:32:00,,,,,,,,,,,,
12/08/2025 12:21,12/08/2025 13:31,XAUUSD,Buy,0.100,4207.72000,4210.02000,0.0000,0.0000,230.0,23.00,0.21,00:01:09:37,,,,,,,,,,,,
12/08/2025 11:36,12/08/2025 11:51,XAUUSD,Buy,0.100,4207.77000,4210.72000,0.0000,0.0000,295.0,29.50,0.27,00:00:14:24,,,,,,,,,,,,
12/08/2025 11:08,12/08/2025 11:13,XAUUSD,Buy,0.100,4206.84000,4210.33000,0.0000,0.0000,349.0,34.90,0.32,00:00:04:36,,,,,,,,,,,,
12/08/2025 10:32,12/08/2025 11:01,XAUUSD,Buy,0.100,4207.21000,4210.27000,0.0000,0.0000,306.0,30.60,0.28,00:00:29:35,,,,,,,,,,,,
12/08/2025 09:43,12/08/2025 10:22,XAUUSD,Buy,0.100,4211.48000,4215.55000,0.0000,0.0000,407.0,40.70,0.38,00:00:38:39,,,,,,,,,,,,
12/05/2025 11:30,12/05/2025 11:41,XAUUSD,Buy,0.100,4220.91000,4224.07000,0.0000,0.0000,316.0,31.60,0.29,00:00:11:08,,,,,,,,,,,,
12/02/2025 13:47,12/02/2025 13:53,XAUUSD,Buy,0.100,4197.64000,4201.18000,0.0000,0.0000,354.0,35.40,0.33,00:00:05:44,,,,,,,,,,,,
12/01/2025 10:19,12/01/2025 12:04,XAUUSD,Buy,0.100,4252.99000,4255.80000,0.0000,0.0000,281.0,28.10,0.26,00:01:45:07,,,,,,,,,,,,
12/01/2025 11:56,12/01/2025 11:58,XAUUSD,Buy,0.100,4244.72000,4250.12000,0.0000,0.0000,540.0,54.00,0.51,00:00:02:34,,,,,,,,,,,,
12/01/2025 10:36,12/01/2025 11:01,XAUUSD,Buy,0.100,4245.68000,4247.40000,0.0000,0.0000,172.0,17.20,0.16,00:00:25:41,,,,,,,,,,,,
11/25/2025 08:05,11/25/2025 08:08,XAUUSD,Buy,0.100,4146.60000,4151.24000,0.0000,0.0000,464.0,46.40,0.44,00:00:03:22,,,,,,,,,,,,
11/17/2025 10:17,11/18/2025 15:35,XAUUSD,Buy,0.100,4090.31000,4058.50000,0.0000,-4.2000,-3181.0,-322.30,-2.95,01:05:17:59,0.0,0s,7923.0,10000.00,0.0,0.0,-7923.0,-792.3000000000001,0.0,59.9,-3181.00,-318.10
11/18/2025 08:42,11/18/2025 10:06,XAUUSD,Buy,0.100,4011.26000,4025.10000,0.0000,0.0000,1384.0,138.40,1.28,00:01:24:05,,,,,,,,,,,,
11/18/2025 08:01,11/18/2025 10:06,XAUUSD,Buy,0.100,4018.66000,4025.10000,0.0000,0.0000,644.0,64.40,0.60,00:02:05:34,,,,,,,,,,,,
11/17/2025 22:04,11/18/2025 01:06,XAUUSD,Buy,0.100,4015.09000,4055.06000,0.0000,-4.2000,3997.0,395.50,3.83,00:03:01:43,,,,,,,,,,,,
11/17/2025 22:04,11/17/2025 22:31,XAUUSD,Buy,0.100,4014.79000,4026.42000,0.0000,0.0000,1163.0,116.30,1.14,00:00:26:37,,,,,,,,,,,,
11/17/2025 21:07,11/17/2025 21:12,XAUUSD,Buy,0.100,4058.38000,4062.54000,0.0000,0.0000,416.0,41.60,0.41,00:00:05:20,,,,,,,,,,,,
11/17/2025 18:07,11/17/2025 18:16,XAUUSD,Buy,0.100,4057.11000,4060.25000,0.0000,0.0000,314.0,31.40,0.31,00:00:08:26,,,,,,,,,,,,
11/17/2025 15:51,11/17/2025 16:09,XAUUSD,Buy,0.100,4063.85000,4068.80000,0.0000,0.0000,495.0,49.50,0.49,00:00:17:50,,,,,,,,,,,,
11/17/2025 13:02,11/17/2025 13:10,XAUUSD,Buy,0.100,4065.95000,4071.33000,0.0000,0.0000,538.0,53.80,0.54,00:00:08:21,,,,,,,,,,,,
11/17/2025 10:40,11/17/2025 11:20,XAUUSD,Buy,0.100,4077.81000,4081.89000,0.0000,0.0000,408.0,40.80,0.41,00:00:39:44,,,,,,,,,,,,
11/13/2025 12:24,11/13/2025 12:25,XAUUSD,Buy,0.100,4238.78000,4238.91000,0.0000,0.0000,13.0,1.30,0.01,00:00:00:53,,,,,,,,,,,,
11/13/2025 09:51,,,Deposit,0.000,0.00000,0.00000,0.0000,0.0000,0.0,10000.00,0,00:00:00:00,,,,,,,,,,,,

Open Trades
Open Date,Symbol,Action,Lots,Open Price,Profit,Pips,Swap
05/15/2026 07:17,XAUUSD,Buy,0.100,4617.92,-1300.6,-13006.0,-102.0

