Open Date,Close Date,Symbol,Action,Units/Lots,SL,TP,Open Price,Close Price,Commission,Swap,Pips,Profit,Gain,Comment,Magic Number,Duration (DD:HH:MM:SS),Profitable(%),Profitable(time duration),Drawdown,Risk:Reward,Max(pips),Max(USD),Min(pips),Min(USD),Entry Accuracy(%),Exit Accuracy(%),ProfitMissed(pips),ProfitMissed(USD)
12/17/2025 18:12,04/14/2026 14:59,EURHUF,Sell,0.020,0.00000,0.00000,387.87000,363.78000,0.0000,31.4600,2409.0,187.80,3.44,"",0,117:20:46:14,78.1,92d 1h ,2334.1,0.40,2555.5,153.32999999999998,-1015.8,-60.94799999999999,71.6,95.9,-146.50,-8.79
03/02/2026 10:30,04/14/2026 14:58,EURHUF,Sell,0.020,0.00000,0.00000,379.19000,363.76000,0.0000,11.2900,1543.0,111.46,2.08,"",0,43:04:28:02,15.9,6d 20h ,1946.5,1.12,1687.5,101.25,-1883.8,-113.02799999999999,47.3,96.0,-144.50,-8.67
07/03/2023 16:16,04/13/2026 12:34,EURHUF,Sell,0.010,0.00000,0.00000,374.13000,367.55000,0.0000,134.1700,658.0,155.10,2.99,"",0,1014:20:18:21,0.7,7d 2h ,0.0,0.00,658.0,19.74,0.0,0.0,100.0,100.0,0.00,0.00
03/03/2026 11:35,04/13/2026 08:37,EURHUF,Sell,0.020,0.00000,0.00000,385.02000,368.41000,0.0000,10.7400,1661.0,116.17,2.29,"",0,40:21:01:26,33.8,13d 19h ,1462.9,0.72,1804.9,108.294,-1300.8,-78.04799999999999,58.1,95.4,-143.90,-8.63
03/03/2026 17:03,04/13/2026 08:37,EURHUF,Sell,0.020,0.00000,0.00000,390.00000,368.40000,0.0000,10.7400,2160.0,147.80,3.00,"",0,40:15:33:31,67.1,27d 6h ,1462.9,0.35,2302.9,138.174,-802.8,-48.16799999999999,74.2,95.4,-142.90,-8.57
03/09/2026 04:00,04/08/2026 08:38,EURHUF,Sell,0.020,0.00000,0.00000,395.00000,377.03000,0.0000,7.8100,1797.0,119.28,2.48,"",0,30:04:38:36,98.7,29d 19h ,1195.0,0.16,1951.9,117.114,-302.8,-18.168,86.6,93.1,-154.90,-9.29
03/17/2026 14:46,04/08/2026 08:38,EURHUF,Sell,0.050,0.00000,0.00000,388.63000,377.14000,0.0000,14.3700,1149.0,192.43,4.17,"",0,21:17:51:36,54.9,11d 22h ,759.5,0.45,1338.7,200.805,-606.5,-90.975,68.8,90.2,-189.70,-28.46
01/16/2024 12:09,02/26/2026 14:02,EURHUF,Sell,0.010,0.00000,0.00000,380.03000,375.90000,0.0000,94.9200,413.0,107.89,2.39,"",0,772:01:53:06,3.2,24d 16h ,3524.1,6.83,516.3,15.488999999999997,-3524.1,-105.723,12.8,97.4,-103.30,-3.10
12/16/2025 15:32,02/26/2026 14:02,EURHUF,Sell,0.020,0.00000,0.00000,383.36000,375.89000,0.0000,19.9000,747.0,66.81,1.50,"",0,71:22:29:54,52.8,37d 23h ,772.5,0.89,867.3,52.038,-772.5,-46.35,52.9,92.7,-120.30,-7.22
12/18/2025 11:03,02/26/2026 14:02,EURHUF,Sell,0.020,0.00000,0.00000,390.01000,375.89000,0.0000,18.8400,1412.0,107.53,2.48,"",0,70:02:59:26,98.6,69d 3h ,529.1,0.07,1532.3,91.93799999999999,-107.5,-6.45,93.4,92.7,-120.30,-7.22
09/05/2025 18:04,01/29/2026 11:08,EURUSD,Buy,0.020,0.00000,0.00000,1.17385,1.19699,0.0000,-26.0700,231.4,20.21,0.47,"",0,145:17:04:18,24.3,35d 9h ,391.8,0.91,284.4,56.879999999999995,-259.5,-51.900000000000006,52.3,90.3,-53.00,-10.60
11/06/2025 18:16,01/15/2026 16:21,EURUSD,Buy,0.020,0.00000,0.00000,1.15358,1.16097,0.0000,-12.5000,73.9,2.28,0.05,"",0,69:22:04:47,92.7,64d 19h ,191.9,0.13,259.6,51.92000000000001,-33.0,-6.6000000000000005,88.7,36.5,-185.70,-37.14
08/21/2025 16:34,11/11/2025 10:10,EURHUF,Sell,0.010,0.00000,0.00000,395.27000,385.31000,0.0000,10.4200,996.0,40.33,0.94,"",0,81:17:36:09,89.5,73d 3h ,598.9,0.18,1216.8,36.504,-224.8,-6.744,84.4,84.7,-220.80,-6.62
08/21/2025 16:34,11/11/2025 10:10,EURHUF,Sell,0.010,0.00000,0.00000,395.26000,385.27000,0.0000,10.4200,999.0,40.40,0.95,"",0,81:17:36:20,89.5,73d 3h ,598.9,0.19,1215.8,36.474,-225.8,-6.774,84.3,85.0,-216.80,-6.50
08/18/2025 11:47,11/11/2025 10:10,EURHUF,Sell,0.020,0.00000,0.00000,395.08000,385.26000,0.0000,22.1500,982.0,81.07,1.95,"",0,84:22:23:13,88.3,74d 23h ,598.9,0.20,1197.8,71.868,-243.8,-14.628,83.1,85.0,-215.80,-12.95
07/30/2025 18:32,11/11/2025 10:10,EURHUF,Sell,0.020,0.00000,0.00000,400.01000,385.27000,0.0000,27.0100,1474.0,115.52,2.86,"",0,103:15:37:26,99.7,103d 8h ,598.9,0.01,1690.8,101.448,-11.5,-0.69,99.3,87.3,-216.80,-13.01
04/07/2025 11:08,07/28/2025 11:17,EURHUF,Sell,0.010,0.00000,0.00000,407.56000,397.52000,0.0000,13.8900,1004.0,43.40,1.09,"",0,112:00:09:59,91.7,102d 17h ,788.4,0.25,1144.6,34.337999999999994,-290.3,-8.709,79.8,90.2,-140.60,-4.22
04/11/2025 12:35,07/28/2025 11:17,EURHUF,Sell,0.020,0.00000,0.00000,410.01000,397.52000,0.0000,26.4300,1249.0,99.83,2.56,"",0,107:22:41:54,99.3,107d 4h ,454.6,0.03,1389.6,83.37599999999999,-45.3,-2.7179999999999995,96.8,90.2,-140.60,-8.44
04/11/2025 10:24,07/28/2025 11:17,EURHUF,Sell,0.010,0.00000,0.00000,407.84000,397.52000,0.0000,13.1700,1032.0,43.51,1.13,"",0,108:00:52:59,93.4,100d 21h ,454.6,0.22,1172.6,35.178,-262.3,-7.869,81.7,90.2,-140.60,-4.22
10/29/2024 22:00,03/26/2025 17:06,EURHUF,Sell,0.010,0.00000,0.00000,405.01000,400.97000,0.0000,16.6800,404.0,27.56,0.72,"",0,147:19:06:25,33.8,49d 22h ,1178.2,1.46,767.3,23.019,-1116.3,-33.489,40.7,80.7,-363.30,-10.90
11/06/2024 05:22,03/26/2025 17:06,EURHUF,Sell,0.010,0.00000,0.00000,410.00000,400.96000,0.0000,15.7300,904.0,40.08,1.06,"",0,140:11:43:54,61.5,86d 9h ,884.1,0.42,1266.3,37.989,-527.1,-15.813,70.6,79.8,-362.30,-10.87
10/29/2024 22:00,03/26/2025 17:06,EURHUF,Sell,0.010,0.00000,0.00000,405.01000,400.96000,0.0000,16.6800,405.0,27.57,0.73,"",0,147:19:06:11,33.8,49d 22h ,1178.2,1.46,767.3,23.019,-1116.3,-33.489,40.7,80.8,-362.30,-10.87
12/19/2024 14:49,03/26/2025 17:06,EURHUF,Sell,0.010,0.00000,0.00000,415.00000,400.96000,0.0000,10.7100,1404.0,48.50,1.31,"",0,97:02:16:43,94.9,92d 3h ,634.6,0.02,1766.3,52.989,-27.1,-0.8130000000000001,98.5,79.8,-362.30,-10.87
06/12/2024 15:19,03/04/2025 15:59,EURHUF,Sell,0.010,0.00000,0.00000,395.01000,400.01000,0.0000,30.7700,-500.0,17.59,0.48,"",0,265:00:39:48,29.9,79d 5h ,2587.7,3.61,561.6,16.848,-2026.1,-60.782999999999994,21.7,59.0,-1061.60,-31.85
03/04/2024 13:15,03/04/2025 15:59,EURHUF,Sell,0.010,0.00000,0.00000,395.00000,400.02000,0.0000,42.8100,-502.0,29.58,0.81,"",0,365:02:44:09,46.4,169d 9h ,3154.0,1.80,1126.9,33.807,-2027.1,-60.812999999999995,35.7,48.4,-1628.90,-48.87
09/06/2023 16:23,03/04/2025 15:59,EURHUF,Sell,0.010,0.00000,0.00000,390.04000,400.02000,0.0000,66.9300,-998.0,40.62,1.12,"",0,544:23:36:02,38.8,211d 10h ,3984.2,1.73,1461.1,43.833,-2523.1,-75.693,36.7,38.3,-2459.10,-73.77
09/05/2023 16:30,03/04/2025 15:59,EURHUF,Sell,0.010,0.00000,0.00000,385.39000,400.01000,0.0000,67.1400,-1462.0,28.58,0.80,"",0,545:23:28:37,22.6,123d 9h ,3984.2,3.00,996.1,29.883,-2988.1,-89.643,25.0,38.3,-2458.10,-73.74
10/02/2024 16:25,03/04/2025 15:58,EURHUF,Sell,0.010,0.00000,0.00000,400.01000,399.99000,0.0000,17.2700,2.0,17.31,0.48,"",0,152:23:33:43,5.3,8d 2h ,1645.3,12.80,119.2,2.384,-1526.1,-30.522,7.2,92.9,-117.20,-2.34
10/02/2024 16:25,03/04/2025 15:58,EURHUF,Sell,0.010,0.00000,0.00000,400.01000,399.99000,0.0000,17.2700,2.0,17.31,0.49,"",0,152:23:33:36,5.3,8d 2h ,1645.3,12.80,119.2,2.384,-1526.1,-30.522,7.2,92.9,-117.20,-2.34
01/29/2024 15:19,03/04/2025 15:49,EURHUF,Sell,0.010,0.00000,0.00000,390.00000,400.06000,0.0000,47.0300,-1006.0,20.51,0.58,"",0,400:00:30:03,17.5,70d ,3267.7,3.41,740.6,22.218,-2527.1,-75.81299999999999,22.7,46.5,-1746.60,-52.40
09/24/2024 16:19,03/04/2025 15:49,EURHUF,Sell,0.010,0.00000,0.00000,393.30000,400.06000,0.0000,18.2400,-676.0,0.41,0.01,"",0,160:23:30:30,0.0,0s,2197.1,2500.00,0.0,0.0,-2197.1,-65.913,0.0,69.2,-676.00,-20.28
09/24/2024 16:19,03/04/2025 15:49,EURHUF,Sell,0.010,0.00000,0.00000,393.32000,400.06000,0.0000,18.2400,-674.0,0.47,0.01,"",0,160:23:30:18,0.0,0s,2195.1,2500.00,0.0,0.0,-2195.1,-65.853,0.0,69.3,-674.00,-20.22
08/12/2024 12:01,01/06/2025 15:25,USDJPY,Buy,0.010,0.00000,0.00000,147.34100,156.44100,0.0000,8.3600,910.0,66.53,1.92,"",0,147:03:24:07,68.1,100d 4h ,839.8,0.62,1056.7,63.402,-651.4,-39.083999999999996,61.9,91.4,-146.70,-8.80
10/30/2024 14:44,11/28/2024 11:23,EURHUF,Sell,0.010,415.00000,0.00000,407.79000,415.11000,0.0000,3.5300,-732.0,-15.07,-0.43,"sl",0,28:20:39:01,34.5,9d 22h ,1071.9,2.15,339.9,10.197,-732.0,-21.96,31.7,0.0,-1071.90,-32.16
09/16/2024 07:08,10/31/2024 08:44,USDJPY,Buy,0.010,0.00000,0.00000,139.99900,152.63700,0.0000,2.8100,1263.8,85.61,2.52,"",0,45:01:36:51,100.0,45d 1h ,294.4,0.00,1328.5,92.995,0.0,0.0,100.0,95.1,-64.70,-4.53
08/19/2024 17:15,10/31/2024 08:44,USDJPY,Buy,0.010,0.00000,0.00000,146.58200,152.61000,0.0000,4.6900,602.8,44.19,1.32,"",0,72:15:29:33,42.5,30d 20h ,575.5,0.86,670.2,46.91400000000001,-575.5,-40.285000000000004,53.8,94.6,-67.40,-4.72
04/24/2024 15:12,08/05/2024 18:24,USDJPY,Sell,0.010,0.00000,0.00000,155.00700,143.16300,0.0000,-22.1800,1184.4,60.55,1.84,"",0,103:03:11:59,20.4,21d ,854.1,0.56,1184.4,82.90800000000002,-658.7,-46.10900000000001,64.3,100.0,0.00,0.00
02/13/2024 15:34,08/05/2024 18:24,USDJPY,Sell,0.010,0.00000,0.00000,150.20200,143.17200,0.0000,-35.4700,703.0,13.63,0.42,"",0,174:02:50:15,17.3,30d 2h ,1454.4,1.62,703.0,49.21000000000001,-1139.2,-79.74400000000001,38.2,100.0,0.00,0.00
01/05/2024 08:21,08/05/2024 18:24,USDJPY,Sell,0.010,0.00000,0.00000,145.00100,143.17100,0.0000,-42.5500,183.0,-29.77,-0.90,"",0,213:10:03:22,2.9,6d 4h ,1716.5,9.07,183.0,12.81,-1659.3,-116.15100000000001,9.9,100.0,0.00,0.00
06/26/2024 12:35,08/05/2024 18:24,USDJPY,Sell,0.010,0.00000,0.00000,160.00000,143.15000,0.0000,-9.0700,1685.0,108.64,3.39,"",0,40:05:49:25,67.5,27d 3h ,175.9,0.09,1685.0,117.95000000000002,-159.4,-11.158000000000001,91.4,100.0,0.00,0.00
01/03/2024 16:16,05/15/2024 18:02,EURUSD,Sell,0.010,0.00000,0.00000,1.09142,1.08597,0.0000,1.9400,54.5,7.39,0.23,"",0,133:01:46:28,85.8,114d 4h ,267.2,0.23,293.4,29.34,-68.2,-6.82,81.1,33.9,-238.90,-23.89
07/20/2023 12:36,01/09/2024 11:16,EURHUF,Sell,0.010,0.00000,0.00000,378.10000,379.09000,0.0000,28.1200,-99.0,25.26,0.80,"",0,172:22:39:46,11.0,19d ,1483.7,5.56,267.1,8.013,-1483.7,-44.511,15.3,79.1,-366.10,-10.98
10/18/2023 11:59,01/09/2024 11:16,EURHUF,Sell,0.010,0.00000,0.00000,382.99000,379.08000,0.0000,10.4000,391.0,21.69,0.69,"",0,82:23:16:52,90.4,75d ,866.5,0.19,756.1,22.683,-142.5,-4.2749999999999995,84.1,59.4,-365.10,-10.95
11/21/2023 11:41,01/09/2024 11:16,EURHUF,Sell,0.010,0.00000,0.00000,380.01000,379.10000,0.0000,6.1900,91.0,8.80,0.28,"",0,48:23:34:22,49.0,24d ,700.7,1.40,292.3,8.769,-408.4,-12.251999999999999,41.7,71.3,-201.30,-6.04
12/18/2023 14:59,01/09/2024 11:16,EURHUF,Sell,0.010,0.00000,0.00000,385.01000,379.09000,0.0000,2.8000,592.0,19.86,0.64,"",0,21:20:16:19,100.0,21d 20h ,204.1,0.00,756.8,22.703999999999997,0.0,0.0,100.0,78.2,-164.80,-4.94
11/20/2023 13:27,01/03/2024 14:32,USDJPY,Sell,0.010,0.00000,0.00000,148.25100,142.93600,0.0000,-8.4500,531.5,28.73,0.93,"",0,44:01:04:10,86.4,38d 1h ,197.3,0.19,722.5,50.575,-138.7,-9.709,83.9,77.8,-191.00,-13.37
11/30/2023 23:59,,,Deposit,0.010,0.00000,0.00000,0.00000,0.00000,0.0000,0.0000,0.0,53.18,0,"Shrink#2023-11 Trading",0,00:00:00:00,,,,,,,,,,,,
08/31/2023 23:59,,,Deposit,0.010,0.00000,0.00000,0.00000,0.00000,0.0000,0.0000,0.0,69.49,0,"Shrink#2023-08 Trading",0,00:00:00:00,,,,,,,,,,,,
07/31/2023 23:59,,,Deposit,0.010,0.00000,0.00000,0.00000,0.00000,0.0000,0.0000,0.0,30.69,0,"Shrink#2023-07 Trading",0,00:00:00:00,,,,,,,,,,,,
06/30/2023 23:59,,,Deposit,0.010,0.00000,0.00000,0.00000,0.00000,0.0000,0.0000,0.0,115.38,0,"Shrink#2023-06 Trading",0,00:00:00:00,,,,,,,,,,,,
04/30/2023 23:59,,,Withdrawal,0.010,0.00000,0.00000,0.00000,0.00000,0.0000,0.0000,0.0,-75.47,0,"Shrink#2023-04 Trading",0,00:00:00:00,,,,,,,,,,,,
03/31/2023 23:59,,,Deposit,0.010,0.00000,0.00000,0.00000,0.00000,0.0000,0.0000,0.0,117.75,0,"Shrink#2023-03 Trading",0,00:00:00:00,,,,,,,,,,,,
02/28/2023 23:59,,,Deposit,0.010,0.00000,0.00000,0.00000,0.00000,0.0000,0.0000,0.0,210.60,0,"Shrink#2023-02 Trading",0,00:00:00:00,,,,,,,,,,,,
01/31/2023 23:59,,,Deposit,0.010,0.00000,0.00000,0.00000,0.00000,0.0000,0.0000,0.0,42.78,0,"Shrink#2023-01 Trading",0,00:00:00:00,,,,,,,,,,,,
12/31/2022 23:59,,,Deposit,0.010,0.00000,0.00000,0.00000,0.00000,0.0000,0.0000,0.0,151.12,0,"Shrink#2022-12 Trading",0,00:00:00:00,,,,,,,,,,,,
11/30/2022 23:59,,,Deposit,0.010,0.00000,0.00000,0.00000,0.00000,0.0000,0.0000,0.0,90.74,0,"Shrink#2022-11 Trading",0,00:00:00:00,,,,,,,,,,,,
09/30/2022 23:59,,,Deposit,0.010,0.00000,0.00000,0.00000,0.00000,0.0000,0.0000,0.0,86.40,0,"Shrink#2022-09 Trading",0,00:00:00:00,,,,,,,,,,,,
08/31/2022 23:59,,,Deposit,0.010,0.00000,0.00000,0.00000,0.00000,0.0000,0.0000,0.0,85.16,0,"Shrink#2022-08 Trading",0,00:00:00:00,,,,,,,,,,,,
05/31/2022 23:59,,,Deposit,0.010,0.00000,0.00000,0.00000,0.00000,0.0000,0.0000,0.0,6.93,0,"Shrink#2022-05 Trading",0,00:00:00:00,,,,,,,,,,,,
04/30/2022 23:59,,,Deposit,0.010,0.00000,0.00000,0.00000,0.00000,0.0000,0.0000,0.0,4.48,0,"Shrink#2022-04 Trading",0,00:00:00:00,,,,,,,,,,,,
03/31/2022 23:59,,,Deposit,0.010,0.00000,0.00000,0.00000,0.00000,0.0000,0.0000,0.0,113.22,0,"Shrink#2022-03 Trading",0,00:00:00:00,,,,,,,,,,,,
02/28/2022 23:59,,,Deposit,0.010,0.00000,0.00000,0.00000,0.00000,0.0000,0.0000,0.0,16.54,0,"Shrink#2022-02 Trading",0,00:00:00:00,,,,,,,,,,,,
01/31/2022 23:59,,,Deposit,0.010,0.00000,0.00000,0.00000,0.00000,0.0000,0.0000,0.0,106.48,0,"Shrink#2022-01 Trading",0,00:00:00:00,,,,,,,,,,,,
11/30/2021 23:59,,,Deposit,0.010,0.00000,0.00000,0.00000,0.00000,0.0000,0.0000,0.0,18.82,0,"Shrink#2021-11 Trading",0,00:00:00:00,,,,,,,,,,,,
10/31/2021 23:59,,,Deposit,0.010,0.00000,0.00000,0.00000,0.00000,0.0000,0.0000,0.0,18.96,0,"Shrink#2021-10 Trading",0,00:00:00:00,,,,,,,,,,,,
08/31/2021 23:59,,,Deposit,0.010,0.00000,0.00000,0.00000,0.00000,0.0000,0.0000,0.0,16.57,0,"Shrink#2021-08 Trading",0,00:00:00:00,,,,,,,,,,,,
07/31/2021 23:59,,,Deposit,0.010,0.00000,0.00000,0.00000,0.00000,0.0000,0.0000,0.0,4.06,0,"Shrink#2021-07 Trading",0,00:00:00:00,,,,,,,,,,,,
03/31/2021 23:59,,,Deposit,0.010,0.00000,0.00000,0.00000,0.00000,0.0000,0.0000,0.0,30.38,0,"Shrink#2021-03 Trading",0,00:00:00:00,,,,,,,,,,,,
11/30/2020 23:59,,,Deposit,0.010,0.00000,0.00000,0.00000,0.00000,0.0000,0.0000,0.0,16.85,0,"Shrink#2020-11 Trading",0,00:00:00:00,,,,,,,,,,,,
10/31/2020 23:59,,,Deposit,0.010,0.00000,0.00000,0.00000,0.00000,0.0000,0.0000,0.0,33.38,0,"Shrink#2020-10 Trading",0,00:00:00:00,,,,,,,,,,,,
09/30/2020 23:59,,,Deposit,0.010,0.00000,0.00000,0.00000,0.00000,0.0000,0.0000,0.0,75.57,0,"Shrink#2020-09 Trading",0,00:00:00:00,,,,,,,,,,,,
07/31/2020 23:59,,,Deposit,0.010,0.00000,0.00000,0.00000,0.00000,0.0000,0.0000,0.0,15.89,0,"Shrink#2020-07 Trading",0,00:00:00:00,,,,,,,,,,,,
04/30/2020 23:59,,,Deposit,0.010,0.00000,0.00000,0.00000,0.00000,0.0000,0.0000,0.0,10.32,0,"Shrink#2020-04 Trading",0,00:00:00:00,,,,,,,,,,,,
03/31/2020 23:59,,,Withdrawal,0.010,0.00000,0.00000,0.00000,0.00000,0.0000,0.0000,0.0,-44.53,0,"Shrink#2020-03 Trading",0,00:00:00:00,,,,,,,,,,,,
02/29/2020 23:59,,,Deposit,0.010,0.00000,0.00000,0.00000,0.00000,0.0000,0.0000,0.0,191.23,0,"Shrink#2020-02 Trading",0,00:00:00:00,,,,,,,,,,,,
01/31/2020 23:59,,,Deposit,0.010,0.00000,0.00000,0.00000,0.00000,0.0000,0.0000,0.0,69.38,0,"Shrink#2020-01 Trading",0,00:00:00:00,,,,,,,,,,,,
11/30/2019 23:59,,,Deposit,0.010,0.00000,0.00000,0.00000,0.00000,0.0000,0.0000,0.0,31.99,0,"Shrink#2019-11 Trading",0,00:00:00:00,,,,,,,,,,,,
10/31/2019 23:59,,,Deposit,0.010,0.00000,0.00000,0.00000,0.00000,0.0000,0.0000,0.0,11.20,0,"Shrink#2019-10 Trading",0,00:00:00:00,,,,,,,,,,,,
09/30/2019 23:59,,,Deposit,0.010,0.00000,0.00000,0.00000,0.00000,0.0000,0.0000,0.0,28.88,0,"Shrink#2019-09 Trading",0,00:00:00:00,,,,,,,,,,,,
08/31/2019 23:59,,,Deposit,0.010,0.00000,0.00000,0.00000,0.00000,0.0000,0.0000,0.0,10.37,0,"Shrink#2019-08 Trading",0,00:00:00:00,,,,,,,,,,,,
07/31/2019 23:59,,,Deposit,0.010,0.00000,0.00000,0.00000,0.00000,0.0000,0.0000,0.0,9.90,0,"Shrink#2019-07 Trading",0,00:00:00:00,,,,,,,,,,,,
05/31/2019 23:59,,,Withdrawal,0.010,0.00000,0.00000,0.00000,0.00000,0.0000,0.0000,0.0,-179.44,0,"Shrink#2019-05 Trading",0,00:00:00:00,,,,,,,,,,,,
04/30/2019 23:59,,,Deposit,0.010,0.00000,0.00000,0.00000,0.00000,0.0000,0.0000,0.0,23.92,0,"Shrink#2019-04 Trading",0,00:00:00:00,,,,,,,,,,,,
03/31/2019 23:59,,,Deposit,0.010,0.00000,0.00000,0.00000,0.00000,0.0000,0.0000,0.0,58.30,0,"Shrink#2019-03 Trading",0,00:00:00:00,,,,,,,,,,,,
11/30/2018 23:59,,,Deposit,0.010,0.00000,0.00000,0.00000,0.00000,0.0000,0.0000,0.0,23.06,0,"Shrink#2018-11 Trading",0,00:00:00:00,,,,,,,,,,,,
10/31/2018 23:59,,,Deposit,0.010,0.00000,0.00000,0.00000,0.00000,0.0000,0.0000,0.0,21.83,0,"Shrink#2018-10 Trading",0,00:00:00:00,,,,,,,,,,,,
07/31/2018 23:59,,,Deposit,0.010,0.00000,0.00000,0.00000,0.00000,0.0000,0.0000,0.0,112.93,0,"Shrink#2018-07 Trading",0,00:00:00:00,,,,,,,,,,,,
05/31/2018 23:59,,,Deposit,0.010,0.00000,0.00000,0.00000,0.00000,0.0000,0.0000,0.0,18.36,0,"Shrink#2018-05 Trading",0,00:00:00:00,,,,,,,,,,,,
04/30/2018 23:59,,,Deposit,0.010,0.00000,0.00000,0.00000,0.00000,0.0000,0.0000,0.0,12.17,0,"Shrink#2018-04 Trading",0,00:00:00:00,,,,,,,,,,,,
01/31/2018 23:59,,,Deposit,0.010,0.00000,0.00000,0.00000,0.00000,0.0000,0.0000,0.0,6.61,0,"Shrink#2018-01 Trading",0,00:00:00:00,,,,,,,,,,,,
10/31/2017 23:59,,,Deposit,0.010,0.00000,0.00000,0.00000,0.00000,0.0000,0.0000,0.0,11.43,0,"Shrink#2017-10 Trading",0,00:00:00:00,,,,,,,,,,,,
09/30/2017 23:59,,,Deposit,0.010,0.00000,0.00000,0.00000,0.00000,0.0000,0.0000,0.0,30.93,0,"Shrink#2017-09 Trading",0,00:00:00:00,,,,,,,,,,,,
07/31/2017 23:59,,,Deposit,0.010,0.00000,0.00000,0.00000,0.00000,0.0000,0.0000,0.0,8.24,0,"Shrink#2017-07 Trading",0,00:00:00:00,,,,,,,,,,,,
03/31/2017 23:59,,,Withdrawal,0.010,0.00000,0.00000,0.00000,0.00000,0.0000,0.0000,0.0,-5.56,0,"Shrink#2017-03 Trading",0,00:00:00:00,,,,,,,,,,,,
02/28/2017 23:59,,,Deposit,0.010,0.00000,0.00000,0.00000,0.00000,0.0000,0.0000,0.0,83.19,0,"Shrink#2017-02 Trading",0,00:00:00:00,,,,,,,,,,,,
01/31/2017 23:59,,,Deposit,0.010,0.00000,0.00000,0.00000,0.00000,0.0000,0.0000,0.0,17.17,0,"Shrink#2017-01 Trading",0,00:00:00:00,,,,,,,,,,,,
12/31/2016 23:59,,,Deposit,0.010,0.00000,0.00000,0.00000,0.00000,0.0000,0.0000,0.0,39.81,0,"Shrink#2016-12 Trading",0,00:00:00:00,,,,,,,,,,,,
11/30/2016 23:59,,,Deposit,0.010,0.00000,0.00000,0.00000,0.00000,0.0000,0.0000,0.0,71.02,0,"Shrink#2016-11 Trading",0,00:00:00:00,,,,,,,,,,,,
10/31/2016 23:59,,,Deposit,0.010,0.00000,0.00000,0.00000,0.00000,0.0000,0.0000,0.0,52.73,0,"Shrink#2016-10 Trading",0,00:00:00:00,,,,,,,,,,,,
09/30/2016 23:59,,,Deposit,0.010,0.00000,0.00000,0.00000,0.00000,0.0000,0.0000,0.0,16.40,0,"Shrink#2016-09 Trading",0,00:00:00:00,,,,,,,,,,,,
08/31/2016 23:59,,,Deposit,0.010,0.00000,0.00000,0.00000,0.00000,0.0000,0.0000,0.0,3.76,0,"Shrink#2016-08 Trading",0,00:00:00:00,,,,,,,,,,,,
07/31/2016 23:59,,,Deposit,0.010,0.00000,0.00000,0.00000,0.00000,0.0000,0.0000,0.0,6.67,0,"Shrink#2016-07 Trading",0,00:00:00:00,,,,,,,,,,,,
06/30/2016 23:59,,,Withdrawal,0.010,0.00000,0.00000,0.00000,0.00000,0.0000,0.0000,0.0,-5.48,0,"Shrink#2016-06 Trading",0,00:00:00:00,,,,,,,,,,,,
05/31/2016 23:59,,,Deposit,0.010,0.00000,0.00000,0.00000,0.00000,0.0000,0.0000,0.0,30.42,0,"Shrink#2016-05 Trading",0,00:00:00:00,,,,,,,,,,,,
04/30/2016 23:59,,,Withdrawal,0.010,0.00000,0.00000,0.00000,0.00000,0.0000,0.0000,0.0,-23.00,0,"Shrink#2016-04 Trading",0,00:00:00:00,,,,,,,,,,,,
02/29/2016 23:59,,,Withdrawal,0.010,0.00000,0.00000,0.00000,0.00000,0.0000,0.0000,0.0,-91.04,0,"Shrink#2016-02 Trading",0,00:00:00:00,,,,,,,,,,,,
01/31/2016 23:59,,,Deposit,0.010,0.00000,0.00000,0.00000,0.00000,0.0000,0.0000,0.0,22.78,0,"Shrink#2016-01 Trading",0,00:00:00:00,,,,,,,,,,,,
12/31/2015 23:59,,,Withdrawal,0.010,0.00000,0.00000,0.00000,0.00000,0.0000,0.0000,0.0,-28.46,0,"Shrink#2015-12 Trading",0,00:00:00:00,,,,,,,,,,,,
11/30/2015 23:59,,,Deposit,0.010,0.00000,0.00000,0.00000,0.00000,0.0000,0.0000,0.0,23.05,0,"Shrink#2015-11 Trading",0,00:00:00:00,,,,,,,,,,,,
10/31/2015 23:59,,,Withdrawal,0.010,0.00000,0.00000,0.00000,0.00000,0.0000,0.0000,0.0,-239.42,0,"Shrink#2015-10 Trading",0,00:00:00:00,,,,,,,,,,,,
09/30/2015 23:59,,,Withdrawal,0.010,0.00000,0.00000,0.00000,0.00000,0.0000,0.0000,0.0,-148.78,0,"Shrink#2015-09 Trading",0,00:00:00:00,,,,,,,,,,,,
08/31/2015 23:59,,,Deposit,0.010,0.00000,0.00000,0.00000,0.00000,0.0000,0.0000,0.0,75.45,0,"Shrink#2015-08 Trading",0,00:00:00:00,,,,,,,,,,,,
07/31/2015 23:59,,,Deposit,0.010,0.00000,0.00000,0.00000,0.00000,0.0000,0.0000,0.0,10.10,0,"Shrink#2015-07 Trading",0,00:00:00:00,,,,,,,,,,,,
06/30/2015 23:59,,,Deposit,0.010,0.00000,0.00000,0.00000,0.00000,0.0000,0.0000,0.0,14.06,0,"Shrink#2015-06 Trading",0,00:00:00:00,,,,,,,,,,,,
05/31/2015 23:59,,,Withdrawal,0.010,0.00000,0.00000,0.00000,0.00000,0.0000,0.0000,0.0,-141.72,0,"Shrink#2015-05 Trading",0,00:00:00:00,,,,,,,,,,,,
04/30/2015 23:59,,,Deposit,0.010,0.00000,0.00000,0.00000,0.00000,0.0000,0.0000,0.0,30.16,0,"Shrink#2015-04 Trading",0,00:00:00:00,,,,,,,,,,,,
03/31/2015 23:59,,,Deposit,0.010,0.00000,0.00000,0.00000,0.00000,0.0000,0.0000,0.0,17.52,0,"Shrink#2015-03 Trading",0,00:00:00:00,,,,,,,,,,,,
02/28/2015 23:59,,,Withdrawal,0.010,0.00000,0.00000,0.00000,0.00000,0.0000,0.0000,0.0,-27.54,0,"Shrink#2015-02 Trading",0,00:00:00:00,,,,,,,,,,,,
01/31/2015 23:59,,,Deposit,0.010,0.00000,0.00000,0.00000,0.00000,0.0000,0.0000,0.0,193.51,0,"Shrink#2015-01 Trading",0,00:00:00:00,,,,,,,,,,,,
12/31/2014 23:59,,,Deposit,0.010,0.00000,0.00000,0.00000,0.00000,0.0000,0.0000,0.0,133.23,0,"Shrink#2014-12 Trading",0,00:00:00:00,,,,,,,,,,,,
11/30/2014 23:59,,,Deposit,0.010,0.00000,0.00000,0.00000,0.00000,0.0000,0.0000,0.0,72.32,0,"Shrink#2014-11 Trading",0,00:00:00:00,,,,,,,,,,,,
10/31/2014 23:59,,,Withdrawal,0.010,0.00000,0.00000,0.00000,0.00000,0.0000,0.0000,0.0,-13.02,0,"Shrink#2014-10 Trading",0,00:00:00:00,,,,,,,,,,,,
09/30/2014 23:59,,,Withdrawal,0.010,0.00000,0.00000,0.00000,0.00000,0.0000,0.0000,0.0,-101.24,0,"Shrink#2014-09 Trading",0,00:00:00:00,,,,,,,,,,,,
08/31/2014 23:59,,,Withdrawal,0.010,0.00000,0.00000,0.00000,0.00000,0.0000,0.0000,0.0,-72.04,0,"Shrink#2014-08 Trading",0,00:00:00:00,,,,,,,,,,,,
07/31/2014 23:59,,,Deposit,0.010,0.00000,0.00000,0.00000,0.00000,0.0000,0.0000,0.0,63.34,0,"Shrink#2014-07 Trading",0,00:00:00:00,,,,,,,,,,,,
07/08/2014 15:33,,,Deposit,0.000,0.00000,0.00000,0.00000,0.00000,0.0000,0.0000,0.0,1085.96,0,"OT-DP(325863)-D",0,00:00:00:00,,,,,,,,,,,,

Open Trades
Open Date,Symbol,Action,Lots,Open Price,TP,SL,Profit,Pips,Swap
10/06/2023 17:24,NOKSEK,Buy,0.030,1.0048,0.0,0.0,-2.2,-67.0,-21.35
01/23/2025 18:17,NOKSEK,Buy,0.020,0.9781,0.0,0.0,4.33,200.0,-8.83
03/03/2025 17:27,NOKSEK,Buy,0.020,0.95,0.0,0.0,10.41,481.0,-8.41
06/19/2025 07:53,NOKSEK,Buy,0.050,0.968,0.0,0.0,16.25,301.0,-13.92
07/08/2025 12:31,EURJPY,Sell,0.010,171.612,0.0,0.0,-86.83,-1383.8,-43.96
09/26/2025 10:30,EURJPY,Sell,0.010,175.0,0.0,0.0,-65.57,-1045.0,-32.46
11/17/2025 17:56,EURJPY,Sell,0.010,180.003,0.0,0.0,-34.18,-544.7,-25.59
01/13/2026 04:46,EURJPY,Sell,0.010,185.0,0.0,0.0,-2.82,-45.0,-18.1

Open Orders
Open Date,Symbol,Action,Lots,Open Price,TP,SL
04/09/2025 14:11,EURHUF,Sell Limit,0.020,420.0,0.00000,0.00000
04/09/2025 14:11,EURHUF,Sell Limit,0.020,425.0,0.00000,0.00000
04/09/2025 14:12,EURHUF,Sell Limit,0.020,415.0,0.00000,0.00000
07/29/2025 23:49,EURHUF,Sell Limit,0.020,405.0,0.00000,0.00000
07/29/2025 23:49,EURHUF,Sell Limit,0.020,410.0,0.00000,0.00000
11/18/2025 14:57,EURHUF,Sell Limit,0.020,400.0,0.00000,0.00000
04/09/2026 12:53,EURHUF,Sell Limit,0.050,385.0,0.00000,0.00000
04/09/2026 12:53,EURHUF,Sell Limit,0.050,390.0,0.00000,0.00000
04/09/2026 12:53,EURHUF,Sell Limit,0.050,395.0,0.00000,0.00000
04/09/2026 12:53,EURHUF,Sell Limit,0.050,380.0,0.00000,0.00000
04/14/2026 15:44,EURHUF,Sell Limit,0.030,375.0,0.00000,0.00000

