Tags,Open Date,Close Date,Symbol,Action,Open Price,Close Price,Commission,Swap,Pips,Profit,Gain,Magic Number,Duration (DD:HH:MM:SS),Profitable(%),Profitable(time duration),Drawdown,Risk:Reward,Max(pips),Max(GBP),Min(pips),Min(GBP),Entry Accuracy(%),Exit Accuracy(%),ProfitMissed(pips),ProfitMissed(GBP)
,06/01/2026 21:52,06/03/2026 04:59,USDJPY,Buy,159.71100,159.85600,0.0000,0.2500,14.5,4.60,0.07,0,01:07:07:27,68.1,21h 11m,16.4,0.47,27.6,8.28,-13.0,-3.9,68.0,67.7,-13.10,-3.93
,06/02/2026 15:30,06/03/2026 04:59,USDJPY,Buy,159.77000,159.85700,0.0000,0.4100,8.7,9.11,0.13,0,00:13:29:08,98.6,13h 17m,17.7,0.04,22.6,22.6,-0.9,-0.9,96.2,40.9,-13.90,-13.90
,06/01/2026 20:24,06/02/2026 11:23,GBPJPY,Buy,214.89800,215.06800,0.0000,0.0900,17.0,5.19,0.08,0,00:14:58:35,54.7,8h 11m,34.3,0.62,40.8,12.239999999999998,-25.1,-7.53,61.9,63.9,-23.80,-7.14
,06/01/2026 17:55,06/01/2026 19:21,GBPJPY,Buy,214.47400,214.64400,0.0000,0.0000,17.0,17.00,0.25,0,00:01:26:27,100.0,1h 26m,13.8,0.04,27.2,27.2,0.0,0.0,100.0,62.5,-10.20,-10.20
,06/01/2026 16:05,06/01/2026 17:42,USDJPY,Buy,159.53500,159.66600,0.0000,0.0000,13.1,3.93,0.06,0,00:01:36:44,100.0,1h 36m,8.4,0.05,21.5,6.45,0.0,0.0,100.0,60.9,-8.40,-2.52
,05/25/2026 17:58,06/01/2026 10:36,GBPJPY,Buy,214.58600,214.66500,0.0000,0.3700,7.9,1.95,0.03,0,06:16:37:34,6.3,10h 7m,131.7,6.12,20.2,4.04,-123.6,-24.72,14.0,91.4,-12.30,-2.46
,05/25/2026 22:37,06/01/2026 10:36,GBPJPY,Buy,214.67100,214.66500,0.0000,1.8200,-0.6,1.22,0.02,0,06:11:58:15,1.3,2h 1m,132.1,11.30,11.7,11.7,-132.1,-132.1,8.1,91.4,-12.30,-12.30
,05/28/2026 18:39,06/01/2026 10:21,USDJPY,Buy,159.26200,159.42700,0.0000,0.1700,16.5,3.47,0.05,0,03:15:41:52,85.3,3d 2h ,25.3,0.62,23.2,4.64,-14.4,-2.8800000000000003,61.7,82.2,-6.70,-1.34
,05/28/2026 18:39,06/01/2026 10:21,USDJPY,Buy,159.26200,159.42700,0.0000,0.8300,16.5,17.33,0.25,0,03:15:41:49,85.3,3d 2h ,25.3,0.62,23.2,23.2,-14.4,-14.4,61.7,82.2,-6.70,-6.70
,05/27/2026 21:26,05/29/2026 18:09,GBPJPY,Buy,214.20000,214.44300,0.0000,0.2100,24.3,5.07,0.07,0,01:20:42:53,6.4,2h 51m,92.1,2.40,35.4,7.08,-85.0,-17.0,29.4,90.8,-11.10,-2.22
,05/27/2026 21:21,05/29/2026 18:09,GBPJPY,Buy,214.20400,214.44300,0.0000,1.0500,23.9,24.95,0.37,0,01:20:48:11,6.2,2h 46m,92.1,2.44,35.0,35.0,-85.4,-85.4,29.1,90.8,-11.10,-11.10
,05/28/2026 11:55,05/28/2026 23:43,GBPJPY,Buy,213.71500,214.07000,0.0000,0.0000,35.5,7.10,0.10,0,00:11:47:27,77.3,9h 6m,30.2,0.68,40.4,8.08,-27.6,-5.5200000000000005,59.4,92.8,-4.90,-0.98
,05/28/2026 11:49,05/28/2026 23:43,GBPJPY,Buy,213.70100,214.06800,0.0000,0.0000,36.7,36.70,0.55,0,00:11:53:14,79.3,9h 25m,30.2,0.63,41.8,41.8,-26.2,-26.2,61.5,92.5,-5.10,-5.10
,05/28/2026 08:24,05/28/2026 11:31,GBPJPY,Buy,213.52700,213.72100,0.0000,0.0000,19.4,19.40,0.29,0,00:03:07:16,100.0,3h 7m,17.4,0.03,34.5,34.5,0.0,0.0,100.0,56.2,-15.10,-15.10
,05/28/2026 01:44,05/28/2026 06:01,USDJPY,Buy,159.50200,159.55200,0.0000,0.0000,5.0,5.00,0.07,0,00:04:17:19,99.7,4h 16m,7.5,0.06,10.2,10.2,-0.6,-0.6,94.4,51.9,-5.20,-5.20
,05/28/2026 01:50,05/28/2026 06:01,USDJPY,Buy,159.51500,159.55300,0.0000,0.0000,3.8,0.76,0.01,0,00:04:11:21,88.5,3h 42m,7.5,0.21,8.9,1.7800000000000002,-1.9,-0.38,82.4,52.8,-5.10,-1.02
,05/27/2026 11:19,05/27/2026 18:48,USDJPY,Buy,159.40600,159.49200,0.0000,0.0000,8.6,1.72,0.03,0,00:07:28:54,42.8,3h 12m,14.8,0.91,11.8,2.3600000000000003,-10.7,-2.14,52.4,85.8,-3.20,-0.64
,05/26/2026 22:35,05/27/2026 16:53,GBPJPY,Buy,214.24800,214.28400,0.0000,0.0700,3.6,1.15,0.02,0,00:18:17:59,48.5,8h 52m,23.4,0.75,14.9,4.47,-11.2,-3.36,57.1,56.7,-11.30,-3.39
,05/26/2026 22:07,05/27/2026 16:53,GBPJPY,Buy,214.21500,214.28300,0.0000,0.2400,6.8,7.04,0.11,0,00:18:45:53,72.9,13h 40m,23.4,0.43,18.2,18.2,-7.9,-7.9,69.7,56.3,-11.40,-11.40
,05/22/2026 03:55,05/26/2026 21:10,USDJPY,Buy,159.12900,159.34600,0.0000,0.1600,21.7,4.50,0.07,0,04:17:15:11,59.2,2d 19h ,43.3,1.53,23.7,4.74,-36.2,-7.240000000000001,39.6,96.7,-2.00,-0.40
,05/26/2026 14:36,05/26/2026 21:10,USDJPY,Buy,159.19000,159.34700,0.0000,0.0000,15.7,15.70,0.24,0,00:06:34:08,99.0,6h 30m,9.0,0.03,19.0,19.0,-0.5,-0.5,97.4,83.1,-3.30,-3.30
,05/25/2026 22:01,05/26/2026 11:54,USDJPY,Buy,158.90800,159.19700,0.0000,0.4000,28.9,29.30,0.44,0,00:13:53:09,87.1,12h 5m,10.2,0.22,32.4,32.4,-7.1,-7.1,82.0,91.1,-3.50,-3.50
,05/12/2026 05:34,05/25/2026 10:56,GBPJPY,Buy,214.17500,214.27900,0.0000,0.9000,10.4,2.98,0.04,0,13:05:21:22,2.3,7h 17m,303.7,15.58,19.5,3.9000000000000004,-303.7,-60.74,6.0,97.2,-9.10,-1.82
,05/25/2026 01:11,05/25/2026 10:51,USDJPY,Buy,158.88400,158.96900,0.0000,0.0000,8.5,8.50,0.13,0,00:09:40:04,45.2,4h 22m,19.3,0.75,15.5,15.5,-11.7,-11.7,57.0,74.3,-7.00,-7.00
,05/12/2026 07:20,05/25/2026 10:51,GBPJPY,Buy,214.08000,214.27000,0.0000,4.5500,19.0,23.55,0.36,0,13:03:31:07,3.4,10h 43m,294.2,10.15,29.0,29.0,-294.2,-294.2,9.0,96.9,-10.00,-10.00
,05/22/2026 07:59,05/22/2026 16:23,GBPJPY,Buy,213.64000,213.87000,0.0000,0.0000,23.0,4.60,0.07,0,00:08:24:45,21.3,1h 47m,23.1,0.54,34.1,6.82,-18.5,-3.7,64.8,78.9,-11.10,-2.22
,05/21/2026 12:16,05/22/2026 16:21,GBPJPY,Buy,213.69400,213.86000,0.0000,0.2700,16.6,16.87,0.26,0,01:04:04:53,5.7,1h 36m,45.3,1.62,24.3,24.3,-39.4,-39.4,38.1,87.9,-7.70,-7.70
,05/13/2026 00:05,05/21/2026 21:50,GBPJPY,Buy,213.52500,213.60200,0.0000,0.8000,7.7,2.34,0.04,0,08:21:45:41,8.7,18h 35m,254.4,10.20,23.4,4.68,-238.7,-47.74,8.9,94.0,-15.70,-3.14
,05/21/2026 19:38,05/21/2026 21:46,GBPJPY,Buy,213.39600,213.62400,0.0000,0.0000,22.8,22.80,0.35,0,00:02:08:47,75.8,1h 37m,8.0,0.17,30.8,30.8,-5.1,-5.1,85.8,77.7,-8.00,-8.00
,05/19/2026 16:19,05/21/2026 16:41,USDJPY,Buy,159.19800,159.26300,0.0000,0.5500,6.5,1.85,0.03,0,02:00:21:29,1.4,40m,50.9,5.49,9.2,1.8399999999999999,-50.5,-10.100000000000001,15.4,95.5,-2.70,-0.54
,05/20/2026 14:59,05/21/2026 16:39,USDJPY,Buy,159.04100,159.24500,0.0000,2.3600,20.4,22.76,0.35,0,01:01:39:53,20.5,5h 15m,47.1,1.57,22.2,22.2,-34.8,-34.8,38.9,96.8,-1.80,-1.80
,05/13/2026 02:10,05/20/2026 18:39,GBPJPY,Buy,213.42100,213.50400,0.0000,1.7900,8.3,10.09,0.15,0,07:16:28:10,12.2,22h 30m,254.4,8.75,26.1,26.1,-228.3,-228.3,10.3,93.0,-17.80,-17.80
,05/20/2026 14:16,05/20/2026 17:24,GBPJPY,Buy,213.08500,213.29600,0.0000,0.0000,21.1,21.10,0.32,0,00:03:08:22,53.2,1h 40m,17.7,0.23,32.7,32.7,-7.5,-7.5,81.3,71.1,-11.60,-11.60
,05/19/2026 20:33,05/19/2026 22:41,USDJPY,Buy,158.87400,159.00400,0.0000,0.0000,13.0,13.00,0.20,0,00:02:07:48,78.2,1h 39m,9.3,0.40,21.3,21.3,-8.5,-8.5,71.5,72.1,-8.30,-8.30
,05/18/2026 18:02,05/19/2026 09:11,USDJPY,Buy,158.92300,159.02300,0.0000,0.0800,10.0,2.08,0.03,0,00:15:09:01,48.9,7h 24m,35.9,1.32,15.5,3.1,-20.4,-4.08,43.2,84.7,-5.50,-1.10
,05/18/2026 20:09,05/19/2026 09:08,USDJPY,Buy,158.93800,159.02600,0.0000,0.4200,8.8,9.22,0.14,0,00:12:59:32,46.4,6h 1m,35.9,1.56,14.0,14.0,-21.9,-21.9,39.0,85.5,-5.20,-5.20
,05/18/2026 14:27,05/18/2026 19:21,GBPJPY,Buy,212.29500,213.35700,0.0000,0.0000,106.2,31.86,0.49,0,00:04:54:36,99.0,4h 51m,24.8,0.03,123.7,37.11,-3.1,-0.9299999999999999,97.6,86.2,-17.50,-5.25
,05/18/2026 13:01,05/18/2026 18:57,GBPJPY,Buy,212.45100,213.20600,0.0000,0.0000,75.5,75.50,1.18,0,00:05:55:31,66.6,3h 56m,32.6,0.43,75.5,75.5,-32.6,-32.6,69.8,100.0,0.00,0.00
,05/12/2026 11:57,05/18/2026 18:57,GBPJPY,Buy,213.27900,213.20600,0.0000,1.5300,-7.3,-5.77,-0.09,0,06:06:59:54,26.5,1d 16h ,254.4,5.31,40.3,40.3,-214.1,-214.1,15.8,81.3,-47.60,-47.60
,05/18/2026 13:01,05/18/2026 18:57,GBPJPY,Buy,212.45100,213.20500,0.0000,0.0000,75.4,22.62,0.36,0,00:05:55:30,66.6,3h 56m,32.6,0.43,75.4,22.62,-32.6,-9.78,69.8,100.0,0.00,0.00
,05/15/2026 14:17,05/18/2026 12:12,GBPJPY,Buy,212.03400,212.42700,0.0000,0.0800,39.3,11.87,0.19,0,02:21:55:02,4.1,2h 51m,89.6,1.75,51.1,15.33,-89.6,-26.88,36.3,91.6,-11.80,-3.54
,05/14/2026 22:36,05/18/2026 12:12,GBPJPY,Buy,212.18400,212.42700,0.0000,0.5100,24.3,24.81,0.39,0,03:13:36:33,4.4,3h 46m,113.3,2.90,36.1,36.1,-104.6,-104.6,25.7,91.6,-11.80,-11.80
,05/15/2026 16:27,05/18/2026 07:05,USDJPY,Buy,158.60200,158.83800,0.0000,0.0800,23.6,4.80,0.08,0,02:14:38:06,99.9,2d 14h ,21.8,0.02,45.4,9.08,-1.1,-0.22000000000000003,97.6,53.1,-21.80,-4.36
,05/14/2026 22:17,05/15/2026 10:27,USDJPY,Buy,158.25100,158.40600,0.0000,0.0800,15.5,3.18,0.05,0,00:12:10:12,100.0,12h 10m,30.2,0.02,40.7,8.14,0.0,0.0,100.0,38.1,-25.20,-5.04
,05/13/2026 12:15,05/14/2026 18:38,USDJPY,Buy,157.85600,158.11800,0.0000,1.2100,26.2,27.41,0.44,0,01:06:22:42,60.5,18h 22m,44.1,0.59,31.4,31.4,-18.5,-18.5,62.9,89.6,-5.20,-5.20
,05/12/2026 17:56,05/14/2026 18:31,USDJPY,Buy,157.70600,158.11600,0.0000,0.3200,41.0,8.52,0.14,0,02:00:34:42,75.5,1d 12h ,44.1,0.38,46.4,9.28,-17.8,-3.5600000000000005,72.3,91.6,-5.40,-1.08
,05/12/2026 03:00,05/12/2026 10:55,USDJPY,Buy,157.28800,157.49800,0.0000,0.0000,21.0,4.20,0.07,0,00:07:54:43,92.9,7h 21m,89.5,0.95,45.8,9.16,-43.7,-8.74,51.2,72.3,-24.80,-4.96
,05/11/2026 20:03,05/11/2026 23:33,USDJPY,Buy,157.18900,157.21300,0.0000,0.0000,2.4,0.48,0.01,0,00:03:29:54,54.8,1h 55m,10.1,1.18,7.9,1.58,-9.3,-1.8600000000000003,45.9,68.0,-5.50,-1.10
,05/11/2026 12:29,05/11/2026 20:47,USDJPY,Buy,157.10900,157.12800,0.0000,0.0000,1.9,1.90,0.03,0,00:08:18:37,35.4,2h 56m,16.5,1.33,8.8,8.8,-11.7,-11.7,42.9,66.3,-6.90,-6.90
,05/11/2026 17:44,05/11/2026 20:45,GBPJPY,Buy,214.02400,214.35100,0.0000,0.0000,32.7,32.70,0.52,0,00:03:00:43,95.6,2h 52m,11.2,0.22,39.4,39.4,-8.6,-8.6,82.1,86.0,-6.70,-6.70
,05/11/2026 10:28,05/11/2026 16:53,GBPJPY,Buy,213.62800,213.90600,0.0000,0.0000,27.8,27.80,0.45,0,00:06:24:41,87.1,5h 35m,33.0,0.35,39.0,39.0,-13.8,-13.8,73.9,78.8,-11.20,-11.20
,05/08/2026 22:07,05/11/2026 16:53,GBPJPY,Buy,213.52800,213.90600,0.0000,0.2500,37.8,38.05,0.62,0,02:18:46:36,88.7,2d 11h ,147.6,2.93,48.6,48.6,-142.4,-142.4,25.4,94.3,-10.80,-10.80
,05/08/2026 18:36,05/11/2026 16:53,GBPJPY,Buy,213.47600,213.90600,0.0000,0.0500,43.0,8.65,0.14,0,02:22:17:08,85.9,2d 12h ,147.6,2.55,53.8,10.76,-137.2,-27.439999999999998,28.2,94.3,-10.80,-2.16
,05/08/2026 13:55,05/11/2026 08:05,USDJPY,Buy,156.79600,157.10500,0.0000,0.0800,30.9,6.26,0.10,0,02:18:10:18,11.0,7h 16m,33.8,0.91,37.3,7.46,-33.8,-6.76,52.5,91.0,-6.40,-1.28
,05/08/2026 11:56,05/11/2026 08:05,USDJPY,Buy,156.72000,157.10500,0.0000,0.3900,38.5,38.89,0.64,0,02:20:08:52,14.5,9h 52m,32.0,0.58,44.9,44.9,-26.2,-26.2,63.2,91.0,-6.40,-6.40
,05/11/2026 01:05,05/11/2026 07:39,GBPJPY,Buy,213.10500,213.51400,0.0000,0.0000,40.9,40.90,0.67,0,00:06:33:39,96.0,6h 17m,18.8,0.23,52.9,52.9,-12.3,-12.3,81.1,81.6,-12.00,-12.00
,05/08/2026 07:46,05/08/2026 10:12,GBPJPY,Buy,212.81700,212.99700,0.0000,0.0000,18.0,3.60,0.06,0,00:02:25:32,93.9,2h 16m,11.0,0.19,25.2,5.04,-4.8,-0.96,84.0,76.0,-7.20,-1.44
,05/07/2026 11:49,05/07/2026 20:13,GBPJPY,Buy,212.88900,212.89400,0.0000,0.0000,0.5,0.50,0.01,0,00:08:24:20,94.7,7h 57m,29.0,0.27,22.8,22.8,-6.2,-6.2,78.6,23.1,-22.30,-22.30
,05/06/2026 20:39,05/07/2026 20:13,USDJPY,Buy,156.49600,156.64800,0.0000,0.2300,15.2,3.27,0.05,0,00:23:34:10,6.4,1h 30m,47.6,2.68,16.8,3.3600000000000003,-45.1,-9.020000000000001,27.1,97.4,-1.60,-0.32
,05/07/2026 10:24,05/07/2026 20:13,GBPJPY,Buy,212.70700,212.88900,0.0000,0.0000,18.2,3.64,0.06,0,00:09:49:11,98.5,9h 40m,29.0,0.16,41.0,8.200000000000001,-6.6,-1.32,86.1,52.1,-22.80,-4.56
,05/07/2026 11:25,05/07/2026 20:13,USDJPY,Buy,156.30100,156.64600,0.0000,0.0000,34.5,34.50,0.57,0,00:08:47:48,89.4,7h 51m,24.6,0.30,36.6,36.6,-10.9,-10.9,77.1,95.6,-2.10,-2.10
,05/06/2026 09:09,05/06/2026 21:44,GBPJPY,Buy,212.48100,212.63300,0.0000,0.0000,15.2,3.04,0.05,0,00:12:35:01,73.3,9h 13m,84.2,2.37,25.8,5.16,-61.2,-12.240000000000002,29.7,87.8,-10.60,-2.12
,05/06/2026 08:30,05/06/2026 21:44,USDJPY,Buy,156.35000,156.43800,0.0000,0.0000,8.8,8.80,0.15,0,00:13:13:30,37.3,4h 55m,91.0,3.57,19.9,19.9,-71.1,-71.1,21.9,87.8,-11.10,-11.10
,05/06/2026 08:23,05/06/2026 21:39,GBPJPY,Buy,212.40000,212.64000,0.0000,0.0000,24.0,24.00,0.40,0,00:13:15:54,86.5,11h 28m,84.2,1.57,33.9,33.9,-53.1,-53.1,39.0,88.6,-9.90,-9.90
,05/06/2026 08:23,05/06/2026 21:39,GBPJPY,Buy,212.40000,212.64000,0.0000,0.0000,24.0,24.00,0.40,0,00:13:15:50,86.5,11h 28m,84.2,1.57,33.9,33.9,-53.1,-53.1,39.0,88.6,-9.90,-9.90
,05/06/2026 14:17,05/06/2026 21:05,USDJPY,Buy,155.89000,156.45100,0.0000,0.0000,56.1,56.10,0.95,0,00:06:47:13,98.8,6h 42m,22.4,0.05,62.1,62.1,-3.4,-3.4,94.8,90.8,-6.00,-6.00
,05/05/2026 14:01,05/05/2026 20:27,USDJPY,Buy,157.68300,157.83900,0.0000,0.0000,15.6,15.60,0.26,0,00:06:25:57,83.5,5h 22m,21.7,0.32,19.9,19.9,-6.4,-6.4,75.7,83.7,-4.30,-4.30
,05/05/2026 14:01,05/05/2026 18:26,GBPJPY,Buy,213.53800,213.88600,0.0000,0.0000,34.8,34.80,0.59,0,00:04:24:41,86.5,3h 48m,15.6,0.24,41.2,41.2,-9.8,-9.8,80.8,87.5,-6.40,-6.40
,05/04/2026 12:43,05/05/2026 12:00,GBPJPY,Buy,212.95000,213.60300,0.0000,0.0000,65.3,65.30,1.13,0,00:23:17:15,10.0,2h 19m,90.2,1.21,65.3,65.3,-79.1,-79.1,45.2,100.0,0.00,0.00
,05/04/2026 12:43,05/05/2026 12:00,GBPJPY,Buy,212.94800,213.61400,0.0000,0.0000,66.6,13.32,0.23,0,00:23:17:20,10.0,2h 19m,90.2,1.18,66.6,13.32,-78.9,-15.780000000000001,45.8,100.0,0.00,0.00
,05/01/2026 17:19,05/05/2026 12:00,GBPJPY,Buy,213.60100,213.61400,0.0000,0.0000,1.3,1.30,0.02,0,03:18:40:57,0.3,16m,170.2,131.58,1.3,1.3,-169.2,-169.2,0.8,100.0,0.00,0.00
,05/01/2026 17:19,05/05/2026 12:00,GBPJPY,Buy,213.60100,213.61400,0.0000,0.0000,1.3,0.26,0.00,0,03:18:40:57,0.3,16m,170.2,131.58,1.3,0.26,-169.2,-33.839999999999996,0.8,100.0,0.00,0.00
,05/05/2026 10:56,05/05/2026 12:00,USDJPY,Buy,157.22200,157.70400,0.0000,0.0000,48.2,14.46,0.25,0,00:01:03:30,98.5,1h 2m,3.8,0.01,48.2,14.46,-0.7,-0.21,98.6,100.0,0.00,0.00
,05/05/2026 08:58,05/05/2026 12:00,USDJPY,Buy,157.30100,157.70400,0.0000,0.0000,40.3,40.30,0.70,0,00:03:02:12,1.1,2m,18.0,0.45,40.3,40.3,-18.0,-18.0,69.1,100.0,0.00,0.00
,05/05/2026 07:55,05/05/2026 12:00,USDJPY,Buy,157.28900,157.70400,0.0000,0.0000,41.5,8.30,0.15,0,00:04:04:52,4.5,11m,17.6,0.40,41.5,8.3,-16.8,-3.3600000000000003,71.2,100.0,0.00,0.00
,05/04/2026 03:20,05/04/2026 19:03,USDJPY,Buy,156.95800,157.22900,0.0000,0.0000,27.1,5.42,0.09,0,00:15:42:52,63.9,10h 2m,141.5,4.08,27.9,5.58,-113.7,-22.740000000000002,19.7,99.4,-0.80,-0.16
,05/04/2026 03:18,05/04/2026 19:03,USDJPY,Buy,156.94300,157.22800,0.0000,0.0000,28.5,28.50,0.50,0,00:15:45:11,68.3,10h 45m,141.5,3.82,29.4,29.4,-112.2,-112.2,20.8,99.4,-0.90,-0.90
,05/01/2026 19:23,05/01/2026 21:40,USDJPY,Buy,156.84300,157.02000,0.0000,0.0000,17.7,3.54,0.06,0,00:02:16:54,97.1,2h 12m,9.6,0.13,17.0,3.4000000000000004,-2.2,-0.44000000000000006,88.5,103.6,0.70,0.14
,05/01/2026 19:23,05/01/2026 21:40,USDJPY,Buy,156.84300,157.02200,0.0000,0.0000,17.9,17.90,0.32,0,00:02:16:51,97.1,2h 12m,9.6,0.13,17.0,17.0,-2.2,-2.2,88.5,104.7,0.90,0.90
,05/01/2026 10:37,05/01/2026 19:17,USDJPY,Buy,156.50400,156.72900,0.0000,0.0000,22.5,6.75,0.12,0,00:08:39:57,75.8,6h 34m,39.7,0.67,31.7,9.51,-21.1,-6.33,60.0,82.6,-9.20,-2.76
,05/01/2026 10:37,05/01/2026 18:50,USDJPY,Buy,156.50400,156.85100,0.0000,0.0000,34.7,34.70,0.62,0,00:08:12:46,74.5,6h 7m,39.7,0.61,34.7,34.7,-21.1,-21.1,62.2,100.0,0.00,0.00
,05/01/2026 10:06,05/01/2026 16:29,GBPJPY,Buy,212.81800,213.41500,0.0000,0.0000,59.7,11.94,0.21,0,00:06:22:20,90.9,5h 47m,42.6,0.22,70.0,14.0,-15.5,-3.1,81.9,88.0,-10.30,-2.06
,05/01/2026 10:06,05/01/2026 16:29,GBPJPY,Buy,212.81800,213.41500,0.0000,0.0000,59.7,59.70,1.08,0,00:06:22:20,90.9,5h 47m,42.6,0.22,70.0,70.0,-15.5,-15.5,81.9,88.0,-10.30,-10.30
,05/01/2026 02:44,05/01/2026 06:24,USDJPY,Buy,156.88100,157.15200,0.0000,0.0000,27.1,27.10,0.49,0,00:03:40:03,100.0,3h 40m,27.3,0.02,43.9,43.9,0.0,0.0,100.0,61.7,-16.80,-16.80
,05/01/2026 02:14,05/01/2026 06:24,GBPJPY,Buy,213.30200,213.90800,0.0000,0.0000,60.6,12.12,0.22,0,00:04:10:17,91.3,3h 48m,34.7,0.16,73.3,14.66,-11.9,-2.3800000000000003,86.0,85.1,-12.70,-2.54
,04/30/2026 15:44,05/01/2026 06:24,USDJPY,Buy,157.00200,157.14900,0.0000,0.0900,14.7,3.03,0.05,0,00:14:40:18,23.8,3h 29m,67.8,2.13,31.8,6.36,-67.8,-13.56,31.9,82.8,-17.10,-3.42
,04/30/2026 15:44,05/01/2026 06:24,USDJPY,Buy,157.00200,157.14500,0.0000,0.4600,14.3,14.76,0.27,0,00:14:40:14,23.8,3h 29m,67.8,2.13,31.8,31.8,-67.8,-67.8,31.9,82.4,-17.50,-17.50
,05/01/2026 02:14,05/01/2026 03:54,GBPJPY,Buy,213.30200,213.66600,0.0000,0.0000,36.4,36.40,0.67,0,00:01:40:07,78.0,1h 18m,30.8,0.18,65.2,65.2,-11.9,-11.9,84.6,62.6,-28.80,-28.80
,04/30/2026 17:57,05/01/2026 03:54,GBPJPY,Buy,212.71500,213.66600,0.0000,0.2900,95.1,95.39,1.78,0,00:09:56:48,73.6,7h 19m,56.5,0.17,123.9,123.9,-21.5,-21.5,85.2,80.2,-28.80,-28.80
,04/30/2026 17:57,05/01/2026 01:58,GBPJPY,Buy,212.71500,213.09700,0.0000,0.0600,38.2,7.70,0.14,0,00:08:01:24,67.2,5h 23m,56.5,0.43,49.6,9.920000000000002,-21.5,-4.3,69.8,84.0,-11.40,-2.28
,04/30/2026 15:27,04/30/2026 17:37,GBPJPY,Buy,211.80800,212.27200,0.0000,0.0000,46.4,9.28,0.17,0,00:02:10:02,73.1,1h 35m,77.6,0.57,76.6,15.32,-44.0,-8.8,63.5,75.0,-30.20,-6.04
,04/30/2026 15:27,04/30/2026 17:37,GBPJPY,Buy,211.80800,212.27200,0.0000,0.0000,46.4,46.40,0.88,0,00:02:10:02,73.1,1h 35m,77.6,0.57,76.6,76.6,-44.0,-44.0,63.5,75.0,-30.20,-30.20
,03/30/2026 01:37,04/30/2026 10:50,USDJPY,Buy,160.46400,160.57700,0.0000,3.6500,11.3,5.91,0.11,0,31:09:12:08,0.6,4h 31m,261.3,14.29,18.3,3.66,-261.3,-52.260000000000005,6.5,97.5,-7.00,-1.40
,04/29/2026 18:35,04/30/2026 10:14,GBPJPY,Buy,216.22400,216.42900,0.0000,1.0600,20.5,5.16,0.10,0,00:15:39:03,10.0,1h 33m,37.0,1.29,25.1,5.0200000000000005,-32.3,-6.46,43.7,92.0,-4.60,-0.92
,04/30/2026 07:54,04/30/2026 10:11,GBPJPY,Buy,216.11500,216.39200,0.0000,0.0000,27.7,27.70,0.53,0,00:02:17:28,89.1,2h 2m,8.3,0.06,36.0,36.0,-2.2,-2.2,94.2,78.3,-8.30,-8.30
,04/07/2026 17:02,04/29/2026 16:25,USDJPY,Buy,159.93200,160.04500,0.0000,2.0200,11.3,4.28,0.08,0,21:23:23:15,0.6,3h 9m,208.1,9.38,22.2,4.44,-208.1,-41.620000000000005,9.6,95.3,-10.90,-2.18
,04/27/2026 08:56,04/29/2026 16:19,GBPJPY,Buy,215.73700,215.98600,0.0000,0.0700,24.9,5.05,0.10,0,02:07:22:36,42.2,23h 22m,97.2,2.10,32.2,6.440000000000001,-67.7,-13.540000000000001,32.2,92.7,-7.30,-1.46
,04/27/2026 17:20,04/29/2026 16:18,GBPJPY,Buy,215.89300,215.98200,0.0000,0.3300,8.9,9.23,0.18,0,01:22:58:12,5.2,2h 26m,89.8,5.02,16.6,16.6,-83.3,-83.3,16.6,92.3,-7.70,-7.70
,04/28/2026 16:46,04/28/2026 23:46,GBPJPY,Buy,215.32200,215.79400,0.0000,0.0000,47.2,14.16,0.27,0,00:06:59:37,96.0,6h 42m,12.1,0.21,49.8,14.939999999999998,-10.6,-3.1799999999999997,82.5,95.7,-2.60,-0.78
,04/28/2026 15:38,04/28/2026 23:46,GBPJPY,Buy,215.25200,215.79400,0.0000,0.0000,54.2,54.20,1.05,0,00:08:08:07,88.4,7h 11m,14.6,0.21,56.8,56.8,-11.7,-11.7,82.9,96.2,-2.60,-2.60
,04/24/2026 10:48,04/28/2026 15:20,USDJPY,Buy,159.68100,159.69400,0.0000,2.0400,1.3,3.34,0.06,0,04:04:32:03,4.0,4h 1m,79.2,9.03,7.9,7.9,-71.3,-71.3,10.0,91.7,-6.60,-6.60
,04/24/2026 15:27,04/28/2026 11:32,USDJPY,Buy,159.47100,159.49600,0.0000,2.0400,2.5,4.54,0.09,0,03:20:04:43,10.3,9h 29m,67.8,2.69,18.7,18.7,-50.3,-50.3,27.1,76.5,-16.20,-16.20
,04/28/2026 10:14,04/28/2026 11:32,GBPJPY,Buy,215.30200,215.51000,0.0000,0.0000,20.8,20.80,0.40,0,00:01:17:57,98.8,1h 17m,17.8,0.03,37.0,37.0,-1.0,-1.0,97.4,57.4,-16.20,-16.20
,04/28/2026 08:58,04/28/2026 11:30,USDJPY,Buy,159.20400,159.47700,0.0000,0.0000,27.3,27.30,0.53,0,00:02:32:51,82.4,2h 5m,20.6,0.35,46.5,46.5,-16.1,-16.1,74.3,69.3,-19.20,-19.20
,04/27/2026 11:03,04/27/2026 22:33,USDJPY,Buy,159.26300,159.38800,0.0000,0.0000,12.5,3.75,0.07,0,00:11:29:57,37.7,4h 20m,16.3,0.86,18.9,5.669999999999999,-16.3,-4.89,53.7,81.8,-6.40,-1.92
,04/27/2026 11:03,04/27/2026 22:33,USDJPY,Buy,159.26300,159.38000,0.0000,0.0000,11.7,11.70,0.23,0,00:11:29:54,37.7,4h 20m,16.3,0.86,18.9,18.9,-16.3,-16.3,53.7,79.5,-7.20,-7.20
,04/27/2026 13:14,04/27/2026 22:33,USDJPY,Buy,159.25100,159.38000,0.0000,0.0000,12.9,12.90,0.25,0,00:09:19:05,52.7,4h 54m,15.9,0.69,20.1,20.1,-13.9,-13.9,59.1,78.8,-7.20,-7.20
,04/27/2026 03:01,04/27/2026 09:28,GBPJPY,Buy,215.61700,215.62600,0.0000,0.0000,0.9,0.90,0.02,0,00:06:26:37,65.9,4h 14m,16.4,0.59,12.6,12.6,-7.4,-7.4,63.0,41.5,-11.70,-11.70
,04/27/2026 08:26,04/27/2026 09:26,USDJPY,Buy,159.27200,159.41200,0.0000,0.0000,14.0,14.00,0.28,0,00:01:00:28,100.0,1h 0m,5.2,0.05,19.2,19.2,0.0,0.0,100.0,72.9,-5.20,-5.20
,04/16/2026 05:43,04/24/2026 23:16,GBPJPY,Buy,215.56800,215.70700,0.0000,0.4000,13.9,3.18,0.06,0,08:17:33:15,3.9,8h 10m,164.2,9.78,15.3,3.0600000000000005,-149.5,-29.900000000000002,9.3,99.2,-1.40,-0.28
,04/16/2026 17:03,04/24/2026 23:14,GBPJPY,Buy,215.60100,215.71500,0.0000,2.0000,11.4,13.40,0.26,0,08:06:10:15,3.0,5h 56m,158.7,12.74,12.0,12.0,-152.8,-152.8,7.3,99.6,-0.60,-0.60
,04/24/2026 15:24,04/24/2026 17:31,GBPJPY,Buy,215.21400,215.34600,0.0000,0.0000,13.2,13.20,0.26,0,00:02:07:19,99.3,2h 6m,17.1,0.05,22.2,22.2,0.0,0.0,100.0,59.5,-9.00,-9.00
,04/24/2026 00:07,04/24/2026 13:53,GBPJPY,Buy,215.24600,215.38000,0.0000,0.0000,13.4,13.40,0.27,0,00:13:45:45,15.8,2h 10m,40.3,1.78,22.6,22.6,-40.3,-40.3,35.9,85.4,-9.20,-9.20
,04/13/2026 19:03,04/23/2026 20:53,USDJPY,Buy,159.77800,159.79100,0.0000,5.0400,1.3,6.34,0.13,0,10:01:49:52,0.3,43m,213.2,41.15,5.2,5.2,-213.2,-213.2,2.4,98.2,-3.90,-3.90
,04/22/2026 17:51,04/23/2026 09:35,USDJPY,Buy,159.30100,159.57900,0.0000,0.3700,27.8,8.71,0.17,0,00:15:44:02,99.9,15h 43m,35.9,0.04,36.3,10.889999999999999,-1.5,-0.44999999999999996,96.0,77.5,-8.50,-2.55
,04/22/2026 11:56,04/23/2026 09:35,USDJPY,Buy,159.35200,159.58200,0.0000,1.2300,23.0,24.23,0.49,0,00:21:39:14,73.1,15h 49m,27.9,0.84,25.2,25.2,-21.1,-21.1,54.4,95.2,-2.20,-2.20
,04/22/2026 16:29,04/23/2026 09:35,GBPJPY,Buy,215.14800,215.30400,0.0000,0.7500,15.6,16.35,0.33,0,00:17:06:17,92.8,15h 52m,44.2,0.18,37.3,37.3,-6.9,-6.9,84.4,50.9,-21.70,-21.70
,04/20/2026 10:45,04/21/2026 14:48,USDJPY,Buy,158.98000,159.15000,0.0000,0.1300,17.0,5.23,0.11,0,01:04:03:08,21.2,5h 56m,50.5,1.60,26.3,7.89,-42.2,-12.66,38.4,86.4,-9.30,-2.79
,04/20/2026 22:09,04/21/2026 14:48,GBPJPY,Buy,215.03800,215.15700,0.0000,0.2600,11.9,12.16,0.25,0,00:16:38:59,11.0,1h 49m,42.1,2.30,16.9,16.9,-38.8,-38.8,30.3,91.0,-5.00,-5.00
,04/20/2026 03:19,04/21/2026 07:21,GBPJPY,Buy,214.73300,214.86100,0.0000,0.0500,12.8,2.61,0.05,0,01:04:02:44,54.6,15h 18m,38.4,1.14,33.8,6.76,-38.4,-7.68,46.8,70.9,-21.00,-4.20
,04/20/2026 22:09,04/21/2026 07:21,USDJPY,Buy,158.83400,158.97100,0.0000,0.4200,13.7,14.12,0.29,0,00:09:11:59,68.7,6h 19m,16.4,0.63,15.6,15.6,-9.9,-9.9,61.2,92.5,-1.90,-1.90
,04/17/2026 18:25,04/20/2026 11:01,GBPJPY,Buy,214.30000,214.65600,0.0000,0.2500,35.6,35.85,0.73,0,02:16:36:00,95.5,2d 13h ,35.1,0.46,41.6,41.6,-19.3,-19.3,68.3,90.1,-6.00,-6.00
,04/17/2026 18:22,04/20/2026 02:16,USDJPY,Buy,158.05000,158.93000,0.0000,0.1200,88.0,26.52,0.54,0,02:07:53:53,98.8,2d 7h ,21.0,0.09,98.8,29.639999999999997,-8.6,-2.5799999999999996,92.0,89.9,-10.80,-3.24
,04/17/2026 20:45,04/20/2026 01:09,USDJPY,Buy,158.26000,158.91500,0.0000,0.4200,65.5,65.92,1.37,0,02:04:24:16,98.4,2d 3h ,11.5,0.14,76.4,76.4,-10.6,-10.6,87.8,87.5,-10.90,-10.90
,04/13/2026 23:24,04/17/2026 09:11,USDJPY,Buy,159.43200,159.47300,0.0000,2.5500,4.1,6.65,0.14,0,03:09:46:55,2.6,2h 7m,111.0,17.45,6.3,6.3,-109.9,-109.9,5.4,98.1,-2.20,-2.20
,04/17/2026 03:01,04/17/2026 09:11,USDJPY,Buy,159.27100,159.46400,0.0000,0.0000,19.3,5.79,0.12,0,00:06:09:57,87.1,5h 22m,12.1,0.33,24.7,7.409999999999999,-8.2,-2.4599999999999995,75.1,83.6,-5.40,-1.62
,04/14/2026 09:11,04/17/2026 09:11,USDJPY,Buy,159.20300,159.46500,0.0000,2.1200,26.2,28.32,0.59,0,03:00:00:12,12.5,9h 0m,92.1,2.98,29.2,29.2,-87.0,-87.0,25.1,97.4,-3.00,-3.00
,04/16/2026 09:07,04/16/2026 16:05,USDJPY,Buy,158.89300,159.09800,0.0000,0.0000,20.5,6.15,0.13,0,00:06:58:33,74.9,5h 13m,23.7,0.67,23.2,6.96,-15.5,-4.6499999999999995,59.9,93.0,-2.70,-0.81
,04/16/2026 08:25,04/16/2026 14:44,USDJPY,Buy,158.76400,158.95400,0.0000,0.0000,19.0,19.00,0.40,0,00:06:18:46,98.7,6h 13m,23.7,0.07,36.1,36.1,-2.6,-2.6,93.3,55.8,-17.10,-17.10
,04/15/2026 00:05,04/15/2026 18:32,GBPJPY,Buy,215.65500,215.73000,0.0000,0.0000,7.5,1.50,0.03,0,00:18:27:30,29.8,5h 30m,55.1,2.64,16.7,3.34,-44.0,-8.8,27.5,84.8,-9.20,-1.84
,04/15/2026 04:01,04/15/2026 16:06,USDJPY,Buy,158.94100,159.08300,0.0000,0.0000,14.2,4.26,0.09,0,00:12:04:46,58.3,7h 2m,40.2,1.37,20.7,6.21,-28.3,-8.49,42.2,86.7,-6.50,-1.95
,04/14/2026 18:49,04/15/2026 16:04,USDJPY,Buy,158.90200,159.10100,0.0000,0.4300,19.9,20.33,0.43,0,00:21:14:48,45.9,9h 45m,37.6,0.97,24.0,24.0,-23.3,-23.3,50.7,91.3,-4.10,-4.10
,04/15/2026 13:31,04/15/2026 16:04,GBPJPY,Buy,215.42100,215.71400,0.0000,0.0000,29.3,29.30,0.62,0,00:02:32:36,57.3,1h 27m,15.9,0.33,30.3,30.3,-10.1,-10.1,75.0,97.5,-1.00,-1.00
,04/13/2026 23:07,04/14/2026 17:13,GBPJPY,Buy,215.30900,215.52500,0.0000,0.0500,21.6,4.37,0.09,0,00:18:06:06,30.0,5h 25m,43.2,0.84,46.4,9.28,-38.9,-7.78,54.4,70.9,-24.80,-4.96
,04/13/2026 23:10,04/14/2026 17:13,GBPJPY,Buy,215.34200,215.53200,0.0000,0.2500,19.0,19.25,0.41,0,00:18:02:48,21.8,3h 56m,43.2,0.98,43.1,43.1,-42.2,-42.2,50.5,71.7,-24.10,-24.10
,04/13/2026 19:33,04/13/2026 22:05,GBPJPY,Buy,215.04800,215.14700,0.0000,0.0000,9.9,0.99,0.02,0,00:02:31:55,23.1,35m,15.6,0.92,16.9,1.69,-15.6,-1.56,52.0,78.5,-7.00,-0.70
,04/13/2026 18:53,04/13/2026 22:02,GBPJPY,Buy,214.95700,215.13600,0.0000,0.0000,17.9,17.90,0.38,0,00:03:09:51,64.8,2h 3m,13.3,0.25,26.0,26.0,-6.5,-6.5,80.0,75.1,-8.10,-8.10
,04/13/2026 11:57,04/13/2026 15:20,USDJPY,Buy,159.72800,159.81700,0.0000,0.0000,8.9,8.90,0.19,0,00:03:22:51,33.1,1h 7m,7.3,0.47,12.9,12.9,-6.0,-6.0,68.3,78.8,-4.00,-4.00
,04/13/2026 11:54,04/13/2026 14:52,GBPJPY,Buy,214.43200,214.55400,0.0000,0.0000,12.2,12.20,0.26,0,00:02:57:33,88.8,2h 37m,16.6,0.15,25.5,25.5,-3.7,-3.7,87.3,54.5,-13.30,-13.30
,04/10/2026 15:58,04/13/2026 14:46,GBPJPY,Buy,214.20000,214.58700,0.0000,0.0500,38.7,7.79,0.17,0,02:22:47:39,85.9,2d 12h ,84.9,1.28,48.2,9.64,-61.8,-12.36,43.8,91.4,-9.50,-1.90
,04/13/2026 06:12,04/13/2026 11:11,GBPJPY,Buy,214.07400,214.33700,0.0000,0.0000,26.3,26.30,0.57,0,00:04:58:13,71.6,3h 33m,13.6,0.18,33.8,33.8,-6.1,-6.1,84.7,81.2,-7.50,-7.50
,04/10/2026 19:33,04/13/2026 02:34,USDJPY,Buy,159.31800,159.74900,0.0000,0.1200,43.1,13.05,0.28,0,02:07:01:02,5.4,2h 58m,11.0,0.13,52.3,15.689999999999998,-7.0,-2.1,88.2,84.5,-9.20,-2.76
,04/09/2026 22:36,04/10/2026 14:45,GBPJPY,Buy,213.80400,213.98300,0.0000,0.0600,17.9,3.64,0.08,0,00:16:09:20,19.6,3h 9m,40.4,1.60,25.2,5.04,-40.4,-8.08,38.4,88.9,-7.30,-1.46
,04/09/2026 15:32,04/10/2026 14:44,USDJPY,Buy,159.08300,159.18700,0.0000,0.1300,10.4,3.25,0.07,0,00:23:11:59,59.4,13h 46m,61.7,1.68,26.1,7.83,-43.9,-13.17,37.3,77.6,-15.70,-4.71
,04/09/2026 16:59,04/10/2026 14:42,USDJPY,Buy,159.10000,159.20200,0.0000,0.4300,10.2,10.63,0.23,0,00:21:42:33,58.3,12h 39m,61.7,1.87,24.4,24.4,-45.6,-45.6,34.9,79.7,-14.20,-14.20
,04/09/2026 20:38,04/09/2026 22:13,USDJPY,Buy,158.75000,158.99500,0.0000,0.0000,24.5,24.50,0.54,0,00:01:34:57,89.5,1h 24m,6.5,0.20,29.3,29.3,-5.9,-5.9,83.2,86.4,-4.80,-4.80
,02/09/2026 20:35,04/09/2026 18:45,GBPJPY,Buy,213.39800,213.54800,0.0000,4.2800,15.0,7.28,0.16,0,58:22:09:18,0.6,8h 29m,577.5,37.04,15.6,3.12,-577.5,-115.5,2.6,99.9,-0.60,-0.12
,04/09/2026 07:05,04/09/2026 14:00,GBPJPY,Buy,212.71500,213.10600,0.0000,0.0000,39.1,7.82,0.17,0,00:06:54:19,66.3,4h 34m,16.5,0.16,50.6,10.120000000000001,-7.9,-1.58,86.5,80.3,-11.50,-2.30
,04/08/2026 19:42,04/09/2026 11:56,USDJPY,Buy,158.47900,158.96700,0.0000,0.3900,48.8,15.03,0.33,0,00:16:13:11,93.4,15h 8m,30.2,0.14,60.5,18.15,-8.2,-2.4599999999999995,88.1,83.0,-11.70,-3.51
,04/08/2026 05:26,04/09/2026 11:56,USDJPY,Buy,158.54700,158.96700,0.0000,1.3000,42.0,43.30,0.97,0,01:06:29:49,46.5,14h 10m,63.1,1.18,53.7,53.7,-63.1,-63.1,46.0,90.0,-11.70,-11.70
,03/27/2026 17:10,04/08/2026 15:13,GBPJPY,Buy,212.80300,212.94800,0.0000,1.1300,14.5,4.03,0.09,0,11:22:02:38,1.5,4h 17m,323.7,9.59,32.5,6.5,-311.5,-62.300000000000004,9.4,94.8,-18.00,-3.60
,03/30/2026 08:27,04/08/2026 05:24,GBPJPY,Buy,212.08600,212.34900,0.0000,4.8500,26.3,31.15,0.70,0,08:20:57:00,3.2,6h 48m,240.8,3.94,60.9,60.9,-239.8,-239.8,20.3,88.5,-34.60,-34.60
,04/07/2026 22:45,04/08/2026 02:05,GBPJPY,Buy,212.07100,212.42400,0.0000,0.0900,35.3,10.68,0.24,0,00:03:19:45,92.0,3h 3m,25.7,0.10,49.2,14.76,-4.8,-1.44,91.1,74.3,-13.90,-4.17
,04/07/2026 15:03,04/07/2026 21:49,GBPJPY,Buy,211.77700,211.89300,0.0000,0.0000,11.6,3.48,0.08,0,00:06:45:44,67.8,4h 35m,28.4,1.01,18.8,5.64,-19.0,-5.7,49.7,81.0,-7.20,-2.16
,03/30/2026 23:38,04/07/2026 16:23,USDJPY,Buy,159.73300,159.77400,0.0000,0.6700,4.1,1.49,0.03,0,07:16:45:03,10.3,19h 1m,158.2,8.24,17.3,3.4600000000000004,-142.4,-28.480000000000004,10.8,91.7,-13.20,-2.64
,04/07/2026 12:56,04/07/2026 14:43,USDJPY,Buy,159.61800,159.80100,0.0000,0.0000,18.3,18.30,0.42,0,00:01:47:09,100.0,1h 47m,5.5,0.04,23.8,23.8,0.0,0.0,100.0,76.9,-5.50,-5.50
,04/06/2026 16:42,04/07/2026 10:04,GBPJPY,Buy,211.40000,211.60200,0.0000,0.0700,20.2,6.13,0.14,0,00:17:22:12,17.4,3h 1m,26.7,0.61,26.0,7.8,-15.8,-4.74,62.2,86.1,-5.80,-1.74
,04/02/2026 20:03,04/06/2026 11:11,GBPJPY,Buy,211.07800,211.19300,0.0000,0.0000,11.5,3.45,0.08,0,03:15:08:42,14.8,12h 53m,93.9,2.99,24.7,7.409999999999999,-73.8,-22.139999999999997,25.1,86.6,-13.20,-3.96
,04/06/2026 03:08,04/06/2026 11:11,GBPJPY,Buy,210.76900,211.19200,0.0000,0.0000,42.3,42.30,0.97,0,00:08:03:20,81.4,6h 33m,21.0,0.24,60.9,60.9,-14.7,-14.7,80.6,75.4,-18.60,-18.60
,04/01/2026 19:05,04/02/2026 06:36,USDJPY,Buy,158.63300,159.32500,0.0000,1.2500,69.2,70.45,1.65,0,00:11:30:56,84.4,9h 43m,39.7,0.21,84.0,84.0,-17.3,-17.3,82.9,85.4,-14.80,-14.80
,04/01/2026 11:01,04/02/2026 06:36,USDJPY,Buy,158.84100,159.32500,0.0000,0.3700,48.4,14.89,0.35,0,00:19:34:27,20.5,4h 0m,49.4,0.81,61.0,18.3,-49.4,-14.819999999999999,55.3,88.6,-12.60,-3.78
,03/31/2026 12:36,04/01/2026 21:23,GBPJPY,Buy,210.98700,211.13700,0.0000,1.8500,15.0,6.35,0.15,0,01:08:47:10,20.9,6h 51m,149.9,3.01,43.1,12.93,-129.9,-38.97,24.9,83.8,-28.10,-8.43
,03/31/2026 09:41,04/01/2026 17:30,GBPJPY,Buy,210.81800,210.98800,0.0000,6.1600,17.0,23.16,0.55,0,01:07:48:54,33.6,10h 41m,149.9,2.47,45.8,45.8,-113.0,-113.0,28.8,81.9,-28.80,-28.80
,03/31/2026 20:02,04/01/2026 13:50,GBPJPY,Buy,210.19500,210.98600,0.0000,3.0800,79.1,42.63,1.02,0,00:17:48:12,51.0,9h 4m,71.3,0.55,91.6,45.8,-50.7,-25.35,64.4,91.2,-12.50,-6.25
,03/27/2026 20:17,03/27/2026 21:39,USDJPY,Buy,160.27100,160.33400,0.0000,0.0000,6.3,1.26,0.03,0,00:01:21:30,100.0,1h 21m,7.6,0.08,12.2,2.44,0.0,0.0,100.0,51.6,-5.90,-1.18
,03/27/2026 16:29,03/27/2026 18:49,GBPJPY,Buy,212.50500,212.84000,0.0000,0.0000,33.5,33.50,0.81,0,00:02:20:14,97.9,2h 17m,12.5,0.03,44.1,44.1,-1.2,-1.2,97.4,76.6,-10.60,-10.60
,03/23/2026 12:54,03/27/2026 11:04,USDJPY,Buy,159.60500,159.91400,0.0000,0.4800,30.9,6.66,0.16,0,03:22:09:55,14.9,14h 1m,155.7,4.19,36.5,7.300000000000001,-153.0,-30.6,19.3,97.0,-5.60,-1.12
,03/25/2026 15:49,03/25/2026 21:11,USDJPY,Buy,159.09000,159.25200,0.0000,0.0000,16.2,3.24,0.08,0,00:05:22:11,70.5,3h 47m,17.3,0.69,20.6,4.12,-14.2,-2.84,59.2,87.4,-4.40,-0.88
,03/12/2026 21:00,03/25/2026 15:16,GBPJPY,Buy,212.81300,213.07700,0.0000,0.7900,26.4,6.07,0.15,0,12:18:16:24,5.1,15h 37m,185.8,5.55,33.5,6.7,-185.8,-37.160000000000004,15.3,96.8,-7.10,-1.42
,03/24/2026 13:48,03/25/2026 10:20,USDJPY,Buy,158.78000,158.95700,0.0000,0.0800,17.7,3.62,0.09,0,00:20:31:10,54.3,11h 8m,63.4,0.63,39.0,7.800000000000001,-24.4,-4.88,61.5,66.4,-21.30,-4.26
,03/25/2026 05:07,03/25/2026 10:19,USDJPY,Buy,158.71800,158.95900,0.0000,0.0000,24.1,24.10,0.59,0,00:05:12:29,99.7,5h 11m,9.6,0.02,32.4,32.4,-0.5,-0.5,98.5,74.8,-8.30,-8.30
,03/24/2026 05:05,03/24/2026 07:52,USDJPY,Buy,158.64400,158.74200,0.0000,0.0000,9.8,1.96,0.05,0,00:02:46:59,63.5,1h 46m,16.0,0.89,14.8,2.9600000000000004,-13.1,-2.62,53.0,82.1,-5.00,-1.00
,03/23/2026 18:31,03/24/2026 07:52,USDJPY,Buy,158.52400,158.74100,0.0000,0.4200,21.7,22.12,0.54,0,00:13:20:34,48.0,6h 24m,78.9,1.60,30.4,30.4,-48.5,-48.5,38.5,89.0,-8.70,-8.70
,03/20/2026 20:05,03/23/2026 10:36,USDJPY,Buy,159.31900,159.46900,0.0000,0.0800,15.0,3.08,0.08,0,02:14:30:45,13.2,8h 15m,45.2,0.92,32.5,6.5,-30.0,-6.0,52.0,72.0,-17.50,-3.50
,03/20/2026 19:55,03/20/2026 22:33,GBPJPY,Buy,212.20800,212.30400,0.0000,0.0000,9.6,9.60,0.24,0,00:02:38:29,96.3,2h 32m,8.7,0.11,19.7,19.7,-2.1,-2.1,90.4,53.7,-10.10,-10.10
,03/20/2026 16:30,03/20/2026 18:11,USDJPY,Buy,158.84500,159.07900,0.0000,0.0000,23.4,4.68,0.12,0,00:01:41:30,90.1,1h 31m,9.5,0.06,32.8,6.56,-2.1,-0.42000000000000004,94.0,73.1,-9.40,-1.88
,03/20/2026 11:50,03/20/2026 13:50,USDJPY,Buy,158.46900,158.76100,0.0000,0.0000,29.2,5.84,0.14,0,00:02:00:19,98.4,1h 58m,16.2,0.00,42.0,8.4,-0.2,-0.04000000000000001,99.5,69.7,-12.80,-2.56
,03/20/2026 11:47,03/20/2026 13:50,USDJPY,Buy,158.43900,158.76200,0.0000,0.0000,32.3,32.30,0.80,0,00:02:02:29,100.0,2h 2m,16.2,0.02,45.0,45.0,0.0,0.0,100.0,71.8,-12.70,-12.70
,03/19/2026 05:35,03/20/2026 09:58,GBPJPY,Buy,212.20900,212.28200,0.0000,0.0000,7.3,7.30,0.18,0,01:04:23:17,16.8,4h 46m,127.0,7.39,17.2,17.2,-127.0,-127.0,11.9,93.1,-9.90,-9.90
,03/20/2026 05:19,03/20/2026 09:58,USDJPY,Buy,158.21300,158.39700,0.0000,0.0000,18.4,3.68,0.09,0,00:04:38:19,98.3,4h 33m,9.3,0.02,21.8,4.36,-0.4,-0.08000000000000002,98.2,84.7,-3.40,-0.68
,03/19/2026 23:26,03/20/2026 09:58,GBPJPY,Buy,211.78200,212.29300,0.0000,0.0000,51.1,51.10,1.29,0,00:10:31:27,92.5,9h 44m,31.5,0.37,60.2,60.2,-22.3,-22.3,73.0,89.0,-9.10,-9.10
,03/19/2026 23:46,03/20/2026 09:57,GBPJPY,Buy,211.82000,212.27200,0.0000,0.0000,45.2,13.56,0.34,0,00:10:10:34,93.5,9h 30m,31.5,0.46,56.4,16.919999999999998,-26.1,-7.83,68.4,86.4,-11.20,-3.36
,03/20/2026 01:13,03/20/2026 09:07,USDJPY,Buy,157.76100,158.33800,0.0000,0.0000,57.7,57.70,1.48,0,00:07:54:13,99.0,7h 49m,21.5,0.03,67.0,67.0,-2.0,-2.0,97.1,86.5,-9.30,-9.30
,03/19/2026 15:15,03/19/2026 18:16,GBPJPY,Buy,211.59400,211.81500,0.0000,0.0000,22.1,6.63,0.17,0,00:03:00:14,13.9,25m,79.5,2.59,29.6,8.88,-76.8,-23.04,27.8,93.0,-7.50,-2.25
,03/19/2026 11:30,03/19/2026 18:16,GBPJPY,Buy,211.12100,211.81100,0.0000,0.0000,69.0,69.00,1.81,0,00:06:45:30,85.5,5h 46m,79.7,0.38,76.9,76.9,-29.5,-29.5,72.3,92.6,-7.90,-7.90
,03/16/2026 18:50,03/19/2026 00:13,USDJPY,Buy,159.23500,159.75600,0.0000,0.6200,52.1,11.04,0.29,0,02:05:22:43,31.1,16h 36m,87.5,0.99,65.8,13.16,-65.0,-13.0,50.3,89.5,-13.70,-2.74
,03/12/2026 18:45,03/18/2026 15:46,XAGUSD,Buy,85.29000,77.71000,0.0000,-4.2500,-758.0,-382.90,-9.13,0,05:21:00:27,0.6,50m,829.8,48.31,16.9,8.45,-812.9,-406.45,2.0,6.6,-774.90,-387.45
,03/18/2026 15:22,03/18/2026 15:46,XAGUSD,Buy,78.25000,77.72000,0.0000,0.0000,-53.0,-26.55,-0.63,0,00:00:23:40,0.0,0s,59.2,59.52,0.0,0.0,-59.2,-29.6,0.0,10.5,-53.00,-26.50
,03/17/2026 02:38,03/17/2026 23:42,GBPJPY,Buy,211.94700,212.34400,0.0000,0.0000,39.7,11.91,0.28,0,00:21:04:06,75.5,15h 54m,47.3,0.54,52.8,15.839999999999998,-28.4,-8.52,65.0,83.9,-13.10,-3.93
,03/13/2026 18:05,03/17/2026 08:06,XAGUSD,Buy,81.26000,82.15000,0.0000,-2.1300,89.0,42.02,1.01,0,03:14:01:01,3.6,3h 5m,428.7,3.52,116.3,58.15,-409.9,-204.95,22.1,94.8,-27.30,-13.65
,03/13/2026 20:15,03/16/2026 20:58,GBPJPY,Buy,211.45400,211.85100,0.0000,0.1300,39.7,19.98,0.48,0,03:00:42:51,9.9,7h 11m,70.8,1.21,49.4,24.7,-59.8,-29.9,45.2,91.1,-9.70,-4.85
,01/14/2026 07:18,03/13/2026 21:51,USDJPY,Buy,159.27000,159.61200,0.0000,7.9600,34.2,18.22,0.44,0,58:14:33:01,2.0,1d 4h ,677.3,16.75,40.5,12.15,-677.3,-203.18999999999997,5.6,99.1,-6.30,-1.89
,03/13/2026 12:05,03/13/2026 15:17,XAGUSD,Buy,82.85000,83.94000,0.0000,0.0000,109.0,54.35,1.33,0,00:03:12:41,71.4,2h 17m,51.9,0.39,132.0,66.0,-51.9,-25.95,71.8,87.5,-23.00,-11.50
,03/11/2026 13:32,03/11/2026 23:11,GBPJPY,Buy,212.88600,213.24100,0.0000,0.0000,35.5,7.10,0.17,0,00:09:38:51,52.9,5h 6m,46.7,1.03,41.1,8.22,-42.5,-8.5,49.2,93.3,-5.60,-1.12
,01/23/2026 03:30,03/11/2026 22:52,USDJPY,Buy,158.60800,158.91800,0.0000,5.9800,31.0,15.28,0.38,0,47:19:21:54,1.4,16h 3m,611.1,17.42,35.1,10.53,-611.1,-183.33,5.4,99.4,-4.10,-1.23
,03/11/2026 20:17,03/11/2026 22:50,XAGUSD,Buy,85.41000,85.78000,0.0000,0.0000,37.0,18.65,0.46,0,00:02:33:27,64.8,1h 39m,64.1,1.23,48.1,24.05,-59.3,-29.65,44.8,89.7,-11.10,-5.55
,02/10/2026 14:47,03/11/2026 06:10,GBPJPY,Buy,212.30000,212.76200,0.0000,1.7900,46.2,11.03,0.27,0,28:15:22:44,0.9,6h 11m,500.1,9.20,54.4,10.88,-500.1,-100.02000000000001,9.8,98.5,-8.20,-1.64
,03/10/2026 14:20,03/11/2026 02:12,USDJPY,Buy,157.80300,158.13100,0.0000,0.1600,32.8,13.28,0.33,0,00:11:52:30,55.7,6h 36m,55.4,1.07,37.2,14.880000000000003,-39.7,-15.880000000000003,48.4,94.3,-4.40,-1.76
,03/10/2026 11:56,03/11/2026 02:12,USDJPY,Buy,157.67800,158.13000,0.0000,0.4000,45.2,45.60,1.15,0,00:14:16:24,72.0,10h 16m,55.4,0.55,49.7,49.7,-27.2,-27.2,64.6,94.1,-4.50,-4.50
,03/09/2026 06:01,03/09/2026 16:04,GBPJPY,Buy,211.21600,211.68100,0.0000,0.0000,46.5,13.95,0.35,0,00:10:02:20,64.9,6h 30m,42.2,0.38,54.3,16.29,-20.4,-6.119999999999999,72.7,89.6,-7.80,-2.34
,03/05/2026 19:55,03/09/2026 01:55,USDJPY,Buy,157.83300,158.26000,0.0000,0.3100,42.7,17.39,0.44,0,03:06:00:55,10.0,7h 48m,58.1,0.77,57.0,22.8,-43.8,-17.52,56.5,85.8,-14.30,-5.72
,03/02/2026 21:48,03/06/2026 20:23,GBPJPY,Buy,211.09100,211.15900,0.0000,0.4300,6.8,2.47,0.06,0,03:22:35:28,2.4,2h 16m,203.9,9.10,20.2,6.06,-183.7,-55.10999999999999,9.9,93.4,-13.40,-4.02
,03/05/2026 20:29,03/06/2026 09:06,GBPJPY,Buy,210.30100,210.81600,0.0000,0.2200,51.5,51.72,1.33,0,00:12:37:42,83.6,10h 33m,28.3,0.18,65.9,65.9,-11.7,-11.7,84.9,81.4,-14.40,-14.40
,03/05/2026 15:06,03/06/2026 03:52,XAGUSD,Buy,83.62000,84.15000,0.0000,-1.0700,53.0,25.28,0.66,0,00:12:45:11,2.7,20m,283.7,5.35,53.0,26.5,-283.7,-141.85,15.7,100.0,0.00,0.00
,03/05/2026 06:26,03/05/2026 16:23,USDJPY,Buy,157.10100,157.73600,0.0000,0.0000,63.5,25.40,0.66,0,00:09:56:48,77.1,7h 40m,43.7,0.27,67.2,26.880000000000003,-17.9,-7.16,79.0,95.7,-3.70,-1.48
,03/05/2026 11:49,03/05/2026 15:31,GBPJPY,Buy,209.91200,210.35300,0.0000,0.0000,44.1,8.82,0.23,0,00:03:41:41,72.1,2h 39m,20.7,0.31,64.6,12.92,-19.8,-3.9600000000000004,76.5,75.7,-20.50,-4.10
,03/04/2026 17:28,03/05/2026 03:10,XAGUSD,Buy,84.42000,84.99000,0.0000,-3.4500,57.0,24.75,0.65,0,00:09:41:39,3.0,17m,230.1,3.49,61.3,30.037,-214.0,-104.86,22.3,98.4,-4.30,-2.11
,03/04/2026 11:56,03/04/2026 14:07,XAGUSD,Buy,86.25000,86.74000,0.0000,0.0000,49.0,24.40,0.65,0,00:02:11:38,31.3,41m,89.9,1.17,52.5,26.25,-61.2,-30.6,46.2,96.9,-3.50,-1.75
,03/03/2026 14:28,03/03/2026 21:08,GBPJPY,Buy,209.96500,210.47300,0.0000,0.0000,50.8,25.40,0.68,0,00:06:40:38,67.5,4h 30m,84.5,1.27,56.0,28.0,-70.9,-35.45,44.1,95.9,-5.20,-2.60
,03/03/2026 12:37,03/03/2026 21:08,GBPJPY,Buy,209.86300,210.48600,0.0000,0.0000,62.3,62.30,1.69,0,00:08:31:42,63.8,5h 26m,84.5,0.92,66.2,66.2,-60.7,-60.7,52.2,96.9,-3.90,-3.90
,03/03/2026 14:56,03/03/2026 21:06,XAGUSD,Buy,83.39000,83.46000,0.0000,0.0000,7.0,3.50,0.10,0,00:06:10:04,11.1,41m,406.2,6.54,62.1,31.05,-406.2,-203.1,13.3,88.2,-55.10,-27.55
,03/03/2026 13:49,03/03/2026 14:18,XAGUSD,Buy,81.50000,82.46000,0.0000,0.0000,96.0,48.35,1.33,0,00:00:28:51,51.8,14m,62.3,0.36,110.7,55.35,-39.9,-19.95,73.5,90.2,-14.70,-7.35
,03/03/2026 03:00,03/03/2026 12:02,USDJPY,Buy,157.53900,157.61900,0.0000,0.0000,8.0,3.20,0.09,0,00:09:02:14,12.2,1h 6m,42.4,1.39,27.2,10.88,-37.7,-15.080000000000002,41.9,70.4,-19.20,-7.68
,03/02/2026 21:10,03/02/2026 22:46,XAGUSD,Buy,89.28000,90.60000,0.0000,0.0000,132.0,66.10,1.86,0,00:01:36:11,85.5,1h 22m,50.8,0.16,144.4,72.2,-22.5,-11.25,86.5,92.6,-12.40,-6.20
,03/02/2026 20:18,03/02/2026 21:07,XAGUSD,Buy,88.38000,89.10000,0.0000,0.0000,72.0,35.95,1.02,0,00:00:49:12,73.5,36m,65.6,0.49,72.0,36.0,-35.5,-17.75,67.0,100.0,0.00,0.00
,03/02/2026 16:43,03/02/2026 17:38,XAGUSD,Buy,90.25000,90.77000,0.0000,0.0000,52.0,26.05,0.75,0,00:00:54:39,45.5,24m,80.7,1.53,52.0,26.0,-79.5,-39.75,39.5,100.0,0.00,0.00
,03/02/2026 14:18,03/02/2026 15:48,USDJPY,Buy,157.17700,157.40400,0.0000,0.0000,22.7,9.08,0.26,0,00:01:29:54,86.7,1h 17m,12.5,0.11,35.2,14.080000000000002,-3.9,-1.56,90.0,68.0,-12.50,-5.00
,03/02/2026 06:36,03/02/2026 14:48,GBPJPY,Buy,210.37800,210.67100,0.0000,0.0000,29.3,8.79,0.25,0,00:08:12:23,28.1,2h 18m,116.3,2.11,48.6,14.58,-102.3,-30.689999999999998,32.2,87.2,-19.30,-5.79
,03/02/2026 06:37,03/02/2026 10:46,USDJPY,Buy,156.48800,157.05400,0.0000,0.0000,56.6,22.64,0.66,0,00:04:08:23,99.2,4h 6m,18.6,0.01,75.2,30.080000000000002,-0.5,-0.2,99.3,75.4,-18.60,-7.44
,03/02/2026 01:05,03/02/2026 08:15,GBPJPY,Buy,209.71900,210.26100,0.0000,0.0000,54.2,54.20,1.59,0,00:07:09:11,100.0,7h 9m,38.0,0.01,79.9,79.9,0.0,0.0,100.0,67.8,-25.70,-25.70
,02/26/2026 14:47,03/02/2026 02:17,USDJPY,Buy,156.13200,156.51900,0.0000,0.3100,38.7,15.79,0.47,0,03:11:29:45,10.7,8h 56m,84.5,1.00,56.6,22.64,-56.8,-22.72,49.9,84.2,-17.90,-7.16
,02/27/2026 08:03,02/27/2026 23:03,GBPJPY,Buy,210.19300,210.45000,0.0000,0.0000,25.7,7.71,0.23,0,00:14:59:53,34.5,5h 10m,99.9,0.61,61.9,18.57,-38.0,-11.4,62.0,63.8,-36.20,-10.86
,02/27/2026 21:02,02/27/2026 23:01,GBPJPY,Buy,210.19600,210.44200,0.0000,0.0000,24.6,24.60,0.73,0,00:01:59:11,,,,,,,,,,,,
,02/09/2026 18:22,02/24/2026 10:34,USDJPY,Buy,156.00000,156.07800,0.0000,2.0300,7.8,4.37,0.13,0,14:16:11:53,1.2,4h 13m,380.5,17.12,21.0,6.3,-359.5,-107.85,5.5,96.5,-13.20,-3.96
,02/23/2026 09:06,02/24/2026 09:12,GBPJPY,Buy,209.05700,209.86000,0.0000,0.1000,80.3,32.22,0.97,0,01:00:06:37,33.6,8h 6m,104.8,1.09,82.9,33.160000000000004,-90.0,-36.0,47.9,98.5,-2.60,-1.04
,02/11/2026 12:51,02/24/2026 09:12,GBPJPY,Buy,210.11700,209.86000,0.0000,1.6200,-25.7,-6.09,-0.18,0,12:20:21:07,0.5,1h 32m,284.9,47.85,5.9,1.77,-281.8,-84.54,2.1,89.0,-31.60,-9.48
,02/23/2026 10:31,02/24/2026 08:08,USDJPY,Buy,154.68100,155.11100,0.0000,0.1600,43.0,17.36,0.53,0,00:21:37:34,58.4,12h 37m,76.1,0.69,61.1,24.44,-41.9,-16.76,59.3,82.4,-18.10,-7.24
,02/18/2026 16:33,02/20/2026 16:30,GBPJPY,Buy,208.94200,209.40600,0.0000,0.6600,46.4,14.58,0.44,0,01:23:57:49,43.8,21h 0m,139.7,1.24,65.9,19.77,-82.0,-24.599999999999998,44.6,86.8,-19.50,-5.85
,02/19/2026 03:49,02/20/2026 11:27,USDJPY,Buy,154.97400,155.42300,0.0000,0.1100,44.9,13.58,0.41,0,01:07:37:20,64.5,20h 23m,76.3,0.64,64.8,19.439999999999998,-41.4,-12.42,61.0,81.3,-19.90,-5.97
,02/18/2026 16:15,02/19/2026 00:08,USDJPY,Buy,154.00200,154.71600,0.0000,0.8500,71.4,29.41,0.91,0,00:07:53:06,100.0,7h 53m,19.9,0.01,85.3,34.12,0.0,0.0,100.0,83.7,-13.90,-5.56
,02/11/2026 14:33,02/18/2026 13:20,USDJPY,Buy,153.64200,153.71400,0.0000,1.0400,7.2,3.20,0.10,0,06:22:47:42,4.1,6h 50m,147.3,5.24,23.6,7.08,-123.7,-37.11,16.0,88.9,-16.40,-4.92
,02/17/2026 21:06,02/18/2026 13:07,GBPJPY,Buy,207.98800,208.60500,0.0000,0.0600,61.7,18.57,0.58,0,00:16:01:42,59.6,9h 33m,37.8,0.43,83.4,25.02,-35.7,-10.71,70.0,81.8,-21.70,-6.51
,02/16/2026 03:00,02/16/2026 12:57,USDJPY,Buy,153.13200,153.56100,0.0000,0.0000,42.9,12.87,0.40,0,00:09:57:20,61.4,6h 6m,17.9,0.33,49.7,14.91,-16.3,-4.89,75.3,89.7,-6.80,-2.04
,02/16/2026 04:34,02/16/2026 12:57,GBPJPY,Buy,208.88200,209.58800,0.0000,0.0000,70.6,21.18,0.66,0,00:08:22:28,74.2,6h 12m,16.7,0.21,79.5,23.849999999999998,-16.7,-5.01,82.6,90.7,-8.90,-2.67
,02/13/2026 20:15,02/16/2026 12:57,USDJPY,Buy,152.80700,153.56000,0.0000,0.3900,75.3,75.69,2.43,0,02:16:42:12,19.4,12h 33m,26.8,0.24,82.2,82.2,-20.1,-20.1,80.4,93.3,-6.90,-6.90
,02/13/2026 06:49,02/13/2026 12:00,GBPJPY,Buy,208.52200,209.08400,0.0000,0.0000,56.2,16.86,0.54,0,00:05:10:45,71.8,3h 43m,33.3,0.26,79.2,23.76,-20.4,-6.119999999999999,79.5,76.9,-23.00,-6.90
,02/12/2026 11:31,02/12/2026 15:26,GBPJPY,Buy,208.78800,209.29900,0.0000,0.0000,51.1,15.33,0.50,0,00:03:54:09,67.7,2h 38m,27.0,0.24,76.4,22.92,-18.4,-5.52,80.6,73.3,-25.30,-7.59
,02/10/2026 14:47,02/11/2026 19:30,GBPJPY,Buy,212.28600,208.63800,0.0000,0.0000,-364.8,-364.80,-10.58,0,01:04:43:59,0.6,10m,377.3,45.05,8.2,8.2,-369.1,-369.1,2.2,1.1,-373.00,-373.00
,02/09/2026 12:45,02/09/2026 14:56,GBPJPY,Buy,213.27400,213.59800,0.0000,0.0000,32.4,6.48,0.19,0,00:02:10:58,67.2,1h 28m,22.7,0.47,40.7,8.14,-19.3,-3.8600000000000003,67.8,86.2,-8.30,-1.66
,02/05/2026 23:38,02/06/2026 23:01,USDJPY,Buy,157.09900,157.10800,0.0000,0.1200,0.9,0.39,0.01,0,00:23:23:49,11.1,2h 35m,54.3,11.09,4.9,1.47,-54.3,-16.29,8.3,93.2,-4.00,-1.20
,02/06/2026 18:29,02/06/2026 23:01,GBPJPY,Buy,213.67100,213.96400,0.0000,0.0000,29.3,5.86,0.17,0,00:04:31:55,100.0,4h 31m,15.4,0.04,27.3,5.460000000000001,0.0,0.0,100.0,107.3,2.00,0.40
,02/05/2026 18:29,02/06/2026 12:26,GBPJPY,Buy,212.51300,213.13100,0.0000,0.0500,61.8,12.41,0.36,0,00:17:57:16,47.3,8h 29m,99.0,1.09,76.0,15.200000000000001,-82.8,-16.56,47.9,91.1,-14.20,-2.84
,02/05/2026 17:56,02/06/2026 08:56,GBPJPY,Buy,212.20000,212.74800,0.0000,0.0800,54.8,16.52,0.48,0,00:15:00:39,82.3,12h 21m,99.0,0.68,75.8,22.74,-51.5,-15.45,59.5,83.5,-21.00,-6.30
,02/04/2026 17:57,02/05/2026 12:29,USDJPY,Buy,156.70100,157.20400,0.0000,0.3500,50.3,15.44,0.46,0,00:18:32:16,89.2,16h 32m,24.4,0.36,62.8,18.84,-22.8,-6.84,73.4,85.4,-12.50,-3.75
,02/04/2026 10:20,02/04/2026 14:27,USDJPY,Buy,156.47400,156.70000,0.0000,0.0000,22.6,6.78,0.20,0,00:04:06:25,81.0,3h 19m,14.0,0.19,36.2,10.860000000000001,-7.0,-2.1,83.8,68.5,-13.60,-4.08
,02/03/2026 19:39,02/04/2026 07:30,GBPJPY,Buy,213.25800,214.31200,0.0000,0.1200,105.4,52.82,1.59,0,00:11:50:40,73.3,8h 40m,44.5,0.33,117.2,58.6,-38.1,-19.05,75.5,92.4,-11.80,-5.90
,02/03/2026 17:36,02/04/2026 07:30,GBPJPY,Buy,213.43300,214.31200,0.0000,0.0700,87.9,26.44,0.80,0,00:13:53:52,40.1,5h 34m,57.9,0.56,99.7,29.91,-55.6,-16.68,64.2,92.4,-11.80,-3.54
,01/23/2026 13:33,02/04/2026 07:30,GBPJPY,Buy,214.17400,214.31200,0.0000,0.8400,13.8,4.98,0.15,0,11:17:57:38,2.0,5h 38m,454.8,14.16,30.0,9.0,-424.8,-127.44,6.6,96.4,-16.20,-4.86
,02/03/2026 19:39,02/04/2026 06:23,USDJPY,Buy,155.65300,156.26600,0.0000,0.2000,61.3,30.85,0.94,0,00:10:43:57,98.0,10h 31m,16.8,0.04,72.8,36.4,-3.1,-1.55,95.9,84.8,-11.50,-5.75
,02/04/2026 00:12,02/04/2026 06:23,USDJPY,Buy,155.84600,156.26600,0.0000,0.0000,42.0,12.60,0.39,0,00:06:11:26,70.4,4h 21m,14.0,0.26,53.5,16.05,-14.0,-4.2,79.3,83.0,-11.50,-3.45
,02/03/2026 06:22,02/03/2026 15:24,GBPJPY,Buy,212.85800,213.11200,0.0000,0.0000,25.4,7.62,0.23,0,00:09:02:36,61.7,5h 34m,25.1,0.46,45.3,13.589999999999998,-20.8,-6.24,68.5,69.9,-19.90,-5.97
,02/02/2026 00:48,02/03/2026 14:47,USDJPY,Buy,155.45600,155.86700,0.0000,0.1200,41.1,12.45,0.38,0,01:13:58:26,45.2,17h 9m,88.7,1.69,51.2,15.36,-86.4,-25.92,37.2,92.7,-10.10,-3.03
,02/02/2026 12:14,02/03/2026 04:01,GBPJPY,Buy,212.29200,212.72100,0.0000,0.0800,42.9,12.95,0.40,0,00:15:47:22,65.7,10h 22m,53.6,0.87,56.1,16.83,-48.9,-14.669999999999998,53.4,87.4,-13.20,-3.96
,01/28/2026 21:32,01/30/2026 17:53,GBPJPY,Buy,211.92000,211.98900,0.0000,0.3800,6.9,2.45,0.08,0,01:20:21:08,16.0,7h 5m,208.9,3.84,48.6,14.58,-186.4,-55.92,20.7,82.3,-41.70,-12.51
,01/28/2026 18:21,01/30/2026 17:53,USDJPY,Buy,153.70100,154.40400,0.0000,0.6900,70.3,28.81,0.90,0,01:23:32:05,32.9,15h 38m,125.1,0.96,103.6,41.44,-99.6,-39.84,51.0,83.6,-33.30,-13.32
,01/28/2026 03:26,01/28/2026 21:11,GBPJPY,Buy,211.16400,211.76900,0.0000,0.0000,60.5,18.15,0.57,0,00:17:45:09,22.6,4h 0m,108.6,1.44,75.2,22.56,-108.6,-32.58,40.9,92.0,-14.70,-4.41
,01/28/2026 16:02,01/28/2026 17:39,USDJPY,Buy,152.92100,153.36500,0.0000,0.0000,44.4,17.76,0.56,0,00:01:36:52,35.1,34m,38.3,0.32,79.8,31.92,-25.9,-10.36,75.5,66.5,-35.40,-14.16
,01/27/2026 13:54,01/28/2026 14:26,GBPJPY,Buy,210.69100,210.14400,0.0000,0.1400,-54.7,-27.21,-0.85,0,01:00:32:24,46.2,11h 20m,111.5,1.22,50.2,25.1,-61.3,-30.65,45.0,5.9,-104.90,-52.45
,01/26/2026 15:30,01/27/2026 11:15,USDJPY,Buy,154.20100,154.64400,0.0000,0.2300,44.3,26.81,0.85,0,00:19:45:02,54.9,10h 50m,53.4,0.81,65.8,39.48,-53.4,-32.04,55.2,82.0,-21.50,-12.90
,01/26/2026 15:05,01/27/2026 11:15,USDJPY,Buy,154.30400,154.64400,0.0000,0.1100,34.0,10.31,0.33,0,00:20:09:11,36.4,7h 20m,63.7,1.15,55.5,16.65,-63.7,-19.11,46.6,82.0,-21.50,-6.45
,01/27/2026 01:45,01/27/2026 11:12,GBPJPY,Buy,211.01300,211.42200,0.0000,0.0000,40.9,12.27,0.39,0,00:09:27:12,87.5,8h 16m,35.6,0.29,73.8,22.139999999999997,-21.4,-6.419999999999999,77.5,65.4,-32.90,-9.87
,01/26/2026 19:20,01/27/2026 11:12,GBPJPY,Buy,210.90000,211.42200,0.0000,0.1300,52.2,26.23,0.84,0,00:15:52:02,74.8,11h 52m,46.2,0.34,85.1,42.55,-29.2,-14.6,74.5,71.2,-32.90,-16.45
,01/26/2026 15:15,01/26/2026 18:46,GBPJPY,Buy,210.50500,210.84300,0.0000,0.0000,33.8,10.14,0.33,0,00:03:31:07,56.4,1h 59m,24.9,0.26,55.7,16.71,-14.3,-4.29,79.6,68.7,-21.90,-6.57
,01/26/2026 15:05,01/26/2026 18:46,GBPJPY,Buy,210.50100,210.84300,0.0000,0.0000,34.2,17.10,0.55,0,00:03:41:10,57.1,2h 6m,24.9,0.25,56.1,28.05,-13.9,-6.95,80.1,68.7,-21.90,-10.95
,01/23/2026 19:12,01/26/2026 14:52,USDJPY,Buy,157.19400,154.11700,0.0000,0.1900,-307.7,-153.66,-4.75,0,02:19:39:40,0.0,0s,374.0,384.62,0.0,0.0,-374.0,-187.0,0.0,17.7,-307.70,-153.85
,01/23/2026 09:44,01/23/2026 10:16,USDJPY,Buy,157.40300,158.32800,0.0000,0.0000,92.5,46.25,1.45,0,00:00:31:53,100.0,31m,20.6,0.01,99.7,49.85,0.0,0.0,100.0,92.8,-7.20,-3.60
,01/23/2026 03:03,01/23/2026 09:00,GBPJPY,Buy,214.04800,214.38600,0.0000,0.0000,33.8,10.14,0.32,0,00:05:57:35,46.0,2h 44m,25.6,0.41,35.2,10.56,-14.6,-4.38,70.7,97.2,-1.40,-0.42
,01/22/2026 12:00,01/22/2026 20:45,GBPJPY,Buy,213.41000,213.61700,0.0000,0.0000,20.7,6.21,0.20,0,00:08:44:16,38.9,3h 23m,64.0,1.76,35.5,10.65,-62.5,-18.75,36.2,84.9,-14.80,-4.44
,01/14/2026 22:59,01/22/2026 10:46,USDJPY,Buy,158.60200,158.78300,0.0000,1.3900,18.1,6.82,0.22,0,07:11:46:50,6.7,12h 2m,143.0,4.30,27.0,8.1,-116.0,-34.8,18.9,93.8,-8.90,-2.67
,01/20/2026 16:58,01/22/2026 10:23,GBPJPY,Buy,212.67400,213.13700,0.0000,0.3000,46.3,14.19,0.45,0,01:17:25:46,19.4,8h 2m,108.4,1.24,74.6,22.38,-92.8,-27.84,44.6,83.1,-28.30,-8.49
,01/16/2026 19:40,01/21/2026 17:58,USDJPY,Buy,158.10600,158.20700,0.0000,0.3500,10.1,3.38,0.11,0,04:22:17:48,16.5,19h 31m,88.7,1.60,41.4,12.42,-66.4,-19.92,38.4,71.0,-31.30,-9.39
,01/20/2026 16:32,01/20/2026 18:05,GBPJPY,Buy,212.46000,212.48300,0.0000,0.0000,2.3,1.15,0.04,0,00:01:33:19,100.0,1h 33m,34.7,0.03,37.0,18.5,0.0,0.0,100.0,6.2,-34.70,-17.35
,01/13/2026 10:38,01/20/2026 10:36,GBPJPY,Buy,214.11200,212.92500,0.0000,0.8500,-118.7,-34.76,-1.09,0,06:23:58:13,0.8,1h 20m,350.9,34.48,9.9,2.97,-341.0,-102.3,2.8,63.4,-128.60,-38.58
,01/14/2026 23:04,01/20/2026 10:30,GBPJPY,Buy,213.10100,213.10700,0.0000,0.7800,0.6,0.96,0.03,0,05:11:26:21,2.0,2h 37m,255.8,6.61,36.3,10.889999999999999,-239.9,-71.97,13.1,87.1,-35.70,-10.71
,01/15/2026 23:55,01/20/2026 10:30,GBPJPY,Buy,212.30200,213.10200,0.0000,0.1400,80.0,24.14,0.76,0,04:10:35:03,6.8,7h 14m,160.0,1.38,116.2,34.86,-160.0,-48.0,42.1,86.9,-36.20,-10.86
,01/13/2026 10:00,01/13/2026 17:32,USDJPY,Buy,158.97000,158.99100,0.0000,0.0000,2.1,0.63,0.02,0,00:07:32:15,13.1,59m,38.2,5.27,6.2,1.8599999999999999,-32.7,-9.81,15.9,89.5,-4.10,-1.23
,01/13/2026 03:15,01/13/2026 08:56,USDJPY,Buy,158.28600,158.82300,0.0000,0.0000,53.7,16.11,0.51,0,00:05:40:16,100.0,5h 40m,23.4,0.01,67.7,20.31,0.0,0.0,100.0,79.3,-14.00,-4.20
,01/12/2026 06:02,01/13/2026 08:56,USDJPY,Buy,158.17900,158.82300,0.0000,0.1100,64.4,19.43,0.62,0,01:02:53:34,24.5,6h 35m,46.5,0.60,77.0,23.099999999999998,-46.5,-13.95,62.3,89.8,-12.60,-3.78
,01/12/2026 21:55,01/13/2026 04:14,GBPJPY,Buy,212.93600,213.41900,0.0000,0.0700,48.3,14.56,0.47,0,00:06:19:04,58.4,3h 41m,32.3,0.45,56.8,17.04,-25.3,-7.59,69.2,89.6,-8.50,-2.55
,01/06/2026 05:31,01/12/2026 13:35,GBPJPY,Buy,212.04300,212.57300,0.0000,0.8300,53.0,16.73,0.54,0,06:08:04:15,6.3,9h 34m,166.0,2.72,61.1,18.33,-166.0,-49.8,26.9,96.4,-8.10,-2.43
,01/09/2026 14:31,01/09/2026 16:21,USDJPY,Buy,157.68200,157.80300,0.0000,0.0000,12.1,3.63,0.12,0,00:01:50:33,17.3,19m,31.9,1.28,23.2,6.96,-29.8,-8.94,43.8,79.1,-11.10,-3.33
,01/09/2026 14:46,01/09/2026 16:00,GBPJPY,Buy,211.55400,211.58600,0.0000,0.0000,3.2,0.96,0.03,0,00:01:13:30,41.9,30m,19.3,0.69,16.2,4.859999999999999,-11.2,-3.36,59.1,52.6,-13.00,-3.90
,12/19/2025 21:30,01/09/2026 12:27,USDJPY,Buy,157.55900,157.64700,0.0000,4.9900,8.8,7.63,0.25,0,20:14:56:41,11.2,2d 7h ,208.7,10.60,18.0,5.3999999999999995,-190.7,-57.209999999999994,8.6,95.6,-9.20,-2.76
,01/07/2026 16:42,01/09/2026 12:26,GBPJPY,Buy,211.21400,211.35800,0.0000,0.7400,14.4,5.06,0.16,0,01:19:44:53,17.4,7h 36m,93.4,2.29,37.0,11.1,-84.8,-25.439999999999998,30.4,81.4,-22.60,-6.78
,01/08/2026 03:35,01/09/2026 12:26,GBPJPY,Buy,211.12000,211.35800,0.0000,0.0800,23.8,7.22,0.24,0,01:08:51:40,25.2,8h 16m,76.8,1.63,46.4,13.92,-75.4,-22.62,38.1,81.4,-22.60,-6.78
,01/08/2026 21:42,01/09/2026 12:26,USDJPY,Buy,156.97000,157.65100,0.0000,0.1200,68.1,20.55,0.68,0,00:14:44:04,71.1,10h 28m,23.9,0.29,76.5,22.95,-22.0,-6.6,77.7,91.5,-8.40,-2.52
,01/07/2026 02:01,01/08/2026 17:49,USDJPY,Buy,156.72400,156.91400,0.0000,0.6600,19.0,6.36,0.21,0,01:15:48:14,31.3,12h 27m,47.6,1.23,33.6,10.08,-41.4,-12.42,44.8,80.5,-14.60,-4.38
,01/07/2026 17:17,01/08/2026 17:49,USDJPY,Buy,156.65100,156.91200,0.0000,0.6600,26.1,8.49,0.28,0,01:00:31:52,83.4,20h 27m,47.6,0.45,40.9,12.27,-18.5,-5.55,68.9,75.1,-14.80,-4.44
,01/06/2026 13:06,01/06/2026 21:09,USDJPY,Buy,156.50400,156.72900,0.0000,0.0000,22.5,6.75,0.22,0,00:08:03:40,53.9,4h 20m,25.3,0.86,23.7,7.109999999999999,-20.4,-6.119999999999999,53.7,97.3,-1.20,-0.36
,01/06/2026 13:05,01/06/2026 21:09,USDJPY,Buy,156.50100,156.72800,0.0000,0.0000,22.7,11.35,0.38,0,00:08:04:15,54.6,4h 24m,25.3,0.84,24.0,12.0,-20.1,-10.05,54.4,97.1,-1.30,-0.65
,01/05/2026 23:00,01/06/2026 02:55,USDJPY,Buy,156.35100,156.59600,0.0000,0.1100,24.5,7.46,0.25,0,00:03:55:07,93.2,3h 39m,20.9,0.11,42.7,12.81,-4.5,-1.3499999999999999,90.5,61.4,-18.20,-5.46
,01/05/2026 22:40,01/05/2026 23:43,GBPJPY,Buy,211.68000,211.77700,0.0000,0.0000,9.7,2.91,0.10,0,00:01:03:34,88.9,56m,6.6,0.13,15.6,4.68,-2.1,-0.63,88.1,66.7,-5.90,-1.77
,12/22/2025 23:29,01/05/2026 20:50,GBPJPY,Buy,211.34200,211.47300,0.0000,5.4500,13.1,9.38,0.31,0,13:21:20:56,17.0,2d 8h ,121.0,5.68,21.3,6.39,-121.0,-36.3,15.0,94.2,-8.20,-2.46
,01/02/2026 06:42,01/05/2026 03:13,USDJPY,Buy,156.86400,157.09800,0.0000,0.1600,23.4,7.18,0.24,0,02:20:31:40,16.2,11h 6m,42.5,0.83,36.1,10.83,-30.0,-9.0,54.6,80.8,-12.70,-3.81
,12/23/2025 15:46,01/02/2026 08:14,GBPJPY,Buy,210.97500,211.30100,0.0000,3.4600,32.6,13.24,0.45,0,09:16:28:12,37.4,3d 14h ,115.2,1.76,47.8,14.339999999999998,-84.3,-25.29,36.2,88.5,-15.20,-4.56
,12/31/2025 12:10,12/31/2025 17:36,USDJPY,Buy,156.67700,156.85800,0.0000,0.0000,18.1,5.43,0.18,0,00:05:26:11,39.3,2h 8m,13.1,0.37,31.2,9.36,-11.6,-3.48,72.9,69.4,-13.10,-3.93
,12/30/2025 03:05,12/31/2025 10:55,USDJPY,Buy,156.32800,156.58300,0.0000,0.0000,25.5,7.65,0.26,0,01:07:50:28,52.7,16h 46m,55.4,1.80,30.8,9.24,-55.4,-16.619999999999997,35.7,93.9,-5.30,-1.59
,12/23/2025 15:52,12/26/2025 20:00,USDJPY,Buy,156.27600,156.53800,0.0000,0.4100,26.2,8.27,0.28,0,03:04:08:02,21.5,16h 22m,87.4,1.57,43.0,12.9,-67.3,-20.189999999999998,39.0,84.8,-16.80,-5.04
,12/19/2025 20:49,12/22/2025 11:21,GBPJPY,Buy,210.87100,211.18900,0.0000,0.0900,31.8,9.63,0.33,0,02:14:32:28,,,,,,,,,,,,
,12/19/2025 17:00,12/19/2025 19:50,GBPJPY,Buy,210.54400,210.67100,0.0000,0.0000,12.7,3.81,0.13,0,00:02:49:48,54.8,1h 33m,28.0,1.17,23.9,7.169999999999999,-28.0,-8.4,46.1,78.4,-11.20,-3.36
,12/11/2025 22:04,12/19/2025 14:54,USDJPY,Buy,155.65000,157.20100,0.0000,1.1900,155.1,47.72,1.65,0,07:16:49:29,54.3,4d 4h ,156.8,0.67,170.5,51.15,-114.7,-34.41,59.8,94.6,-15.40,-4.62
,12/11/2025 08:02,12/19/2025 14:54,USDJPY,Buy,156.11800,157.20100,0.0000,1.1900,108.3,33.68,1.18,0,08:06:52:08,3.3,6h 33m,161.5,1.31,123.7,37.11,-161.5,-48.449999999999996,43.4,94.6,-15.40,-4.62
,11/24/2025 15:00,12/19/2025 14:54,USDJPY,Buy,156.89100,157.20100,0.0000,3.1900,31.0,9.39,0.33,0,24:23:53:40,2.1,12h 35m,241.3,5.39,43.9,8.78,-236.4,-47.28,15.7,95.4,-12.90,-2.58
,12/19/2025 02:46,12/19/2025 13:22,GBPJPY,Buy,208.40900,210.34100,0.0000,0.0000,193.2,57.96,2.08,0,00:10:35:59,88.6,9h 23m,43.4,0.03,217.1,65.13,-7.3,-2.19,96.7,89.3,-23.90,-7.17
,12/10/2025 00:05,12/19/2025 13:22,GBPJPY,Buy,208.81500,210.34100,0.0000,1.7100,152.6,47.49,1.73,0,09:13:16:59,2.9,6h 38m,206.4,1.19,170.1,51.029999999999994,-202.9,-60.87,45.6,95.3,-17.50,-5.25
,12/17/2025 22:42,12/18/2025 16:20,GBPJPY,Buy,208.34800,208.63000,0.0000,0.3700,28.2,8.83,0.32,0,00:17:38:28,25.0,4h 24m,51.7,0.80,58.8,17.639999999999997,-47.3,-14.19,55.4,71.2,-30.60,-9.18
,12/16/2025 11:06,12/17/2025 20:41,GBPJPY,Buy,207.48000,208.15500,0.0000,0.1200,67.5,20.37,0.75,0,01:09:34:36,79.2,1d 2h ,88.1,0.43,89.1,26.729999999999997,-38.3,-11.489999999999998,69.9,83.0,-21.60,-6.48
,12/15/2025 15:47,12/17/2025 20:41,GBPJPY,Buy,207.71500,208.15500,0.0000,0.3100,44.0,13.51,0.50,0,02:04:53:39,33.9,17h 55m,106.5,1.43,65.6,19.679999999999996,-93.7,-28.11,41.2,86.4,-21.60,-6.48
,12/17/2025 02:08,12/17/2025 15:19,USDJPY,Buy,154.82600,155.41700,0.0000,0.0000,59.1,29.55,1.11,0,00:13:10:48,86.6,11h 24m,34.4,0.37,81.0,40.5,-30.3,-15.15,72.8,80.3,-21.90,-10.95
,12/17/2025 02:08,12/17/2025 15:19,USDJPY,Buy,154.82600,155.41700,0.0000,0.0000,59.1,17.73,0.67,0,00:13:10:48,86.6,11h 24m,34.4,0.37,81.0,24.3,-30.3,-9.09,72.8,80.3,-21.90,-6.57
,12/09/2025 15:20,12/09/2025 19:22,GBPJPY,Buy,208.39700,208.74900,0.0000,0.0000,35.2,10.56,0.40,0,00:04:01:57,55.4,2h 14m,24.4,0.46,53.0,15.899999999999999,-24.4,-7.319999999999999,68.5,77.0,-17.80,-5.34
,12/02/2025 15:03,12/09/2025 17:00,USDJPY,Buy,156.06800,156.57900,0.0000,1.2900,51.1,16.62,0.63,0,07:01:56:47,5.3,9h 0m,175.0,2.75,60.0,18.0,-165.0,-49.5,26.7,96.0,-8.90,-2.67
,11/26/2025 13:12,12/09/2025 17:00,USDJPY,Buy,156.53500,156.57900,0.0000,1.7000,4.4,2.58,0.10,0,13:03:47:58,0.8,2h 31m,230.0,9.80,21.6,4.32,-211.7,-42.34,9.3,92.6,-17.20,-3.44
,12/08/2025 21:52,12/09/2025 07:07,GBPJPY,Buy,207.73300,208.04600,0.0000,0.1700,31.3,9.56,0.37,0,00:09:15:05,55.4,5h 7m,31.1,0.78,31.3,9.39,-24.5,-7.35,56.1,100.0,0.00,0.00
,12/05/2025 18:20,12/08/2025 19:45,USDJPY,Buy,155.49200,155.78200,0.0000,0.1800,29.0,8.88,0.34,0,03:01:24:39,9.5,6h 58m,57.8,1.21,47.6,14.28,-57.8,-17.34,45.2,82.4,-18.60,-5.58
,12/04/2025 04:37,12/08/2025 19:45,USDJPY,Buy,155.40500,155.78200,0.0000,0.6200,37.7,19.47,0.75,0,04:15:07:54,10.4,11h 33m,110.8,1.85,53.3,26.65,-98.7,-49.35,35.1,89.7,-15.60,-7.80
,12/04/2025 04:37,12/08/2025 19:45,USDJPY,Buy,155.40500,155.78200,0.0000,0.2400,37.7,7.78,0.30,0,04:15:07:54,10.4,11h 33m,110.8,1.85,53.3,10.66,-98.7,-19.740000000000002,35.1,89.7,-15.60,-3.12
,11/26/2025 20:38,12/08/2025 19:20,GBPJPY,Buy,206.99700,207.48800,0.0000,1.4200,49.1,11.24,0.44,0,11:22:42:26,30.6,3d 15h ,193.3,2.95,59.1,11.82,-174.1,-34.82,25.3,95.7,-10.00,-2.00
,12/02/2025 14:56,12/03/2025 13:01,GBPJPY,Buy,206.06100,206.48700,0.0000,0.1100,42.6,8.63,0.34,0,00:22:05:19,25.0,5h 31m,68.0,0.89,64.2,12.840000000000002,-56.9,-11.38,53.0,82.2,-21.60,-4.32
,12/01/2025 18:37,12/02/2025 13:34,USDJPY,Buy,155.30400,155.91000,0.0000,0.2000,60.6,18.38,0.72,0,00:18:56:50,,,,,,,,,,,,
,12/01/2025 18:42,12/02/2025 12:08,GBPJPY,Buy,205.50000,205.85300,0.0000,0.1100,35.3,7.17,0.28,0,00:17:25:59,57.0,9h 56m,39.9,0.26,72.7,14.540000000000001,-18.6,-3.7200000000000006,79.6,59.0,-37.40,-7.48
,11/26/2025 15:15,11/26/2025 15:29,GBPJPY,Buy,206.44700,206.74500,0.0000,0.0000,29.8,5.96,0.24,0,00:00:14:25,92.9,13m,5.5,0.05,29.8,5.960000000000001,-1.6,-0.32000000000000006,94.9,100.0,0.00,0.00
,11/24/2025 08:19,11/25/2025 19:05,GBPJPY,Buy,205.32200,205.72700,0.0000,0.1100,40.5,8.21,0.33,0,01:10:45:41,74.0,1d 1h ,83.6,0.54,58.0,11.600000000000001,-31.1,-6.220000000000001,65.1,80.4,-17.50,-3.50
,11/20/2025 14:41,11/20/2025 17:49,GBPJPY,Buy,205.99700,206.49800,0.0000,0.0000,50.1,10.02,0.40,0,00:03:08:00,71.9,2h 15m,34.2,0.30,84.3,16.86,-25.7,-5.140000000000001,76.6,68.9,-34.20,-6.84
,11/19/2025 23:46,11/20/2025 09:22,GBPJPY,Buy,205.28800,205.83000,0.0000,0.3300,54.2,11.17,0.45,0,00:09:36:37,52.1,5h 0m,47.4,0.63,75.7,15.14,-47.4,-9.48,61.5,82.5,-21.50,-4.30
,11/20/2025 03:36,11/20/2025 09:07,USDJPY,Buy,157.23000,157.61600,0.0000,0.0000,38.6,7.72,0.31,0,00:05:31:27,98.8,5h 27m,19.8,0.17,54.4,10.88,-9.1,-1.82,85.7,75.1,-15.80,-3.16
,11/19/2025 16:00,11/19/2025 17:45,USDJPY,Buy,156.30800,156.64300,0.0000,0.0000,33.5,6.70,0.27,0,00:01:45:06,99.1,1h 44m,15.4,0.05,39.6,7.920000000000001,-2.1,-0.42000000000000004,95.0,85.4,-6.10,-1.22
,11/19/2025 11:46,11/19/2025 17:35,GBPJPY,Buy,204.59300,204.98500,0.0000,0.0000,39.2,7.84,0.32,0,00:05:48:30,96.3,5h 35m,38.2,0.10,75.8,15.16,-7.4,-1.4800000000000002,91.1,56.0,-36.60,-7.32
,11/19/2025 09:08,11/19/2025 13:54,USDJPY,Buy,155.51800,156.10300,0.0000,0.0000,58.5,11.70,0.48,0,00:04:46:00,78.4,3h 44m,18.3,0.13,76.7,15.340000000000002,-9.9,-1.9800000000000002,88.6,79.0,-18.20,-3.64
,11/18/2025 10:08,11/18/2025 22:25,GBPJPY,Buy,204.19300,204.52500,0.0000,0.0000,33.2,6.64,0.27,0,00:12:17:22,63.4,7h 47m,43.7,0.51,54.3,10.86,-27.8,-5.5600000000000005,66.1,74.3,-21.10,-4.22
,11/18/2025 01:49,11/18/2025 20:38,USDJPY,Buy,155.29400,155.61100,0.0000,0.0000,31.7,6.34,0.26,0,00:18:48:21,29.7,5h 35m,45.2,1.01,41.1,8.22,-41.7,-8.340000000000002,49.6,88.6,-9.40,-1.88
,11/14/2025 01:30,11/17/2025 16:16,USDJPY,Buy,154.65100,154.89100,0.0000,0.1300,24.0,4.93,0.20,0,03:14:46:07,17.0,14h 45m,103.9,3.61,26.1,5.220000000000001,-94.2,-18.84,21.7,98.3,-2.10,-0.42
,10/27/2025 16:03,11/17/2025 16:00,GBPJPY,Buy,204.07700,203.99500,0.0000,2.4500,-8.2,0.81,0.03,0,20:23:56:37,0.4,2h 0m,488.7,51.28,9.5,1.9000000000000001,-486.4,-97.28,1.9,96.4,-17.70,-3.54
,10/08/2025 23:06,11/17/2025 16:00,GBPJPY,Buy,204.68300,203.99500,0.0000,4.4700,-68.8,-9.29,-0.38,0,39:16:53:36,0.2,1h 54m,542.3,59.52,9.0,1.8,-533.3,-106.66,1.7,85.7,-77.80,-15.56
,11/14/2025 23:37,11/17/2025 15:44,GBPJPY,Buy,203.62700,204.03300,0.0000,0.1800,40.6,12.36,0.51,0,02:16:06:30,9.9,6h 20m,48.8,0.80,61.0,18.3,-48.8,-14.639999999999999,55.6,81.4,-20.40,-6.12
,11/12/2025 18:05,11/13/2025 12:18,GBPJPY,Buy,203.24400,203.35000,0.0000,0.5300,10.6,3.71,0.15,0,00:18:12:52,23.0,4h 11m,37.9,1.18,22.2,6.659999999999999,-26.1,-7.83,46.0,76.0,-11.60,-3.48
,11/12/2025 11:15,11/12/2025 16:00,USDJPY,Buy,154.81800,154.93200,0.0000,0.0000,11.4,2.28,0.09,0,00:04:45:54,68.2,3h 14m,18.7,0.66,16.6,3.3200000000000003,-10.9,-2.18,60.4,81.1,-5.20,-1.04
,11/10/2025 15:17,11/12/2025 10:35,GBPJPY,Buy,203.21400,203.36000,0.0000,0.3500,14.6,4.73,0.19,0,01:19:18:10,4.3,1h 51m,88.8,2.64,32.9,9.87,-86.8,-26.04,27.5,84.7,-18.30,-5.49
,11/05/2025 17:44,11/12/2025 10:06,USDJPY,Buy,154.31000,154.66700,0.0000,0.8800,35.7,8.02,0.33,0,06:16:22:22,7.2,11h 32m,144.1,3.28,43.9,8.78,-144.1,-28.82,23.4,95.6,-8.20,-1.64
,10/31/2025 22:35,11/10/2025 11:24,GBPJPY,Buy,202.54600,203.04000,0.0000,1.2400,49.4,16.06,0.67,0,09:12:49:04,6.5,14h 52m,353.3,6.03,55.3,16.59,-333.3,-99.99,14.2,98.5,-5.90,-1.77
,11/07/2025 07:34,11/10/2025 06:31,USDJPY,Buy,153.23900,153.85300,0.0000,0.1200,61.4,12.40,0.52,0,02:22:57:06,90.4,2d 16h ,50.6,0.29,77.1,15.42,-22.6,-4.5200000000000005,77.3,84.3,-15.70,-3.14
,11/05/2025 22:22,11/07/2025 22:25,GBPJPY,Buy,201.13800,201.89300,0.0000,0.9600,75.5,38.71,1.65,0,02:00:02:30,29.3,14h 4m,99.1,1.13,67.1,33.55,-75.8,-37.9,47.0,105.9,8.40,4.20
,11/05/2025 22:22,11/07/2025 22:25,GBPJPY,Buy,201.13800,201.89300,0.0000,0.3800,75.5,15.48,0.66,0,02:00:02:30,29.3,14h 4m,99.1,1.13,67.1,13.42,-75.8,-15.16,47.0,105.9,8.40,1.68
,11/05/2025 12:03,11/05/2025 19:00,GBPJPY,Buy,200.47400,201.04800,0.0000,0.0000,57.4,28.70,1.24,0,00:06:57:08,60.7,4h 13m,48.2,0.64,75.9,37.95,-48.2,-24.1,61.2,85.1,-18.50,-9.25
,11/05/2025 12:03,11/05/2025 19:00,GBPJPY,Buy,200.47400,201.04800,0.0000,0.0000,57.4,11.48,0.50,0,00:06:57:08,60.7,4h 13m,48.2,0.64,75.9,15.180000000000001,-48.2,-9.64,61.2,85.1,-18.50,-3.70
,11/05/2025 02:06,11/05/2025 17:00,USDJPY,Buy,153.74800,154.19200,0.0000,0.0000,44.4,8.88,0.39,0,00:14:54:00,15.2,2h 15m,74.8,1.69,44.4,8.88,-74.8,-14.96,37.2,100.0,0.00,0.00
,10/31/2025 19:24,11/04/2025 04:17,USDJPY,Buy,154.17200,154.27300,0.0000,0.2700,10.1,2.29,0.10,0,03:08:52:58,15.5,12h 32m,26.4,0.70,29.1,5.82,-20.4,-4.08,58.8,61.6,-19.00,-3.80
,10/31/2025 09:29,10/31/2025 13:25,USDJPY,Buy,154.09300,154.14400,0.0000,0.0000,5.1,1.02,0.04,0,00:03:55:24,95.8,3h 45m,28.0,0.28,29.0,5.800000000000001,-8.2,-1.64,78.0,35.8,-23.90,-4.78
,10/30/2025 11:18,10/30/2025 17:10,GBPJPY,Buy,202.85300,202.93500,0.0000,0.0000,8.2,2.46,0.11,0,00:05:52:46,62.5,3h 40m,68.6,0.78,38.5,11.549999999999999,-30.1,-9.03,56.1,55.8,-30.30,-9.09
,10/30/2025 14:00,10/30/2025 15:49,USDJPY,Buy,153.98600,154.21100,0.0000,0.0000,22.5,4.50,0.20,0,00:01:48:35,65.2,1h 10m,9.8,0.38,25.8,5.16,-9.8,-1.9600000000000002,72.5,90.7,-3.30,-0.66
,10/10/2025 02:12,10/30/2025 10:46,USDJPY,Buy,153.23400,153.41200,0.0000,2.7900,17.8,6.35,0.28,0,20:08:34:35,0.5,2h 26m,359.8,20.24,17.8,3.5600000000000005,-359.8,-71.96000000000001,4.7,100.0,0.00,0.00
,10/29/2025 21:35,10/30/2025 10:46,GBPJPY,Buy,201.47500,202.50000,0.0000,0.4400,102.5,20.94,0.93,0,00:13:11:22,58.1,7h 39m,67.0,0.39,115.6,23.12,-44.9,-8.98,72.0,91.8,-13.10,-2.62
,10/29/2025 21:35,10/30/2025 09:35,GBPJPY,Buy,201.47500,202.01200,0.0000,1.1000,53.7,27.95,1.26,0,00:12:00:08,53.9,6h 28m,67.0,0.59,76.5,38.25,-44.9,-22.45,63.0,81.2,-22.80,-11.40
,10/29/2025 03:30,10/30/2025 09:35,GBPJPY,Buy,201.65100,202.01200,0.0000,0.6600,36.1,11.49,0.52,0,01:06:05:32,15.0,4h 30m,127.7,1.89,54.6,16.38,-103.0,-30.9,34.6,88.3,-18.50,-5.55
,10/29/2025 11:35,10/29/2025 23:35,USDJPY,Buy,152.31500,152.65600,0.0000,0.0000,34.1,6.82,0.31,0,00:12:00:13,29.6,3h 33m,59.0,0.64,68.8,13.76,-44.3,-8.86,60.8,69.3,-34.70,-6.94
,10/29/2025 03:16,10/29/2025 09:37,USDJPY,Buy,151.80000,152.23400,0.0000,0.0000,43.4,8.68,0.40,0,00:06:21:22,84.8,5h 23m,31.9,0.32,72.1,14.42,-23.2,-4.64,75.7,69.9,-28.70,-5.74
,10/24/2025 04:01,10/27/2025 09:36,GBPJPY,Buy,203.54600,203.85000,0.0000,0.1100,30.4,6.19,0.28,0,03:05:34:36,25.9,20h 5m,80.4,0.80,51.5,10.3,-41.0,-8.200000000000001,55.7,77.2,-21.10,-4.22
,10/23/2025 09:46,10/27/2025 03:00,USDJPY,Buy,152.59000,152.97500,0.0000,0.2800,38.5,7.98,0.37,0,03:17:14:00,90.2,3d 8h ,68.0,0.36,58.2,11.64,-21.0,-4.2,73.5,75.1,-19.70,-3.94
,10/22/2025 22:41,10/23/2025 10:20,GBPJPY,Buy,203.03400,203.57500,0.0000,0.4800,54.1,16.71,0.77,0,00:11:38:52,62.1,7h 13m,30.9,0.40,73.7,22.11,-29.4,-8.819999999999999,71.5,81.0,-19.60,-5.88
,10/22/2025 08:50,10/23/2025 10:20,GBPJPY,Buy,203.23400,203.57500,0.0000,0.3200,34.1,7.14,0.33,0,01:01:29:55,24.2,6h 10m,128.8,2.40,53.7,10.740000000000002,-128.8,-25.760000000000005,29.4,89.3,-19.60,-3.92
,10/21/2025 20:30,10/23/2025 08:25,USDJPY,Buy,151.97500,152.35800,0.0000,0.5500,38.3,8.21,0.38,0,01:11:55:19,17.2,6h 10m,52.0,0.80,56.8,11.36,-45.7,-9.14,55.4,82.0,-18.50,-3.70
,10/21/2025 11:50,10/21/2025 16:15,GBPJPY,Buy,202.87300,203.16800,0.0000,0.0000,29.5,5.90,0.28,0,00:04:25:07,98.2,4h 20m,40.2,0.15,63.9,12.780000000000001,-9.7,-1.94,86.8,53.3,-34.40,-6.88
,10/15/2025 07:25,10/21/2025 15:34,USDJPY,Buy,151.20200,152.14300,0.0000,2.0900,94.1,49.14,2.35,0,06:08:09:44,15.0,22h 49m,217.5,1.76,96.4,48.2,-169.8,-84.9,36.2,99.1,-2.30,-1.15
,10/15/2025 08:38,10/21/2025 13:10,USDJPY,Buy,151.20000,151.84200,0.0000,1.2500,64.2,20.51,0.99,0,06:04:32:10,13.2,19h 36m,217.5,2.55,66.5,19.95,-169.6,-50.879999999999995,28.2,99.0,-2.30,-0.69
,10/13/2025 10:01,10/21/2025 13:10,USDJPY,Buy,152.05600,151.84200,0.0000,1.1100,-21.4,-3.17,-0.15,0,08:03:08:31,11.5,22h 26m,307.0,4.93,51.8,10.36,-255.2,-51.04,16.9,76.2,-73.20,-14.64
,10/21/2025 04:46,10/21/2025 09:44,GBPJPY,Buy,202.22900,202.53100,0.0000,0.0000,30.2,6.04,0.29,0,00:04:58:15,99.7,4h 57m,30.8,0.01,59.1,11.82,-0.7,-0.13999999999999999,98.8,51.7,-28.90,-5.78
,10/17/2025 23:51,10/21/2025 07:56,USDJPY,Buy,150.63200,150.98500,0.0000,0.7100,35.3,18.36,0.89,0,03:08:04:24,31.7,1d 1h ,83.2,0.56,57.0,28.5,-32.0,-16.0,64.0,75.6,-21.70,-10.85
,10/17/2025 23:51,10/21/2025 07:56,USDJPY,Buy,150.63200,150.98500,0.0000,0.2800,35.3,7.34,0.36,0,03:08:04:24,31.7,1d 1h ,83.2,0.56,57.0,11.4,-32.0,-6.4,64.0,75.6,-21.70,-4.34
,10/17/2025 19:15,10/20/2025 05:13,GBPJPY,Buy,201.95300,202.68000,0.0000,0.1100,72.7,14.65,0.72,0,02:09:57:54,95.8,2d 7h ,41.3,0.21,114.0,22.8,-23.6,-4.720000000000001,82.8,70.0,-41.30,-8.26
,10/14/2025 21:48,10/16/2025 13:40,GBPJPY,Buy,202.34500,203.13500,0.0000,0.6600,79.0,24.36,1.21,0,01:15:51:26,43.5,17h 20m,73.7,0.71,103.5,31.049999999999997,-73.7,-22.11,58.4,86.2,-24.50,-7.35
,10/13/2025 05:01,10/16/2025 13:40,GBPJPY,Buy,202.97700,203.13500,0.0000,0.5500,15.8,3.71,0.19,0,03:08:38:42,21.4,17h 15m,213.1,3.06,52.5,10.5,-160.6,-32.12,24.6,82.8,-36.70,-7.34
,10/08/2025 18:48,10/08/2025 19:38,USDJPY,Buy,152.75600,152.79200,0.0000,0.0000,3.6,0.72,0.04,0,00:00:49:45,,,,,,,,,,,,
,10/08/2025 11:50,10/08/2025 13:13,USDJPY,Buy,152.60300,152.84900,0.0000,0.0000,24.6,4.92,0.25,0,00:01:22:48,100.0,1h 22m,11.9,0.03,36.5,7.300000000000001,0.0,0.0,100.0,67.4,-11.90,-2.38
,10/08/2025 10:18,10/08/2025 12:28,GBPJPY,Buy,204.35200,205.04200,0.0000,0.0000,69.0,13.80,0.70,0,00:02:09:43,100.0,2h 9m,15.7,0.01,69.8,13.96,0.0,0.0,100.0,98.9,-0.80,-0.16
,10/08/2025 02:20,10/08/2025 05:42,GBPJPY,Buy,204.05300,204.29600,0.0000,0.0000,24.3,4.86,0.25,0,00:03:22:17,100.0,3h 22m,21.8,0.03,38.8,7.76,0.0,0.0,100.0,62.6,-14.50,-2.90
,10/08/2025 02:20,10/08/2025 04:00,USDJPY,Buy,152.01700,152.42900,0.0000,0.0000,41.2,8.24,0.42,0,00:01:39:40,100.0,1h 39m,4.7,0.02,41.2,8.24,0.0,0.0,100.0,100.0,0.00,0.00
,10/07/2025 17:32,10/08/2025 00:51,USDJPY,Buy,151.11600,151.83600,0.0000,0.1300,72.0,14.53,0.74,0,00:07:19:06,96.6,7h 4m,14.3,0.07,86.3,17.26,-6.4,-1.2800000000000002,93.1,84.6,-14.30,-2.86
,10/07/2025 17:01,10/07/2025 20:35,GBPJPY,Buy,202.58400,203.71600,0.0000,0.0000,113.2,22.64,1.17,0,00:03:33:07,100.0,3h 33m,6.5,0.01,113.2,22.64,0.0,0.0,100.0,100.0,0.00,0.00
,10/07/2025 08:23,10/07/2025 15:23,USDJPY,Buy,150.52800,151.02600,0.0000,0.0000,49.8,9.96,0.52,0,00:07:00:05,96.5,6h 45m,12.8,0.06,49.8,9.96,-2.9,-0.58,94.5,100.0,0.00,0.00
,07/31/2025 23:00,10/07/2025 15:23,USDJPY,Buy,150.81100,151.02600,0.0000,9.5800,21.5,13.88,0.73,0,67:16:23:36,0.8,12h 59m,447.3,12.30,36.4,7.28,-447.3,-89.46000000000001,7.5,96.9,-14.90,-2.98
,10/06/2025 20:06,10/07/2025 04:26,GBPJPY,Buy,202.40500,202.76000,0.0000,0.1000,35.5,7.20,0.38,0,00:08:19:49,100.0,8h 19m,32.3,0.02,56.5,11.3,0.0,0.0,100.0,62.8,-21.00,-4.20
,10/06/2025 02:47,10/06/2025 09:00,USDJPY,Buy,149.61600,150.18100,0.0000,0.0000,56.5,11.30,0.60,0,00:06:13:13,100.0,6h 13m,17.9,0.01,73.0,14.600000000000001,0.0,0.0,100.0,77.4,-16.50,-3.30
,10/06/2025 03:00,10/06/2025 07:02,GBPJPY,Buy,201.01000,201.63200,0.0000,0.0000,62.2,12.44,0.66,0,00:04:01:34,100.0,4h 1m,22.5,0.01,84.7,16.94,0.0,0.0,100.0,73.4,-22.50,-4.50
,10/02/2025 09:45,10/06/2025 00:01,GBPJPY,Buy,198.57100,200.78100,0.0000,0.2100,221.0,44.41,2.42,0,03:14:15:58,63.5,2d 6h ,104.6,0.47,223.9,44.78,-104.6,-20.92,68.2,99.1,-2.90,-0.58
,10/01/2025 03:04,10/06/2025 00:01,GBPJPY,Buy,199.04200,200.78100,0.0000,0.5300,173.9,35.31,1.96,0,04:20:56:06,0.9,1h 3m,165.4,0.86,176.8,35.36000000000001,-151.7,-30.34,53.8,99.1,-2.90,-0.58
,10/02/2025 09:45,10/06/2025 00:01,USDJPY,Buy,147.35400,149.47000,0.0000,0.6700,211.6,106.47,6.29,0,03:14:15:58,75.4,2d 17h ,73.0,0.34,211.6,105.8,-73.0,-36.5,74.3,100.0,0.00,0.00
,10/02/2025 09:45,10/06/2025 00:01,USDJPY,Buy,147.35400,149.47000,0.0000,0.2700,211.6,42.59,2.58,0,03:14:15:58,75.4,2d 17h ,73.0,0.34,211.6,42.32,-73.0,-14.600000000000001,74.3,100.0,0.00,0.00
,10/01/2025 03:02,10/06/2025 00:01,USDJPY,Buy,148.09400,149.47000,0.0000,1.0100,137.6,42.29,2.63,0,04:20:58:39,1.1,1h 17m,156.4,1.07,137.6,41.279999999999994,-147.0,-44.1,48.3,100.0,0.00,0.00
,09/26/2025 13:20,10/06/2025 00:01,USDJPY,Buy,149.84400,149.47000,0.0000,1.1700,-37.4,-6.31,-0.39,0,09:10:40:57,0.0,0s,322.0,322.58,0.0,0.0,-322.0,-64.4,0.0,88.4,-37.40,-7.48
,09/26/2025 05:10,09/29/2025 00:01,GBPJPY,Buy,199.94200,200.07500,0.0000,0.2300,13.3,2.89,0.18,0,02:18:50:08,95.6,2d 15h ,40.5,0.20,53.8,10.76,-10.6,-2.12,83.5,37.1,-40.50,-8.10
,08/22/2025 11:56,09/26/2025 03:50,USDJPY,Buy,148.65600,149.73900,0.0000,5.0600,108.3,26.72,1.69,0,34:15:54:51,6.3,2d 4h ,257.4,1.90,122.0,24.400000000000002,-231.8,-46.36000000000001,34.5,96.1,-13.70,-2.74
,09/22/2025 09:05,09/25/2025 00:01,GBPJPY,Buy,199.76400,200.00700,0.0000,0.5000,24.3,5.36,0.34,0,02:14:55:54,30.2,19h 0m,49.9,1.08,46.4,9.28,-49.9,-9.98,48.2,77.1,-22.10,-4.42
,09/16/2025 03:47,09/24/2025 18:56,USDJPY,Buy,147.47800,148.69300,0.0000,2.6400,121.5,63.39,4.19,0,08:15:08:59,72.0,6d 5h ,122.4,0.99,123.3,61.65,-122.4,-61.2,50.2,99.3,-1.80,-0.90
,09/18/2025 23:00,09/24/2025 16:51,USDJPY,Buy,148.01000,148.63400,0.0000,0.8000,62.4,19.52,1.31,0,05:17:51:16,16.1,22h 11m,79.1,0.71,69.6,20.88,-49.6,-14.879999999999999,58.4,94.0,-7.20,-2.16
,09/08/2025 03:05,09/24/2025 16:51,USDJPY,Buy,148.47800,148.63400,0.0000,3.4000,15.6,8.08,0.54,0,16:13:46:42,1.1,4h 22m,222.4,9.76,22.8,6.84,-222.4,-66.72,9.3,97.1,-7.20,-2.16
,08/19/2025 18:51,09/24/2025 16:47,GBPCHF,Buy,1.08903,1.06708,0.0000,8.3000,-219.5,-101.45,-6.39,0,35:21:55:46,1.4,12h 4m,245.0,8.61,25.5,12.75,-219.5,-109.75,10.4,0.0,-245.00,-122.50
,06/25/2025 12:22,09/24/2025 16:47,GBPCHF,Buy,1.09825,1.06711,0.0000,13.4300,-311.4,-79.99,-4.79,0,91:04:24:43,1.9,1d 17h ,342.6,9.99,31.2,9.36,-311.4,-93.41999999999999,9.1,0.0,-342.60,-102.78
,06/05/2025 10:45,09/24/2025 16:47,GBPCHF,Buy,1.11233,1.06711,0.0000,10.7200,-452.2,-79.72,-4.56,0,111:06:02:03,1.7,1d 21h ,479.9,16.34,27.7,5.54,-452.2,-90.44,5.8,0.0,-479.90,-95.98
,05/28/2025 04:09,09/24/2025 16:47,GBPCHF,Buy,1.11864,1.06713,0.0000,11.7400,-515.1,-91.28,-4.96,0,119:12:37:45,0.0,0s,515.1,526.32,0.0,0.0,-515.1,-103.02000000000001,0.0,0.0,-515.10,-103.02
,09/18/2025 15:30,09/18/2025 19:52,USDJPY,Buy,147.50800,147.87300,0.0000,0.0000,36.5,18.25,1.00,0,00:04:22:04,100.0,4h 22m,16.0,0.02,51.4,25.7,0.0,0.0,100.0,71.0,-14.90,-7.45
,09/15/2025 22:43,09/18/2025 14:05,GBPJPY,Buy,200.55600,200.87700,0.0000,0.5000,32.1,6.92,0.38,0,02:15:21:58,11.0,6h 58m,108.4,1.84,53.4,10.68,-98.4,-19.680000000000003,35.2,86.0,-21.30,-4.26
,09/12/2025 23:13,09/15/2025 15:30,GBPJPY,Buy,200.25000,200.52200,0.0000,0.1500,27.2,8.31,0.46,0,02:16:16:18,11.0,7h 4m,27.3,0.60,45.1,13.53,-27.0,-8.1,62.6,75.2,-17.90,-5.37
,09/08/2025 14:54,09/12/2025 13:10,GBPJPY,Buy,200.04400,200.46900,0.0000,0.6200,42.5,9.12,0.51,0,03:22:16:14,4.3,4h 3m,120.5,2.84,42.5,8.5,-120.5,-24.1,26.1,100.0,0.00,0.00
,09/08/2025 02:43,09/12/2025 13:10,GBPJPY,Buy,200.27500,200.46900,0.0000,0.6200,19.4,4.50,0.25,0,04:10:26:56,2.9,3h 5m,143.6,7.41,19.4,3.88,-143.6,-28.72,11.9,100.0,0.00,0.00
,09/10/2025 09:31,09/11/2025 15:27,USDJPY,Buy,147.48600,147.84700,0.0000,1.1200,36.1,19.17,1.08,0,01:05:55:44,40.0,11h 58m,31.9,0.32,48.3,24.15,-15.6,-7.8,75.6,80.9,-12.20,-6.10
,09/10/2025 09:31,09/11/2025 15:21,USDJPY,Buy,147.48600,147.88600,0.0000,0.4500,40.0,8.45,0.48,0,01:05:49:22,40.0,11h 55m,31.9,0.32,48.3,9.66,-15.6,-3.12,75.6,87.0,-8.30,-1.66
,09/09/2025 01:20,09/10/2025 08:01,GBPCHF,Buy,1.07462,1.07852,0.0000,0.2400,39.0,19.74,1.13,0,01:06:41:04,93.6,1d 4h ,14.9,0.02,44.8,22.4,-0.9,-0.45,98.0,87.3,-5.80,-2.90
,09/05/2025 08:56,09/08/2025 00:01,GBPJPY,Buy,199.44800,199.94700,0.0000,0.1000,49.9,10.08,0.58,0,02:15:04:41,11.0,6h 56m,84.5,1.08,49.9,9.98,-53.9,-10.780000000000001,48.1,100.0,0.00,0.00
,09/03/2025 14:38,09/05/2025 15:02,GBPCHF,Buy,1.07900,1.08112,0.0000,0.9000,21.2,11.50,0.67,0,02:00:23:49,100.0,2d ,24.3,0.02,40.3,20.15,0.0,0.0,100.0,52.6,-19.10,-9.55
,09/04/2025 07:14,09/04/2025 19:02,USDJPY,Buy,148.27800,148.61300,0.0000,0.0000,33.5,10.05,0.59,0,00:11:48:13,75.0,8h 51m,14.4,0.18,46.0,13.799999999999999,-8.5,-2.55,84.4,77.1,-12.50,-3.75
,09/04/2025 09:48,09/04/2025 16:54,GBPJPY,Buy,199.13700,199.44500,0.0000,0.0000,30.8,6.16,0.36,0,00:07:05:45,100.0,7h 5m,14.1,0.03,35.8,7.16,0.0,0.0,100.0,86.0,-5.00,-1.00
,09/03/2025 04:02,09/03/2025 16:48,GBPJPY,Buy,199.03600,199.49600,0.0000,0.0000,46.0,9.20,0.54,0,00:12:46:03,58.4,7h 27m,48.2,0.78,62.0,12.4,-48.2,-9.64,56.3,85.5,-16.00,-3.20
,08/22/2025 02:20,09/02/2025 16:09,USDJPY,Buy,148.43800,148.62700,0.0000,1.3600,18.9,5.14,0.30,0,11:13:48:25,7.2,20h 0m,188.9,5.95,27.2,5.44,-161.7,-32.339999999999996,14.4,95.6,-8.30,-1.66
,09/02/2025 09:09,09/02/2025 11:36,USDJPY,Buy,147.96800,148.29700,0.0000,0.0000,32.9,6.58,0.39,0,00:02:27:16,,,,,,,,,,,,
,09/02/2025 09:09,09/02/2025 11:36,USDJPY,Buy,147.96800,148.29600,0.0000,0.0000,32.8,9.84,0.59,0,00:02:27:17,,,,,,,,,,,,
,08/20/2025 10:46,09/02/2025 09:02,GBPJPY,Buy,199.23500,200.03400,0.0000,3.4300,79.9,43.38,2.66,0,12:22:15:44,9.0,1d 3h ,137.6,1.60,79.9,39.95,-127.5,-63.75,38.5,100.0,0.00,0.00
,08/19/2025 03:08,09/02/2025 09:02,GBPJPY,Buy,199.87600,200.03400,0.0000,1.4800,15.8,4.64,0.28,0,14:05:54:04,1.2,4h 6m,191.6,12.14,15.8,3.16,-191.6,-38.32,7.6,100.0,0.00,0.00
,08/12/2025 03:11,08/22/2025 08:44,USDJPY,Buy,148.24500,148.60300,0.0000,1.7400,35.8,8.90,0.55,0,10:05:33:38,11.5,1d 4h ,194.6,4.05,43.3,8.66,-175.2,-35.04,19.8,96.6,-7.50,-1.50
,08/20/2025 03:05,08/21/2025 20:02,USDJPY,Buy,147.77700,148.25900,0.0000,1.0800,48.2,25.18,1.58,0,01:16:57:15,40.0,16h 22m,58.4,0.97,60.3,30.15,-58.4,-29.2,50.8,89.8,-12.10,-6.05
,08/15/2025 19:35,08/18/2025 17:25,USDJPY,Buy,147.16100,147.68700,0.0000,0.2200,52.6,16.00,1.01,0,02:21:50:17,35.3,1d ,7.3,0.02,59.9,17.97,0.0,0.0,100.0,87.8,-7.30,-2.19
,08/12/2025 15:30,08/18/2025 17:11,GBPJPY,Buy,199.97500,200.00300,0.0000,0.6100,2.8,1.17,0.07,0,06:01:41:15,8.4,12h 14m,128.4,7.08,15.9,3.18,-112.5,-22.5,12.4,89.8,-13.10,-2.62
,08/15/2025 19:01,08/18/2025 05:00,GBPJPY,Buy,199.43900,199.75400,0.0000,0.1000,31.5,6.40,0.41,0,02:09:58:22,21.5,12h 27m,4.1,0.03,35.6,7.120000000000001,0.0,0.0,100.0,88.5,-4.10,-0.82
,08/14/2025 16:35,08/14/2025 22:39,USDJPY,Buy,147.34600,147.76900,0.0000,0.0000,42.3,12.69,0.81,0,00:06:04:38,,,,,,,,,,,,
,08/14/2025 16:34,08/14/2025 18:58,GBPJPY,Buy,199.51300,199.85200,0.0000,0.0000,33.9,6.78,0.44,0,00:02:23:39,,,,,,,,,,,,
,07/03/2025 16:15,08/14/2025 00:01,GBPCHF,Buy,1.08643,1.09083,0.0000,10.6400,44.0,32.64,2.15,0,41:07:45:58,12.5,5d 3h ,192.4,2.78,69.2,34.6,-192.4,-96.2,26.5,90.4,-25.20,-12.60
,08/12/2025 00:01,08/12/2025 12:33,GBPJPY,Buy,199.11800,199.67900,0.0000,0.0000,56.1,11.22,0.74,0,00:12:31:25,,,,,,,,,,,,
,08/01/2025 03:04,08/12/2025 12:20,GBPJPY,Buy,199.24200,199.73700,0.0000,0.9600,49.5,10.86,0.73,0,11:09:16:23,5.9,16h 7m,404.7,7.83,51.7,10.340000000000002,-404.7,-80.94,11.3,99.5,-2.20,-0.44
,07/18/2025 12:56,08/12/2025 12:20,GBPJPY,Buy,199.90700,199.73700,0.0000,2.8000,-17.0,-0.60,-0.04,0,24:23:23:26,0.0,0s,471.2,476.19,0.0,0.0,-471.2,-94.24000000000001,0.0,96.4,-17.00,-3.40
,08/11/2025 08:33,08/12/2025 02:56,GBPJPY,Buy,198.67800,198.99100,0.0000,0.1600,31.3,9.55,0.64,0,00:18:23:14,75.0,13h 47m,14.8,0.42,35.3,10.589999999999998,-14.8,-4.44,70.5,92.0,-4.00,-1.20
,08/11/2025 13:12,08/11/2025 23:26,USDJPY,Buy,147.73800,148.11800,0.0000,0.0000,38.0,7.60,0.51,0,00:10:13:40,,,,,,,,,,,,
,08/08/2025 04:08,08/08/2025 14:42,GBPJPY,Buy,197.94700,198.53600,0.0000,0.0000,58.9,17.67,1.21,0,00:10:34:08,,,,,,,,,,,,
,08/08/2025 08:58,08/08/2025 14:32,GBPJPY,Buy,197.93800,198.58700,0.0000,0.0000,64.9,12.98,0.90,0,00:05:34:26,,,,,,,,,,,,
,07/21/2025 02:09,08/08/2025 00:29,GBPCHF,Buy,1.07519,1.08225,0.0000,5.0800,70.6,40.38,2.87,0,17:22:19:40,33.4,5d 23h ,109.1,0.80,95.1,47.55,-75.7,-37.85,55.7,85.7,-24.50,-12.25
,07/31/2025 16:03,07/31/2025 20:52,USDJPY,Buy,150.25400,150.56600,0.0000,0.0000,31.2,6.24,0.44,0,00:04:48:29,,,,,,,,,,,,
,07/22/2025 02:12,07/31/2025 20:01,GBPJPY,Buy,198.89000,199.19000,0.0000,1.4600,30.0,7.46,0.53,0,09:17:48:47,10.2,23h 50m,178.7,5.55,30.0,6.0,-166.5,-33.300000000000004,15.3,100.0,0.00,0.00
,07/31/2025 10:32,07/31/2025 13:25,GBPJPY,Buy,197.93200,198.21500,0.0000,0.0000,28.3,8.49,0.61,0,00:02:52:24,,,,,,,,,,,,
,07/16/2025 03:54,07/31/2025 00:07,USDJPY,Buy,148.98500,149.45700,0.0000,2.5000,47.2,11.94,0.87,0,14:20:12:57,4.5,16h 1m,297.7,6.31,47.2,9.440000000000001,-297.7,-59.54,13.7,100.0,0.00,0.00
,07/09/2025 02:39,07/18/2025 11:30,GBPJPY,Buy,199.49000,199.72200,0.0000,1.3600,23.2,6.00,0.44,0,09:08:51:09,10.6,23h 50m,119.3,3.35,35.3,7.06,-118.3,-23.66,23.0,92.1,-12.10,-2.42
,07/17/2025 03:48,07/17/2025 13:36,GBPJPY,Buy,198.78000,199.19800,0.0000,0.0000,41.8,8.36,0.61,0,00:09:48:01,,,,,,,,,,,,
,07/17/2025 03:37,07/17/2025 11:51,USDJPY,Buy,148.29600,148.59800,0.0000,0.0000,30.2,6.04,0.45,0,00:08:13:59,,,,,,,,,,,,
,07/10/2025 07:30,07/15/2025 18:43,GBPJPY,Buy,199.01000,199.30500,0.0000,0.3700,29.5,6.27,0.47,0,05:11:12:51,50.0,2d 17h ,103.4,2.12,33.1,6.620000000000001,-70.3,-14.06,32.0,96.5,-3.60,-0.72
,07/14/2025 02:02,07/15/2025 15:30,USDJPY,Buy,147.57200,147.70600,0.0000,0.1400,13.4,2.82,0.21,0,01:13:27:55,80.0,1d 5h ,105.1,0.27,118.5,23.700000000000003,-32.2,-6.440000000000001,78.6,30.3,-105.10,-21.02
,07/11/2025 12:19,07/14/2025 00:01,USDJPY,Buy,147.04200,147.16000,0.0000,0.1500,11.8,2.51,0.19,0,02:11:41:21,100.0,2d 11h ,29.5,0.02,41.3,8.26,0.0,0.0,100.0,28.6,-29.50,-5.90
,07/10/2025 07:32,07/11/2025 05:04,USDJPY,Buy,146.33400,146.87800,0.0000,0.1400,54.4,11.02,0.83,0,00:21:31:43,60.0,12h 55m,22.2,0.15,61.3,12.26,-9.4,-1.8800000000000001,86.7,90.2,-6.90,-1.38
,07/09/2025 02:37,07/11/2025 05:04,USDJPY,Buy,146.82000,146.87800,0.0000,0.5700,5.8,1.73,0.13,0,02:02:27:24,23.1,11h 39m,74.2,5.64,12.7,2.54,-71.6,-14.32,15.1,91.8,-6.90,-1.38
,07/08/2025 03:11,07/08/2025 22:38,GBPJPY,Buy,198.94200,199.28200,0.0000,0.0000,34.0,6.80,0.51,0,00:19:26:52,100.0,19h 26m,2.1,0.03,34.0,6.800000000000001,0.0,0.0,100.0,100.0,0.00,0.00
,07/08/2025 04:11,07/08/2025 14:29,USDJPY,Buy,146.22300,146.52600,0.0000,0.0000,30.3,6.06,0.46,0,00:10:17:34,,,,,,,,,,,,
,07/07/2025 15:02,07/07/2025 19:20,GBPJPY,Buy,198.15400,198.76900,0.0000,0.0000,61.5,12.30,0.94,0,00:04:18:18,,,,,,,,,,,,
,06/25/2025 16:17,07/07/2025 19:20,GBPJPY,Buy,198.52500,198.76900,0.0000,1.7900,24.4,6.67,0.51,0,12:03:02:48,24.7,2d 23h ,275.7,7.10,38.2,7.640000000000001,-271.1,-54.220000000000006,12.4,95.5,-13.80,-2.76
,07/03/2025 18:05,07/07/2025 19:20,USDJPY,Buy,145.15300,145.83900,0.0000,0.3000,68.6,14.02,1.09,0,04:01:14:38,20.0,19h 26m,76.2,0.84,90.5,18.1,-76.2,-15.240000000000002,54.3,86.9,-21.90,-4.38
,06/25/2025 23:36,07/07/2025 19:20,USDJPY,Buy,145.32100,145.83900,0.0000,4.5900,51.8,30.49,2.43,0,11:19:44:04,5.7,16h 10m,258.2,3.50,73.7,36.85,-258.2,-129.1,22.2,93.4,-21.90,-10.95
,07/03/2025 16:01,07/03/2025 16:23,GBPJPY,Buy,197.48100,197.54400,0.0000,0.0000,6.3,1.26,0.10,0,00:00:22:15,,,,,,,,,,,,
,06/26/2025 14:15,07/03/2025 15:59,USDJPY,Buy,144.28300,144.93900,0.0000,2.7700,65.6,35.57,2.92,0,07:01:43:20,51.2,3d 14h ,199.3,2.24,68.8,34.4,-154.4,-77.2,30.8,98.6,-3.20,-1.60
,06/26/2025 23:40,07/03/2025 15:59,USDJPY,Buy,144.46400,144.93000,0.0000,1.1100,46.6,10.43,0.86,0,06:16:18:42,47.5,3d 4h ,199.3,3.40,50.7,10.14,-172.5,-34.5,22.7,98.2,-4.10,-0.82
,06/24/2025 22:14,06/26/2025 09:16,GBPCHF,Buy,1.09679,1.10105,0.0000,1.1100,42.6,22.41,1.89,0,01:11:02:45,77.8,1d 3h ,6.0,0.09,45.8,22.9,-4.3,-2.15,91.4,93.6,-3.20,-1.60
,06/25/2025 03:00,06/25/2025 17:03,USDJPY,Buy,144.98400,145.68000,0.0000,0.0000,69.6,13.92,1.19,0,00:14:02:56,,,,,,,,,,,,
,06/24/2025 14:01,06/25/2025 10:51,GBPJPY,Buy,197.50800,197.89600,0.0000,0.1300,38.8,7.89,0.68,0,00:20:49:42,40.0,8h 19m,32.9,0.85,38.8,7.76,-32.9,-6.58,54.1,100.0,0.00,0.00
,06/18/2025 10:04,06/24/2025 12:43,GBPCHF,Buy,1.09936,1.10255,0.0000,0.9900,31.9,10.56,0.92,0,06:02:39:02,67.6,4d 3h ,77.0,1.23,34.5,10.35,-42.5,-12.75,44.8,96.6,-2.60,-0.78
,06/23/2025 21:02,06/24/2025 12:43,GBPCHF,Buy,1.09825,1.10268,0.0000,0.2700,44.3,22.42,1.99,0,00:15:41:22,,,,,,,,,,,,
,06/23/2025 03:31,06/23/2025 08:26,USDJPY,Buy,146.50000,147.19500,0.0000,0.0000,69.5,13.90,1.25,0,00:04:55:22,,,,,,,,,,,,
,06/17/2025 03:48,06/23/2025 08:26,GBPJPY,Buy,196.64100,197.49100,0.0000,0.7300,85.0,17.73,1.62,0,06:04:38:39,8.2,12h 11m,219.6,1.60,137.4,27.480000000000004,-219.6,-43.92,38.5,85.3,-52.40,-10.48
,06/19/2025 17:47,06/20/2025 23:34,USDJPY,Buy,145.66200,146.06200,0.0000,0.1500,40.0,8.15,0.75,0,01:05:47:08,50.0,14h 53m,42.9,1.35,31.7,6.34,-42.9,-8.58,42.5,111.1,8.30,1.66
,06/19/2025 20:53,06/20/2025 16:58,GBPJPY,Buy,195.78200,196.55800,0.0000,0.1200,77.6,15.64,1.46,0,00:20:05:35,100.0,20h 5m,12.1,0.01,77.6,15.52,0.0,0.0,100.0,100.0,0.00,0.00
,06/19/2025 05:51,06/19/2025 14:34,USDJPY,Buy,145.21100,145.58500,0.0000,0.0000,37.4,7.48,0.70,0,00:08:43:15,,,,,,,,,,,,
,06/19/2025 10:02,06/19/2025 14:00,GBPJPY,Buy,194.81300,195.43500,0.0000,0.0000,62.2,18.66,1.78,0,00:03:58:17,,,,,,,,,,,,
,06/18/2025 11:09,06/19/2025 14:00,GBPJPY,Buy,195.25200,195.43500,0.0000,0.3600,18.3,4.02,0.39,0,01:02:51:06,33.4,8h 58m,80.7,1.27,63.6,12.72,-80.7,-16.14,44.1,68.6,-45.30,-9.06
,06/17/2025 03:40,06/18/2025 03:06,USDJPY,Buy,144.95500,145.31600,0.0000,0.1300,36.1,7.35,0.71,0,00:23:25:47,83.4,19h 32m,34.2,0.81,42.2,8.440000000000001,-34.2,-6.840000000000001,55.2,92.0,-6.10,-1.22
,06/16/2025 00:26,06/17/2025 00:05,USDJPY,Buy,144.26700,144.68400,0.0000,0.1300,41.7,8.47,0.82,0,00:23:38:42,50.0,11h 49m,17.7,0.26,59.4,11.88,-15.3,-3.0600000000000005,79.5,76.3,-17.70,-3.54
,06/16/2025 01:34,06/17/2025 00:01,GBPJPY,Buy,196.00000,196.44000,0.0000,0.1200,44.0,8.92,0.88,0,00:22:26:58,50.0,11h 13m,34.0,0.50,63.8,12.76,-32.1,-6.420000000000001,66.5,79.4,-19.80,-3.96
,06/13/2025 10:42,06/16/2025 23:51,GBPCHF,Buy,1.10052,1.10523,0.0000,0.1400,47.1,14.27,1.42,0,03:13:09:21,95.5,3d 9h ,31.3,0.10,50.8,15.239999999999998,-5.0,-1.5,91.0,93.4,-3.70,-1.11
,06/13/2025 10:40,06/13/2025 20:16,GBPJPY,Buy,194.99100,195.70300,0.0000,0.0000,71.2,14.24,1.44,0,00:09:36:24,,,,,,,,,,,,
,06/12/2025 18:05,06/13/2025 20:16,GBPJPY,Buy,195.52700,195.70300,0.0000,0.1200,17.6,3.64,0.37,0,01:02:11:49,28.6,7h 29m,105.5,3.97,26.6,5.32,-105.5,-21.1,20.1,93.2,-9.00,-1.80
,06/13/2025 08:25,06/13/2025 14:56,USDJPY,Buy,143.77200,144.17800,0.0000,0.0000,40.6,8.12,0.83,0,00:06:31:22,,,,,,,,,,,,
,06/10/2025 17:01,06/11/2025 17:54,GBPJPY,Buy,195.66500,195.94900,0.0000,0.1300,28.4,5.81,0.60,0,01:00:52:47,66.7,16h 35m,19.6,0.42,39.4,7.88,-16.6,-3.3200000000000003,70.4,80.4,-11.00,-2.20
,06/10/2025 18:05,06/11/2025 15:04,USDJPY,Buy,144.85800,145.37600,0.0000,0.1300,51.8,10.49,1.09,0,00:20:59:47,66.7,14h 0m,79.4,0.71,51.8,10.36,-36.8,-7.359999999999999,58.5,100.0,0.00,0.00
,06/09/2025 00:01,06/10/2025 05:00,USDJPY,Buy,144.94000,145.23700,0.0000,0.1300,29.7,6.07,0.63,0,01:04:59:47,14.3,4h 8m,79.0,2.66,29.7,5.94,-79.0,-15.8,27.3,100.0,0.00,0.00
,05/29/2025 08:46,06/10/2025 05:00,GBPJPY,Buy,196.07900,196.38000,0.0000,1.2500,30.1,7.27,0.77,0,11:20:14:18,2.9,8h 14m,299.4,9.95,30.1,6.0200000000000005,-299.4,-59.879999999999995,9.1,100.0,0.00,0.00
,06/06/2025 04:05,06/06/2025 20:07,GBPJPY,Buy,195.23200,195.86600,0.0000,0.0000,63.4,12.68,1.35,0,00:16:01:25,100.0,16h 1m,16.7,0.01,80.1,16.02,0.0,0.0,100.0,79.2,-16.70,-3.34
,06/04/2025 06:47,06/06/2025 15:30,USDJPY,Buy,144.11100,144.44900,0.0000,0.5100,33.8,7.27,0.78,0,02:08:42:27,26.7,15h 8m,153.9,1.81,76.7,15.340000000000002,-138.5,-27.700000000000003,35.6,80.1,-42.90,-8.58
,06/05/2025 15:50,06/05/2025 19:33,USDJPY,Buy,143.34600,143.72400,0.0000,0.0000,37.8,7.56,0.82,0,00:03:43:19,,,,,,,,,,,,
,06/04/2025 03:10,06/05/2025 19:27,GBPJPY,Buy,194.80400,195.26600,0.0000,0.3700,46.2,9.61,1.05,0,01:16:17:03,40.0,16h 6m,155.6,2.36,59.4,11.88,-139.9,-27.980000000000004,29.8,93.4,-13.20,-2.64
,06/05/2025 07:32,06/05/2025 12:30,GBPJPY,Buy,193.78500,194.25400,0.0000,0.0000,46.9,14.07,1.57,0,00:04:57:46,,,,,,,,,,,,
,05/30/2025 11:01,06/04/2025 16:04,GBPCHF,Buy,1.11120,1.11265,0.0000,0.3000,14.5,3.20,0.36,0,05:05:03:17,22.6,1d 4h ,55.2,1.71,32.2,6.440000000000001,-55.2,-11.040000000000001,36.8,79.7,-17.70,-3.54
,05/30/2025 10:48,06/04/2025 16:04,GBPCHF,Buy,1.11097,1.11270,0.0000,0.7300,17.3,9.38,1.06,0,05:05:15:46,21.9,1d 3h ,52.9,1.53,34.5,17.25,-52.9,-26.45,39.5,80.3,-17.20,-8.60
,06/03/2025 19:21,06/04/2025 04:00,USDJPY,Buy,143.99200,144.27300,0.0000,0.1300,28.1,5.75,0.65,0,00:08:39:44,,,,,,,,,,,,
,05/30/2025 22:25,06/03/2025 20:56,GBPJPY,Buy,193.96100,194.56300,0.0000,0.2600,60.2,12.30,1.42,0,03:22:30:34,12.5,11h 48m,87.6,1.15,76.4,15.280000000000001,-87.6,-17.52,46.6,90.1,-16.20,-3.24
,06/03/2025 16:30,06/03/2025 17:00,USDJPY,Buy,143.48200,143.79300,0.0000,0.0000,31.1,6.22,0.72,0,00:00:30:00,,,,,,,,,,,,
,05/30/2025 10:49,05/30/2025 18:33,GBPJPY,Buy,194.19000,194.24500,0.0000,0.0000,5.5,2.75,0.32,0,00:07:44:44,,,,,,,,,,,,
,05/28/2025 00:01,05/29/2025 02:30,GBPJPY,Buy,195.06300,195.58600,0.0000,0.4600,52.3,10.92,1.29,0,01:02:29:17,66.7,17h 40m,48.1,0.78,61.3,12.26,-48.1,-9.620000000000001,56.0,91.8,-9.00,-1.80
,05/16/2025 12:37,05/27/2025 15:52,GBPCHF,Buy,1.11218,1.11916,0.0000,0.8300,69.8,14.79,1.78,0,11:03:14:30,53.8,5d 23h ,107.3,0.97,75.6,15.12,-73.6,-14.719999999999999,50.7,96.1,-5.80,-1.16
,05/16/2025 12:37,05/27/2025 14:38,GBPCHF,Buy,1.11218,1.11978,0.0000,0.8300,76.0,16.03,1.96,0,11:02:00:31,53.1,5d 21h ,107.3,0.97,76.0,15.200000000000001,-73.6,-14.719999999999999,50.8,100.0,0.00,0.00
,05/14/2025 03:15,05/27/2025 14:38,GBPCHF,Buy,1.11750,1.11978,0.0000,1.2000,22.8,5.76,0.71,0,13:11:22:07,3.8,12h 17m,131.7,5.56,22.8,4.5600000000000005,-126.8,-25.36,15.2,100.0,0.00,0.00
,05/15/2025 23:57,05/27/2025 08:34,GBPJPY,Buy,193.84500,194.22800,0.0000,1.2300,38.3,8.89,1.11,0,11:08:36:36,5.9,16h 5m,174.5,3.00,56.2,11.240000000000002,-168.7,-33.74,25.0,92.0,-17.90,-3.58
,05/16/2025 20:06,05/27/2025 08:26,GBPJPY,Buy,193.71400,194.11400,0.0000,2.7800,40.0,22.78,2.92,0,10:12:20:40,9.6,1d ,174.5,2.25,69.3,34.65,-155.6,-77.8,30.8,87.0,-29.30,-14.65
,05/15/2025 20:58,05/16/2025 19:47,USDCHF,Buy,0.83701,0.83908,0.0000,0.2900,20.7,10.64,1.38,0,00:22:49:00,66.7,15h 13m,38.1,1.43,26.6,13.3,-38.1,-19.05,41.1,90.9,-5.90,-2.95
,05/13/2025 15:06,05/13/2025 21:49,GBPCHF,Buy,1.11317,1.11775,0.0000,0.0000,45.8,9.16,1.21,0,00:06:43:13,,,,,,,,,,,,
,05/12/2025 17:53,05/13/2025 21:32,GBPJPY,Buy,195.80600,196.23900,0.0000,0.1300,43.3,8.79,1.17,0,01:03:38:55,42.9,11h 51m,79.2,1.83,43.3,8.66,-79.2,-15.840000000000002,35.3,100.0,0.00,0.00
,05/13/2025 13:12,05/13/2025 19:10,GBPJPY,Buy,195.58900,195.98500,0.0000,0.0000,39.6,7.92,1.07,0,00:05:58:35,,,,,,,,,,,,
,05/12/2025 19:54,05/12/2025 21:01,GBPCHF,Buy,1.11406,1.11453,0.0000,0.0000,4.7,0.94,0.13,0,00:01:07:02,,,,,,,,,,,,
,05/12/2025 09:04,05/12/2025 10:31,GBPCHF,Buy,1.10869,1.11202,0.0000,0.0000,33.3,6.66,0.91,0,00:01:27:08,,,,,,,,,,,,
,05/12/2025 04:13,05/12/2025 10:01,GBPJPY,Buy,194.04500,194.58700,0.0000,0.0000,54.2,10.84,1.50,0,00:05:47:53,,,,,,,,,,,,
,05/01/2025 21:58,05/12/2025 00:01,GBPJPY,Buy,193.45800,193.80800,0.0000,1.2200,35.0,8.22,1.15,0,10:02:02:47,3.3,7h 59m,295.0,8.43,35.0,7.0,-295.0,-59.0,10.6,100.0,0.00,0.00
,05/09/2025 15:33,05/09/2025 22:37,GBPJPY,Buy,192.95300,193.33100,0.0000,0.0000,37.8,7.56,1.07,0,00:07:03:51,,,,,,,,,,,,
,05/02/2025 22:24,05/08/2025 15:46,GBPJPY,Buy,192.57000,192.74800,0.0000,0.8100,17.8,4.37,0.62,0,05:17:22:18,8.6,11h 48m,206.2,3.08,66.9,13.380000000000003,-206.2,-41.24,24.5,82.0,-49.10,-9.82
,05/08/2025 09:52,05/08/2025 14:39,GBPJPY,Buy,191.90400,192.57900,0.0000,0.0000,67.5,13.50,1.95,0,00:04:47:13,,,,,,,,,,,,
,05/06/2025 09:15,05/08/2025 14:01,GBPJPY,Buy,191.25300,191.95600,0.0000,0.7800,70.3,21.87,3.27,0,02:04:45:33,46.2,1d ,79.6,0.50,149.9,44.97,-74.5,-22.349999999999998,66.8,64.5,-79.60,-23.88
,05/07/2025 11:17,05/08/2025 05:53,GBPJPY,Buy,191.43100,191.73100,0.0000,0.3800,30.0,6.38,0.96,0,00:18:35:24,50.0,9h 17m,23.2,0.77,30.0,6.0,-23.2,-4.64,56.4,100.0,0.00,0.00
,05/01/2025 14:48,05/01/2025 19:01,GBPJPY,Buy,192.55900,193.04600,0.0000,0.0000,48.7,9.74,1.49,0,00:04:13:04,,,,,,,,,,,,
,04/29/2025 23:45,05/01/2025 10:36,GBPJPY,Buy,190.94900,191.89900,0.0000,0.6000,95.0,19.60,3.10,0,01:10:50:45,62.5,21h 46m,85.1,0.58,113.3,22.66,-65.7,-13.14,63.3,89.8,-18.30,-3.66
,04/28/2025 11:39,05/01/2025 10:36,GBPJPY,Buy,191.39900,191.89900,0.0000,0.7800,50.0,10.78,1.73,0,02:22:57:32,11.8,8h 22m,110.7,1.62,68.3,13.66,-110.7,-22.14,38.2,89.8,-18.30,-3.66
,04/25/2025 13:17,04/25/2025 20:39,GBPJPY,Buy,191.06100,191.38400,0.0000,0.0000,32.3,6.46,1.05,0,00:07:21:42,,,,,,,,,,,,
,04/23/2025 15:28,04/25/2025 09:53,USDCHF,Sell,0.82135,0.83225,0.0000,-2.2900,-109.0,-56.79,-8.44,0,01:18:25:09,,,,,,,,,,,,
,04/23/2025 12:32,04/25/2025 09:53,USDJPY,Sell,141.63000,143.55300,0.0000,-3.7000,-192.3,-99.85,-12.93,0,01:21:20:20,,,,,,,,,,,,
,04/24/2025 23:01,04/25/2025 08:59,GBPJPY,Buy,190.37900,190.68500,0.0000,0.1400,30.6,6.26,0.82,0,00:09:57:18,,,,,,,,,,,,
,04/24/2025 19:19,04/24/2025 21:14,GBPJPY,Buy,189.89500,190.14500,0.0000,0.0000,25.0,5.00,0.66,0,00:01:54:57,,,,,,,,,,,,
,04/23/2025 19:30,04/23/2025 20:30,GBPJPY,Buy,189.60000,189.95200,0.0000,0.0000,35.2,7.04,0.93,0,00:00:59:58,,,,,,,,,,,,
,04/23/2025 15:20,04/23/2025 17:13,EURGBP,Sell,0.85766,0.85500,0.0000,0.0000,26.6,13.30,1.80,0,00:01:53:12,,,,,,,,,,,,
,04/23/2025 11:47,04/23/2025 15:09,GBPJPY,Sell,188.73500,188.46900,0.0000,0.0000,26.6,13.30,1.83,0,00:03:21:57,,,,,,,,,,,,
,04/17/2025 19:34,04/23/2025 01:00,GBPJPY,Buy,188.96100,189.83800,0.0000,0.5700,87.7,18.11,2.55,0,05:05:25:17,40.0,2d 2h ,0.0,0.01,87.7,17.540000000000003,0.0,0.0,100.0,100.0,0.00,0.00
,04/22/2025 16:45,04/22/2025 20:11,GBPJPY,Buy,188.17300,188.51200,0.0000,0.0000,33.9,6.78,0.96,0,00:03:25:40,,,,,,,,,,,,
,04/21/2025 13:42,04/22/2025 09:09,USDJPY,Buy,140.93600,139.93800,0.0000,0.1800,-99.8,-29.76,-4.06,0,00:19:26:52,,,,,,,,,,,,
,04/17/2025 19:00,04/17/2025 19:43,GBPJPY,Buy,188.66600,188.86400,0.0000,0.0000,19.8,5.94,0.82,0,00:00:42:46,,,,,,,,,,,,
,04/17/2025 08:51,04/17/2025 11:36,GBPJPY,Buy,188.62100,188.96500,0.0000,0.0000,34.4,6.88,0.96,0,00:02:44:44,,,,,,,,,,,,
,04/17/2025 04:27,04/17/2025 05:30,GBPJPY,Buy,188.45100,188.50500,0.0000,0.0000,5.4,1.08,0.15,0,00:01:03:44,,,,,,,,,,,,
,04/17/2025 03:04,04/17/2025 05:30,GBPJPY,Buy,188.21300,188.50300,0.0000,0.0000,29.0,14.50,2.06,0,00:02:26:00,,,,,,,,,,,,
,04/17/2025 01:21,04/17/2025 05:30,USDJPY,Buy,141.92300,142.59300,0.0000,0.0000,67.0,13.40,1.94,0,00:04:08:57,,,,,,,,,,,,
,04/16/2025 11:25,04/16/2025 11:28,USDJPY,Buy,142.24000,142.83200,0.0000,0.0000,59.2,17.76,2.64,0,00:00:02:53,,,,,,,,,,,,
,04/16/2025 04:16,04/16/2025 11:28,USDJPY,Buy,142.95000,142.83200,0.0000,0.0000,-11.8,-3.54,-0.52,0,00:07:12:05,,,,,,,,,,,,
,04/14/2025 17:07,04/16/2025 02:45,GBPJPY,Buy,189.19800,189.28800,0.0000,0.2800,9.0,2.08,0.31,0,01:09:37:18,,,,,,,,,,,,
,04/10/2025 08:42,04/14/2025 13:51,GBPJPY,Buy,188.70500,188.70400,0.0000,0.2700,-0.1,0.25,0.04,0,04:05:09:27,0.0,0s,0.1,0.10,0.0,0.0,-0.1,-0.020000000000000004,0.0,0.0,-0.10,-0.02
,04/14/2025 10:46,04/14/2025 13:51,GBPJPY,Buy,188.10800,188.74100,0.0000,0.0000,63.3,12.66,1.91,0,00:03:04:57,,,,,,,,,,,,
,04/11/2025 10:00,04/11/2025 21:52,GBPJPY,Buy,187.39200,187.85100,0.0000,0.0000,45.9,9.18,1.41,0,00:11:51:53,,,,,,,,,,,,
,04/09/2025 20:34,04/09/2025 20:49,GBPJPY,Buy,187.51300,188.11000,0.0000,0.0000,59.7,11.94,1.86,0,00:00:14:11,,,,,,,,,,,,
,04/09/2025 05:15,04/09/2025 15:13,GBPJPY,Buy,187.06000,184.55000,0.0000,0.0000,-251.0,-50.20,-7.27,0,00:09:58:00,,,,,,,,,,,,
,04/07/2025 20:18,04/09/2025 01:55,GBPJPY,Buy,188.78500,186.58600,0.0000,0.2800,-219.9,-43.70,-5.95,0,01:05:37:52,,,,,,,,,,,,
,04/07/2025 19:17,04/09/2025 01:55,GBPJPY,Buy,188.45700,186.59500,0.0000,0.5600,-186.2,-73.92,-9.15,0,01:06:38:37,,,,,,,,,,,,
,04/04/2025 21:00,04/09/2025 01:55,GBPJPY,Buy,190.08500,186.63600,0.0000,0.6300,-344.9,-102.84,-11.29,0,04:04:55:52,0.0,0s,359.8,370.37,0.0,0.0,-359.8,-107.94,0.0,4.1,-344.90,-103.47
,04/04/2025 04:16,04/09/2025 01:55,GBPJPY,Buy,191.71500,186.63300,0.0000,0.4200,-508.2,-101.22,-10.00,0,04:21:39:10,0.0,0s,522.8,526.32,0.0,0.0,-522.8,-104.56,0.0,2.8,-508.20,-101.64
,04/03/2025 10:37,04/09/2025 01:55,GBPJPY,Buy,193.28800,186.63100,0.0000,0.5600,-665.7,-132.58,-11.58,0,05:15:18:15,0.0,0s,680.1,714.29,0.0,0.0,-680.1,-136.02,0.0,2.1,-665.70,-133.14
,04/07/2025 07:07,04/07/2025 17:12,GBPJPY,Buy,188.78400,189.35100,0.0000,0.0000,56.7,11.34,1.00,0,00:10:04:29,,,,,,,,,,,,
,04/03/2025 21:52,04/04/2025 20:55,USDJPY,Buy,146.42400,147.14900,0.0000,0.1300,72.5,14.63,1.31,0,00:23:03:22,,,,,,,,,,,,
,04/04/2025 10:35,04/04/2025 20:55,USDJPY,Buy,146.17100,147.15500,0.0000,0.0000,98.4,19.68,1.79,0,00:10:19:45,,,,,,,,,,,,
,04/04/2025 18:48,04/04/2025 20:55,USDJPY,Buy,146.05900,147.18100,0.0000,0.0000,112.2,33.66,3.16,0,00:02:06:25,,,,,,,,,,,,
,04/01/2025 08:40,04/02/2025 23:14,USDJPY,Buy,149.92300,150.47600,0.0000,0.1400,55.3,11.20,1.06,0,01:14:34:09,,,,,,,,,,,,
,04/02/2025 16:45,04/02/2025 21:05,GBPJPY,Buy,193.54500,194.67900,0.0000,0.0000,113.4,22.68,2.20,0,00:04:19:44,,,,,,,,,,,,
,04/01/2025 18:00,04/02/2025 02:59,GBPJPY,Buy,192.97000,193.49200,0.0000,0.1400,52.2,10.58,1.04,0,00:08:59:11,,,,,,,,,,,,
,03/31/2025 11:18,03/31/2025 22:37,USDJPY,Buy,149.29300,149.99300,0.0000,0.0000,70.0,14.00,1.39,0,00:11:18:53,,,,,,,,,,,,
,03/31/2025 08:23,03/31/2025 22:30,GBPJPY,Buy,193.41500,193.76100,0.0000,0.0000,34.6,6.92,0.69,0,00:14:07:33,,,,,,,,,,,,
,03/27/2025 18:53,,,Deposit,0.00000,0.00000,0.0000,0.0000,0.0,1000.00,0,0,00:00:00:00,,,,,,,,,,,,

Open Trades
Tags,Open Date,Symbol,Action,Open Price,Profit,Pips,Swap
,06/02/2026 15:21,GBPJPY,Buy,215.31,-0.27,-0.9,0.08
,06/02/2026 15:27,GBPJPY,Buy,215.299,0.2,0.2,0.28

