Tags,Open Date,Close Date,Symbol,Action,Units/Lots,SL,TP,Open Price,Close Price,Commission,Swap,Pips,Profit,Gain,Comment,Magic Number,Duration (DD:HH:MM:SS),Profitable(%),Profitable(time duration),Drawdown,Risk:Reward,Max(pips),Max(GBP),Min(pips),Min(GBP),Entry Accuracy(%),Exit Accuracy(%),ProfitMissed(pips),ProfitMissed(GBP)
,06/01/2026 18:30,06/02/2026 09:25,EURUSD,Buy,0.040,0.00000,1.16475,1.16274,1.16484,-0.2200,-0.2500,21.0,5.76,0.27,"",1000,00:14:54:41,88.0,13h 7m,12.1,0.50,21.0,6.3,-10.6,-3.1799999999999997,66.5,100.0,0.00,0.00
,06/01/2026 17:42,06/01/2026 18:30,GBPUSD,Buy,0.040,0.00000,1.34480,1.34281,1.34484,-0.2200,0.0000,20.3,5.82,0.27,"",1000,00:00:47:58,77.1,36m,8.3,0.41,20.3,6.09,-8.3,-2.49,71.0,100.0,0.00,0.00
,05/18/2026 23:17,05/29/2026 18:23,EURUSD,Buy,0.040,0.00000,1.16795,1.16594,1.16795,-0.2200,-3.2300,20.1,2.51,0.12,"",1000,10:19:05:53,0.6,1h 33m,74.1,3.69,20.1,6.03,-74.1,-22.229999999999997,21.3,100.0,0.00,0.00
,05/27/2026 00:36,05/29/2026 17:57,GBPUSD,Buy,0.040,0.00000,1.34748,1.34551,1.34752,-0.2200,-0.4100,20.1,5.34,0.25,"",1000,02:17:20:49,4.1,2h 40m,89.2,4.29,20.1,6.03,-86.3,-25.889999999999997,18.9,100.0,0.00,0.00
,05/29/2026 14:58,05/29/2026 17:49,GBPUSD,Buy,0.040,0.00000,1.34488,1.34288,1.34488,-0.2200,0.0000,20.0,5.73,0.27,"",1000,00:02:50:36,75.5,2h 8m,16.5,0.31,20.0,6.0,-6.2,-1.8599999999999999,76.3,100.0,0.00,0.00
,05/28/2026 17:12,05/28/2026 17:13,GBPUSD,Buy,0.040,0.00000,1.34486,1.34286,1.34492,-0.2200,0.0000,20.6,5.91,0.28,"",1000,00:00:01:00,,,,,,,,,,,,
,05/28/2026 14:54,05/28/2026 16:02,GBPUSD,Buy,0.040,0.00000,1.34273,1.34075,1.34274,-0.2200,0.0000,19.9,5.71,0.27,"",1000,00:01:08:25,67.7,46m,6.2,0.16,19.9,5.97,-3.1,-0.9299999999999999,86.5,100.0,0.00,0.00
,05/28/2026 09:20,05/28/2026 15:30,EURUSD,Buy,0.040,0.00000,1.16265,1.16065,1.16271,-0.2200,0.0000,20.6,5.92,0.28,"",1000,00:06:09:46,96.0,5h 54m,14.7,0.13,20.6,6.180000000000001,-2.6,-0.78,88.8,100.0,0.00,0.00
,05/28/2026 08:33,05/28/2026 10:00,GBPUSD,Buy,0.040,0.00000,1.34087,1.33892,1.34087,-0.2200,0.0000,19.5,5.60,0.27,"",1000,00:01:27:50,98.9,1h 26m,4.9,0.02,19.5,5.85,-0.3,-0.09,98.5,100.0,0.00,0.00
,05/27/2026 00:02,05/27/2026 15:22,EURUSD,Buy,0.040,0.00000,1.16564,1.16310,1.16568,-0.2200,0.0000,25.8,7.45,0.36,"",1000,00:15:19:23,94.0,14h 24m,15.4,0.21,25.8,7.74,-5.3,-1.5899999999999999,83.0,100.0,0.00,0.00
,05/21/2026 20:54,05/25/2026 14:40,EURUSD,Buy,0.040,0.00000,1.16493,1.16293,1.16494,-0.2200,-0.4800,20.1,5.25,0.25,"",1000,03:17:45:10,16.8,15h 4m,40.2,2.00,20.1,6.03,-40.2,-12.06,33.3,100.0,0.00,0.00
,05/25/2026 01:01,05/25/2026 11:33,GBPUSD,Buy,0.040,0.00000,1.34906,1.34706,1.34907,-0.2200,0.0000,20.1,5.74,0.28,"",1000,00:10:32:53,100.0,10h 32m,18.7,0.05,20.2,6.06,0.0,0.0,100.0,99.5,-0.10,-0.03
,05/18/2026 19:16,05/25/2026 01:01,GBPUSD,Buy,0.040,0.00000,1.34694,1.34494,1.34702,-0.2200,-0.6900,20.8,5.27,0.25,"",1000,06:05:44:50,1.9,2h 50m,69.2,3.33,20.8,6.24,-69.2,-20.76,23.1,100.0,0.00,0.00
,05/22/2026 19:17,05/25/2026 00:01,EURUSD,Buy,0.040,0.00000,1.16284,1.16083,1.16370,-0.2200,-0.2400,28.7,8.07,0.39,"",1000,02:04:43:58,5.5,2h 54m,15.3,0.19,28.7,8.61,-5.4,-1.62,84.2,100.0,0.00,0.00
,05/21/2026 16:54,05/21/2026 20:17,EURUSD,Buy,0.040,0.00000,1.16164,1.15964,1.16164,-0.2200,0.0000,20.0,5.74,0.28,"",1000,00:03:22:33,4.5,9m,13.8,0.69,20.0,6.0,-13.8,-4.14,59.2,100.0,0.00,0.00
,05/21/2026 16:54,05/21/2026 20:16,GBPUSD,Buy,0.040,0.00000,1.34327,1.34127,1.34327,-0.2200,0.0000,20.0,5.74,0.28,"",1000,00:03:22:01,4.0,8m,16.2,0.81,20.0,6.0,-16.2,-4.859999999999999,55.2,100.0,0.00,0.00
,05/21/2026 11:10,05/21/2026 11:16,EURUSD,Buy,0.040,0.00000,1.16348,1.16148,1.16350,-0.2200,0.0000,20.2,5.79,0.28,"",1000,00:00:05:41,100.0,5m,0.0,0.05,20.2,6.06,0.0,0.0,100.0,100.0,0.00,0.00
,05/19/2026 21:02,05/20/2026 18:15,EURUSD,Buy,0.040,0.00000,1.16325,1.16124,1.16325,-0.2200,-0.2500,20.1,5.51,0.27,"",1000,00:21:13:21,5.5,1h 10m,29.4,1.29,22.8,6.84,-29.3,-8.79,43.8,94.8,-2.70,-0.81
,05/18/2026 22:01,05/20/2026 18:15,GBPUSD,Buy,0.040,0.00000,1.34409,1.34211,1.34411,-0.2200,-0.2000,20.0,5.53,0.27,"",1000,01:20:13:55,14.7,6h 30m,58.7,2.08,20.0,6.0,-41.5,-12.45,32.5,100.0,0.00,0.00
,05/19/2026 18:41,05/20/2026 17:16,GBPUSD,Buy,0.040,0.00000,1.34197,1.33997,1.34218,-0.2200,-0.1000,22.1,6.27,0.31,"",1000,00:22:35:47,27.0,6h 6m,31.7,0.91,22.1,6.63,-20.1,-6.03,52.4,100.0,0.00,0.00
,05/18/2026 12:24,05/18/2026 23:17,EURUSD,Buy,0.040,0.00000,1.16591,1.16391,1.16593,-0.2200,0.0000,20.2,5.79,0.29,"",1000,00:10:53:26,74.2,8h 4m,27.7,0.61,20.2,6.06,-12.3,-3.69,62.2,100.0,0.00,0.00
,05/18/2026 19:06,05/18/2026 19:16,GBPUSD,Buy,0.040,0.00000,1.34491,1.34290,1.34492,-0.2200,0.0000,20.2,5.79,0.29,"",1000,00:00:10:07,100.0,10m,1.3,0.05,20.2,6.06,0.0,0.0,100.0,100.0,0.00,0.00
,05/18/2026 18:37,05/18/2026 19:06,GBPUSD,Buy,0.040,0.00000,1.34287,1.34083,1.34288,-0.2200,0.0000,20.5,5.89,0.29,"",1000,00:00:28:43,55.2,15m,7.7,0.26,20.5,6.1499999999999995,-5.3,-1.5899999999999999,79.5,100.0,0.00,0.00
,05/18/2026 15:26,05/18/2026 18:37,GBPUSD,Buy,0.040,0.00000,1.34083,1.33884,1.34082,-0.2200,0.0000,19.8,5.69,0.28,"",1000,00:03:10:35,79.1,2h 30m,20.1,0.38,19.8,5.94,-7.6,-2.28,72.3,100.0,0.00,0.00
,05/18/2026 12:25,05/18/2026 15:26,GBPUSD,Buy,0.040,0.00000,1.33877,1.33678,1.33881,-0.2200,0.0000,20.3,5.85,0.29,"",1000,00:03:00:59,32.1,58m,21.9,1.01,20.4,6.119999999999999,-20.7,-6.21,49.6,99.8,-0.10,-0.03
,05/18/2026 12:15,,,Deposit,0.000,0.00000,0.00000,0.00000,0.00000,0.0000,0.0000,0.0,2000.00,0,"Paypal-FSA 88123002",0,00:00:00:00,,,,,,,,,,,,
,03/30/2026 12:50,,,Withdrawal,0.000,0.00000,0.00000,0.00000,0.00000,0.0000,0.0000,0.0,-2322.06,0,"AutoTrf 86111040/to GBP13669520",0,00:00:00:00,,,,,,,,,,,,
,03/30/2026 09:08,03/30/2026 12:47,USDCHF,Sell,0.050,0.00000,0.79609,0.79808,0.79968,-0.2800,0.0000,-16.0,-7.84,-0.34,"",2000,00:03:38:41,5.5,12m,24.5,16.50,1.4,0.6579999999999999,-23.1,-10.857,5.7,29.0,-17.40,-8.18
,03/27/2026 16:39,03/30/2026 12:47,USDCHF,Sell,0.050,0.00000,0.79395,0.79594,0.79968,-0.2800,-0.6000,-37.4,-18.54,-0.79,"",2000,02:20:07:46,0.9,36m,49.4,8.88,5.0,2.3499999999999996,-44.4,-20.868,10.1,14.2,-42.40,-19.93
,03/26/2026 23:11,03/30/2026 12:47,USDCHF,Sell,0.050,0.00000,0.79190,0.79351,0.79968,-0.2800,-1.1300,-61.7,-30.55,-1.28,"",2000,03:13:35:36,0.0,0s,68.7,68.97,0.0,0.0,-68.7,-32.289,0.0,10.2,-61.70,-29.00
,03/25/2026 11:26,03/30/2026 12:47,USDCHF,Sell,0.050,0.00000,0.78693,0.78894,0.79968,-0.2800,-2.7100,-107.4,-53.72,-2.21,"",2000,05:01:20:48,1.0,1h 12m,121.3,16.58,6.9,3.243,-114.4,-53.768,5.7,5.8,-114.30,-53.72
,03/23/2026 21:37,03/30/2026 12:47,USDCHF,Sell,0.050,0.00000,0.78302,0.78501,0.79968,-0.2800,-3.7700,-146.7,-73.34,-2.93,"",2000,06:15:10:20,0.0,0s,153.0,153.85,0.0,0.0,-153.0,-71.91,0.0,4.1,-146.70,-68.95
,03/24/2026 22:02,03/30/2026 12:47,EURCHF,Sell,0.050,0.00000,0.91386,0.91587,0.91918,-0.2800,-2.4500,-33.1,-18.36,-0.73,"",2000,05:14:45:12,27.1,1d 12h ,53.3,2.75,14.2,6.6739999999999995,-39.1,-18.377,26.6,11.3,-47.30,-22.23
,03/25/2026 11:12,03/30/2026 12:47,EURCAD,Buy,0.050,0.00000,1.60159,1.59963,1.59925,-0.2800,-0.4900,-3.8,-1.80,-0.07,"",1000,05:01:34:59,5.0,6h 4m,73.9,3.35,17.0,4.59,-56.9,-15.363000000000001,23.0,71.9,-20.80,-5.62
,03/27/2026 14:55,03/27/2026 16:43,EURCAD,Buy,0.050,0.00000,1.59793,1.59592,1.59798,-0.2800,0.0000,20.6,5.31,0.21,"",1000,00:01:47:59,60.2,1h 5m,11.3,0.55,20.6,5.562000000000001,-11.3,-3.0510000000000006,64.6,100.0,0.00,0.00
,03/26/2026 17:19,03/26/2026 18:49,EURCAD,Buy,0.050,0.00000,1.59884,1.59683,1.59885,-0.2800,0.0000,20.2,5.18,0.21,"",1000,00:01:29:49,90.0,1h 20m,7.7,0.15,20.2,5.454,-3.1,-0.8370000000000001,86.7,100.0,0.00,0.00
,03/25/2026 19:25,03/26/2026 12:11,EURCAD,Buy,0.050,0.00000,1.59931,1.59727,1.59931,-0.2800,-0.2700,20.4,4.97,0.20,"",1000,00:16:45:47,63.7,10h 40m,37.4,1.05,20.4,5.508,-21.5,-5.805000000000001,48.7,100.0,0.00,0.00
,03/25/2026 17:16,03/25/2026 17:51,EURCAD,Buy,0.050,0.00000,1.59835,1.59635,1.59834,-0.2800,0.0000,19.9,5.11,0.20,"",1000,00:00:35:04,97.2,34m,6.5,0.02,19.9,5.373,-0.4,-0.10800000000000001,98.0,100.0,0.00,0.00
,03/24/2026 23:24,03/25/2026 11:12,EURCAD,Buy,0.050,0.00000,1.59955,1.59755,1.59955,-0.2800,-0.1000,20.0,5.03,0.20,"",1000,00:11:47:26,64.5,7h 36m,26.9,0.93,20.0,5.4,-18.6,-5.022000000000001,51.8,100.0,0.00,0.00
,03/24/2026 17:27,03/24/2026 23:25,USDCHF,Sell,0.050,0.00000,0.78764,0.78964,0.78764,-0.2800,0.0000,20.0,9.18,0.37,"",2000,00:05:57:31,3.1,11m,29.1,1.39,20.0,9.399999999999999,-27.7,-13.018999999999998,41.9,100.0,0.00,0.00
,03/23/2026 21:36,03/24/2026 23:24,EURCAD,Buy,0.050,0.00000,1.59749,1.59548,1.59750,-0.2800,-0.1000,20.2,5.09,0.20,"",1000,01:01:48:11,1.7,26m,52.7,2.44,20.2,5.454,-49.3,-13.311,29.1,100.0,0.00,0.00
,03/24/2026 14:28,03/24/2026 19:26,EURCAD,Buy,0.050,0.00000,1.59506,1.59306,1.59509,-0.2800,0.0000,20.3,5.23,0.21,"",1000,00:04:57:43,51.7,2h 33m,43.3,1.36,20.3,5.481000000000001,-27.7,-7.479,42.3,100.0,0.00,0.00
,03/24/2026 05:29,03/24/2026 11:06,EURCAD,Buy,0.050,0.00000,1.59541,1.59341,1.59542,-0.2800,0.0000,20.1,5.17,0.21,"",1000,00:05:37:20,37.4,2h 6m,10.3,0.42,20.1,5.4270000000000005,-8.5,-2.295,70.3,100.0,0.00,0.00
,03/23/2026 21:37,03/23/2026 21:42,CADJPY,Sell,0.050,0.00000,115.00700,115.20600,115.26800,-0.2800,0.0000,-6.2,-1.74,-0.07,"",2000,00:00:05:18,0.0,0s,6.2,6.20,0.0,0.0,-6.2,-1.488,0.0,0.0,-6.20,-1.49
,03/23/2026 21:37,03/23/2026 21:42,CADJPY,Sell,0.050,0.00000,115.00600,115.20600,115.26800,-0.2800,0.0000,-6.2,-1.74,-0.07,"",2000,00:00:05:15,0.0,0s,6.2,6.20,0.0,0.0,-6.2,-1.488,0.0,0.0,-6.20,-1.49
,03/23/2026 20:57,03/23/2026 21:37,CADJPY,Sell,0.050,0.00000,115.21000,115.40900,115.21000,-0.2800,0.0000,19.9,4.40,0.18,"",2000,00:00:39:36,97.5,38m,3.8,0.03,20.3,4.872,-0.7,-0.16799999999999998,96.7,98.1,-0.40,-0.10
,03/23/2026 19:51,03/23/2026 21:37,USDCHF,Sell,0.050,0.00000,0.78506,0.78706,0.78503,-0.2800,0.0000,20.3,9.33,0.38,"",2000,00:01:45:32,64.2,1h 7m,12.2,0.38,20.3,9.541,-7.7,-3.6189999999999998,72.5,100.0,0.00,0.00
,03/23/2026 21:12,03/23/2026 21:36,EURCAD,Buy,0.050,0.00000,1.59542,1.59341,1.59543,-0.2800,0.0000,20.2,5.19,0.21,"",1000,00:00:24:34,70.9,17m,6.0,0.29,20.2,5.454,-5.9,-1.5930000000000002,77.4,100.0,0.00,0.00
,03/23/2026 19:51,03/23/2026 21:12,EURCAD,Buy,0.050,0.00000,1.59336,1.59137,1.59336,-0.2800,0.0000,19.9,5.12,0.21,"",1000,00:01:20:39,75.4,1h 0m,11.2,0.47,19.9,5.373,-9.4,-2.5380000000000003,67.9,100.0,0.00,0.00
,03/23/2026 19:51,03/23/2026 20:57,CADJPY,Sell,0.050,0.00000,115.41100,115.61100,115.41100,-0.2800,0.0000,20.0,4.42,0.18,"",2000,00:01:06:01,91.0,1h 0m,4.5,0.15,20.6,4.944,-3.1,-0.744,86.9,97.5,-0.60,-0.14
,03/23/2026 16:58,,,Withdrawal,0.000,0.00000,0.00000,0.00000,0.00000,0.0000,0.0000,0.0,-10000.00,0,"AutoTrf 85784378/to GBP13669520",0,00:00:00:00,,,,,,,,,,,,
,03/18/2026 14:21,03/23/2026 16:51,USDCHF,Sell,0.100,0.00000,0.78346,0.78546,0.78703,-0.5600,-5.3000,-15.7,-20.73,-0.17,"",2000,05:02:29:46,0.0,0s,102.7,103.09,0.0,0.0,-102.7,-97.565,0.0,84.7,-15.70,-14.91
,03/12/2026 12:31,03/23/2026 16:51,USDCHF,Sell,0.100,0.00000,0.77870,0.78070,0.78706,-0.5600,-9.5400,-63.6,-70.33,-0.56,"",2000,11:04:20:04,0.2,32m,150.9,93.46,1.6,1.52,-149.3,-141.835,1.1,56.8,-65.20,-61.94
,03/12/2026 00:07,03/23/2026 16:51,USDCHF,Sell,0.100,0.00000,0.77683,0.77849,0.78707,-0.5600,-9.5400,-85.8,-91.36,-0.72,"",2000,11:16:43:56,0.0,0s,171.4,172.41,0.0,0.0,-171.4,-162.82999999999998,0.0,49.9,-85.80,-81.51
,03/06/2026 20:13,03/23/2026 16:51,USDCHF,Sell,0.100,0.00000,0.77441,0.77639,0.78706,-0.5600,-15.8900,-106.7,-117.50,-0.92,"",2000,16:20:37:45,14.6,2d 11h ,207.1,13.09,14.7,13.964999999999998,-192.4,-182.78,7.1,41.4,-121.40,-115.33
,03/04/2026 13:18,03/23/2026 16:51,EURCAD,Buy,0.100,0.00000,1.59378,1.59181,1.59083,-0.5600,-3.3400,-9.8,-9.23,-0.07,"",1000,19:03:32:56,0.4,1h 50m,306.5,41.15,7.4,3.9960000000000004,-303.8,-164.05200000000002,2.4,94.5,-17.20,-9.29
,03/03/2026 00:20,03/23/2026 16:51,EURCAD,Buy,0.100,0.00000,1.60164,1.59968,1.59080,-0.5600,-3.5600,-88.8,-52.38,-0.41,"",1000,20:16:31:16,0.0,0s,382.5,384.62,0.0,0.0,-382.5,-206.55,0.0,76.8,-88.80,-47.95
,03/02/2026 19:41,03/23/2026 16:51,EURCAD,Buy,0.100,0.00000,1.60607,1.60408,1.59079,-0.5600,-3.7500,-132.9,-76.54,-0.59,"",1000,20:21:09:17,0.0,0s,426.5,434.78,0.0,0.0,-426.5,-230.31,0.0,68.8,-132.90,-71.77
,03/20/2026 12:26,03/23/2026 16:51,CADJPY,Sell,0.120,0.00000,115.45800,115.65700,115.56700,-0.6600,-0.3700,9.0,4.05,0.03,"",2000,03:04:24:30,4.6,3h 30m,81.9,6.65,11.0,6.16,-73.1,-40.936,13.1,97.6,-2.00,-1.12
,03/23/2026 14:15,03/23/2026 15:46,USDCHF,Sell,0.100,0.00000,0.78652,0.78847,0.78652,-0.5600,0.0000,19.5,17.92,0.14,"",2000,00:01:30:57,29.7,27m,29.4,1.02,19.5,18.525,-19.8,-18.81,49.6,100.0,0.00,0.00
,03/23/2026 15:17,03/23/2026 15:23,EURCAD,Buy,0.100,0.00000,1.59047,1.58853,1.59047,-0.5600,0.0000,19.4,9.99,0.08,"",1000,00:00:05:52,100.0,5m,0.4,0.05,19.4,10.475999999999999,0.0,0.0,100.0,100.0,0.00,0.00
,03/23/2026 14:16,03/23/2026 14:35,EURCAD,Buy,0.100,0.00000,1.59011,1.58806,1.59012,-0.5600,0.0000,20.6,10.65,0.08,"",1000,00:00:19:33,42.2,8m,39.5,1.92,20.6,11.124000000000002,-39.5,-21.330000000000002,34.3,100.0,0.00,0.00
,03/23/2026 14:21,03/23/2026 14:25,EURCAD,Buy,0.100,0.00000,1.58755,1.58562,1.58756,-0.5600,0.0000,19.4,10.02,0.08,"",1000,00:00:03:46,,,,,,,,,,,,
,03/23/2026 14:10,03/23/2026 14:11,EURCAD,Buy,0.100,0.00000,1.58825,1.58622,1.58859,-0.5600,0.0000,23.7,12.35,0.10,"",1000,00:00:01:28,,,,,,,,,,,,
,03/20/2026 10:07,03/23/2026 14:07,EURCAD,Buy,0.100,0.00000,1.59067,1.58867,1.59075,-0.5600,-0.1900,20.8,10.56,0.08,"",1000,03:03:59:18,0.3,13m,93.7,4.51,20.8,11.232000000000001,-93.7,-50.598000000000006,18.2,100.0,0.00,0.00
,03/20/2026 23:56,03/23/2026 14:06,CADJPY,Sell,0.120,0.00000,115.79900,115.98500,115.79300,-0.6600,-0.3700,19.2,9.80,0.08,"",2000,02:14:10:22,79.4,2d 1h ,59.1,2.13,19.2,10.752,-40.9,-22.904,31.9,100.0,0.00,0.00
,03/23/2026 11:08,03/23/2026 14:06,USDCHF,Sell,0.100,0.00000,0.78660,0.78857,0.78654,-0.5600,0.0000,20.3,18.67,0.15,"",2000,00:02:58:46,1.2,2m,53.8,2.65,20.3,19.285,-53.8,-51.10999999999999,27.4,100.0,0.00,0.00
,03/20/2026 21:26,03/23/2026 14:05,EURCAD,Buy,0.100,0.00000,1.58813,1.58615,1.58816,-0.5600,-0.1900,20.1,10.20,0.08,"",1000,02:16:39:27,78.4,2d 2h ,86.9,3.46,20.1,10.854000000000001,-69.5,-37.53,22.4,100.0,0.00,0.00
,03/23/2026 14:05,03/23/2026 14:05,USDCHF,Sell,0.100,0.00000,0.78990,0.79189,0.78990,-0.5600,0.0000,19.9,18.30,0.14,"",2000,00:00:00:22,,,,,,,,,,,,
,03/23/2026 14:05,03/23/2026 14:05,EURCAD,Buy,0.100,0.00000,1.58331,1.58145,1.58327,-0.5600,0.0000,18.2,9.40,0.07,"",1000,00:00:00:04,,,,,,,,,,,,
,03/23/2026 06:43,03/23/2026 14:05,CADJPY,Sell,0.120,0.00000,115.99400,116.19400,115.99200,-0.6600,0.0000,20.2,10.78,0.08,"",2000,00:07:22:01,58.2,4h 17m,20.5,0.25,30.3,17.270999999999997,-7.6,-4.332,79.9,73.4,-10.10,-5.76
,03/20/2026 18:23,03/23/2026 01:09,USDCHF,Sell,0.100,0.00000,0.78649,0.78851,0.78825,-0.5600,-1.0700,2.6,0.85,0.01,"",2000,02:06:45:31,97.4,2d 5h ,10.9,0.89,9.9,9.405,-8.8,-8.36,52.9,61.0,-7.30,-6.94
,03/23/2026 00:59,03/23/2026 01:09,EURCAD,Buy,0.100,0.00000,1.58723,1.58536,1.58570,-0.5600,0.0000,3.4,1.30,0.01,"",1000,00:00:09:48,44.5,4m,6.8,2.00,3.4,1.87,-6.8,-3.74,33.3,100.0,0.00,0.00
,03/20/2026 17:45,03/20/2026 18:45,EURCAD,Buy,0.100,0.00000,1.58602,1.58401,1.58603,-0.5600,0.0000,20.2,10.48,0.08,"",1000,00:00:59:53,98.4,58m,17.2,0.18,20.2,11.110000000000001,-3.6,-1.9800000000000002,84.9,100.0,0.00,0.00
,03/19/2026 22:05,03/20/2026 15:36,USDCHF,Sell,0.100,0.00000,0.78556,0.78754,0.78555,-0.5600,-1.0600,19.9,17.28,0.14,"",2000,00:17:31:08,9.6,1h 40m,33.5,1.10,20.0,19.0,-22.0,-20.9,47.6,99.8,-0.10,-0.10
,03/20/2026 13:40,03/20/2026 14:26,EURCAD,Buy,0.100,0.00000,1.58746,1.58547,1.58750,-0.5600,0.0000,20.3,10.49,0.08,"",1000,00:00:45:10,97.9,44m,6.8,0.04,20.3,10.962000000000002,-0.9,-0.48600000000000004,95.8,100.0,0.00,0.00
,03/04/2026 22:58,03/19/2026 22:02,EURCAD,Buy,0.100,0.00000,1.59025,1.58826,1.59026,-0.5600,-2.9700,20.0,7.32,0.06,"",1000,14:23:04:45,0.5,1h 47m,268.3,13.42,20.0,10.8,-268.3,-144.882,6.9,100.0,0.00,0.00
,03/19/2026 04:34,03/19/2026 21:57,USDCHF,Sell,0.100,0.00000,0.78960,0.79160,0.78960,-0.5600,0.0000,20.0,18.32,0.14,"",2000,00:17:22:45,27.3,4h 44m,46.6,2.07,20.0,18.799999999999997,-41.3,-38.821999999999996,32.6,100.0,0.00,0.00
,03/05/2026 22:10,03/19/2026 21:56,EURCAD,Buy,0.100,0.00000,1.58808,1.58614,1.58808,-0.5600,-2.4400,19.4,7.54,0.06,"",1000,13:23:45:50,3.0,10h 4m,258.7,12.74,19.4,10.475999999999999,-247.1,-133.434,7.3,100.0,0.00,0.00
,03/10/2026 11:02,03/19/2026 20:27,EURCAD,Buy,0.100,0.00000,1.58551,1.58351,1.58551,-0.5600,-1.9000,20.0,8.42,0.07,"",1000,09:09:24:54,0.4,54m,206.0,10.31,20.0,10.8,-206.0,-111.24000000000001,8.8,100.0,0.00,0.00
,03/17/2026 21:08,03/19/2026 19:53,EURCAD,Buy,0.100,0.00000,1.58285,1.58085,1.58287,-0.5600,-0.7200,20.2,9.73,0.08,"",1000,01:22:45:26,11.1,5h 11m,105.0,4.36,20.2,11.110000000000001,-88.0,-48.400000000000006,18.7,100.0,0.00,0.00
,03/19/2026 15:35,03/19/2026 16:56,USDCHF,Sell,0.100,0.00000,0.79171,0.79370,0.79169,-0.5600,0.0000,20.1,18.45,0.15,"",2000,00:01:20:35,42.0,33m,9.3,0.30,20.1,19.095,-6.1,-5.794999999999999,76.7,100.0,0.00,0.00
,03/18/2026 16:32,03/19/2026 16:54,EURCAD,Buy,0.100,0.00000,1.58041,1.57841,1.58041,-0.5600,-0.5400,20.0,9.82,0.08,"",1000,01:00:22:14,5.5,1h 20m,73.6,3.18,20.0,11.0,-63.6,-34.980000000000004,23.9,100.0,0.00,0.00
,03/19/2026 00:17,03/19/2026 12:51,EURCAD,Buy,0.100,0.00000,1.57652,1.57454,1.57653,-0.5600,0.0000,19.9,10.35,0.08,"",1000,00:12:34:35,27.2,3h 25m,38.7,1.20,21.2,11.66,-25.4,-13.97,45.5,97.2,-1.30,-0.72
,03/18/2026 19:33,,,Deposit,0.000,0.00000,0.00000,0.00000,0.00000,0.0000,0.0000,0.0,1000.00,0,"SolidPayments-FSA 85521752",0,00:00:00:00,,,,,,,,,,,,
,03/13/2026 12:29,03/17/2026 19:17,USDCHF,Sell,0.100,0.00000,0.78545,0.78742,0.78544,-0.5600,-2.1300,19.8,16.20,0.14,"",2000,04:06:47:54,13.2,13h 34m,60.5,2.41,19.8,18.81,-47.7,-45.315,29.3,100.0,0.00,0.00
,03/10/2026 21:27,03/17/2026 18:11,EURCAD,Buy,0.100,0.00000,1.58114,1.57914,1.58114,-0.5600,-1.1800,20.0,9.19,0.08,"",1000,06:20:44:00,0.8,1h 19m,162.3,8.12,20.0,11.0,-162.3,-89.26500000000001,11.0,100.0,0.00,0.00
,03/16/2026 22:16,03/17/2026 15:09,EURCAD,Buy,0.100,0.00000,1.57809,1.57611,1.57809,-0.5600,-0.1700,19.8,10.11,0.09,"",1000,00:16:53:10,18.4,3h 6m,53.7,2.71,19.8,10.89,-53.7,-29.535000000000004,26.9,100.0,0.00,0.00
,03/17/2026 10:09,03/17/2026 11:39,EURCAD,Buy,0.100,0.00000,1.57459,1.57259,1.57466,-0.5600,0.0000,20.7,10.79,0.09,"",1000,00:01:30:01,93.4,1h 24m,6.9,0.10,20.7,11.385,-2.1,-1.1550000000000002,90.8,100.0,0.00,0.00
,03/13/2026 17:32,03/16/2026 21:24,EURCAD,Buy,0.100,0.00000,1.57406,1.57208,1.57405,-0.5600,-0.1900,19.7,10.06,0.09,"",1000,03:03:51:45,2.9,2h 12m,70.2,3.29,20.7,11.385,-68.1,-37.455,23.3,98.9,-1.00,-0.55
,03/16/2026 00:01,03/16/2026 14:42,USDCHF,Sell,0.100,0.00000,0.78761,0.78875,0.78761,-0.5600,0.0000,11.4,10.34,0.09,"",2000,00:14:40:18,9.9,1h 27m,34.8,3.05,11.4,10.943999999999999,-34.8,-33.407999999999994,24.7,100.0,0.00,0.00
,03/16/2026 00:01,03/16/2026 13:19,EURCAD,Buy,0.100,0.00000,1.57041,1.56985,1.57043,-0.5600,0.0000,5.8,2.63,0.02,"",1000,00:13:17:54,6.6,52m,45.4,7.43,5.8,3.19,-43.1,-23.705000000000002,11.9,100.0,0.00,0.00
,03/16/2026 11:23,03/16/2026 13:15,EURCAD,Buy,0.100,0.00000,1.56963,1.56763,1.56965,-0.5600,0.0000,20.2,10.57,0.09,"",1000,00:01:52:16,69.7,1h 18m,6.2,0.25,20.2,11.110000000000001,-5.0,-2.75,80.2,100.0,0.00,0.00
,03/11/2026 21:30,03/13/2026 16:02,EURCAD,Buy,0.100,0.00000,1.57455,1.57255,1.57455,-0.5600,-0.6500,20.0,9.78,0.08,"",1000,01:18:31:13,2.4,1h 1m,102.8,5.03,20.0,11.0,-100.6,-55.33,16.6,100.0,0.00,0.00
,03/12/2026 16:09,03/13/2026 15:45,EURCAD,Buy,0.100,0.00000,1.57245,1.57045,1.57246,-0.5600,-0.1600,20.1,10.33,0.09,"",1000,00:23:36:22,7.4,1h 44m,87.0,3.26,24.4,13.42,-79.6,-43.78,23.5,95.9,-4.30,-2.36
,03/13/2026 13:50,03/13/2026 15:32,EURCAD,Buy,0.100,0.00000,1.57005,1.56805,1.57009,-0.5600,0.0000,20.4,10.68,0.09,"",1000,00:01:41:43,4.0,4m,23.0,0.97,23.7,13.035,-23.0,-12.65,50.7,92.9,-3.30,-1.82
,03/13/2026 11:34,03/13/2026 13:03,EURCAD,Buy,0.100,0.00000,1.56615,1.56419,1.56613,-0.5600,0.0000,19.4,10.14,0.09,"",1000,00:01:29:02,82.1,1h 13m,13.6,0.45,19.4,10.67,-8.7,-4.785,69.0,100.0,0.00,0.00
,03/12/2026 09:09,03/12/2026 13:05,EURCAD,Buy,0.100,0.00000,1.57085,1.56885,1.57085,-0.5600,0.0000,20.0,10.43,0.09,"",1000,00:03:56:05,29.3,1h 9m,11.4,0.36,20.0,11.0,-7.2,-3.9600000000000004,73.5,100.0,0.00,0.00
,03/11/2026 13:14,03/11/2026 17:01,EURCAD,Buy,0.100,0.00000,1.57654,1.57454,1.57661,-0.5600,0.0000,20.7,10.78,0.09,"",1000,00:03:46:59,38.8,1h 28m,30.2,0.87,20.7,11.385,-18.1,-9.955000000000002,53.4,100.0,0.00,0.00
,03/11/2026 10:15,03/11/2026 13:08,EURCAD,Buy,0.100,0.00000,1.58108,1.57913,1.57409,-0.5600,0.0000,-50.4,-28.23,-0.25,"",1000,00:02:53:15,0.0,0s,65.8,66.23,0.0,0.0,-65.8,-36.190000000000005,0.0,23.4,-50.40,-27.72
,03/10/2026 14:04,03/10/2026 20:17,EURCAD,Buy,0.100,0.00000,1.58257,1.58062,1.58259,-0.5600,0.0000,19.7,10.22,0.09,"",1000,00:06:12:23,10.2,37m,54.9,2.77,19.7,10.835,-54.6,-30.030000000000005,26.5,100.0,0.00,0.00
,03/10/2026 16:05,03/10/2026 16:21,EURCAD,Buy,0.100,0.00000,1.57925,1.57731,1.57925,-0.5600,0.0000,19.4,10.07,0.09,"",1000,00:00:15:19,100.0,15m,3.5,0.05,19.7,10.835,0.0,0.0,100.0,98.5,-0.30,-0.17
,03/06/2026 15:30,03/10/2026 10:51,EURCAD,Buy,0.100,0.00000,1.58206,1.58001,1.58207,-0.5600,-0.3700,20.6,10.34,0.09,"",1000,03:19:21:31,2.4,2h 11m,199.2,9.03,20.6,11.330000000000002,-185.8,-102.19000000000001,10.0,100.0,0.00,0.00
,03/09/2026 10:41,03/10/2026 03:38,USDCHF,Sell,0.100,0.00000,0.77669,0.77868,0.77669,-0.5600,-1.0800,19.9,17.42,0.15,"",2000,00:16:57:34,47.3,8h 1m,24.1,0.85,20.2,19.392,-17.2,-16.512,54.0,99.2,-0.30,-0.29
,03/09/2026 22:37,03/09/2026 22:45,EURCAD,Buy,0.100,0.00000,1.57843,1.57645,1.57851,-0.5600,0.0000,20.6,10.73,0.09,"",1000,00:00:07:54,100.0,7m,4.7,0.05,20.6,11.330000000000002,0.0,0.0,100.0,100.0,0.00,0.00
,03/09/2026 00:03,03/09/2026 22:22,EURCAD,Buy,0.100,0.00000,1.57526,1.57386,1.57523,-0.5600,0.0000,13.7,6.96,0.06,"",1000,00:22:18:40,1.2,16m,124.3,9.07,13.7,7.535,-124.3,-68.36500000000001,9.9,100.0,0.00,0.00
,03/09/2026 00:17,03/09/2026 18:26,EURCAD,Buy,0.100,0.00000,1.57482,1.57284,1.57321,-0.5600,0.0000,3.7,1.47,0.01,"",1000,00:18:09:15,3.3,35m,114.1,9.35,12.2,6.71,-114.1,-62.755,9.7,93.3,-8.50,-4.68
,03/09/2026 17:44,03/09/2026 18:01,EURCAD,Buy,0.100,0.00000,1.57227,1.57028,1.57228,-0.5600,0.0000,20.0,10.44,0.09,"",1000,00:00:17:38,100.0,17m,6.9,0.05,20.0,11.0,0.0,0.0,100.0,100.0,0.00,0.00
,03/09/2026 01:15,03/09/2026 16:30,EURCAD,Buy,0.100,0.00000,1.56995,1.56800,1.57007,-0.5600,0.0000,20.7,10.85,0.10,"",1000,00:15:15:09,4.9,44m,71.7,3.01,22.3,12.265,-67.1,-36.905,24.9,98.2,-1.60,-0.88
,03/09/2026 14:11,03/09/2026 15:27,EURCAD,Buy,0.100,0.00000,1.56794,1.56593,1.56794,-0.5600,0.0000,20.1,10.54,0.09,"",1000,00:01:15:23,34.3,25m,21.4,1.06,20.1,11.055000000000001,-21.4,-11.77,48.4,100.0,0.00,0.00
,03/09/2026 11:42,03/09/2026 12:08,EURCAD,Buy,0.100,0.00000,1.56629,1.56429,1.56629,-0.5600,0.0000,20.0,10.50,0.09,"",1000,00:00:25:58,100.0,25m,6.1,0.05,20.0,11.0,0.0,0.0,100.0,100.0,0.00,0.00
,03/09/2026 10:08,03/09/2026 10:39,EURCAD,Buy,0.100,0.00000,1.56734,1.56538,1.56736,-0.5600,0.0000,19.8,10.39,0.09,"",1000,00:00:31:41,45.2,14m,16.0,0.58,19.8,10.89,-11.5,-6.325,63.3,100.0,0.00,0.00
,03/09/2026 08:03,03/09/2026 09:03,USDCHF,Sell,0.100,0.00000,0.77846,0.78045,0.77913,-0.5600,0.0000,13.2,12.15,0.11,"",2000,00:01:00:23,100.0,1h 0m,11.5,0.05,18.9,18.144,0.0,0.0,100.0,69.8,-5.70,-5.47
,03/09/2026 00:12,03/09/2026 09:02,GBPCHF,Sell,0.100,0.00000,1.03605,1.03803,1.03816,-0.5600,0.0000,-1.3,-1.81,-0.02,"",2000,00:08:50:10,0.6,3m,20.1,22.37,0.9,0.864,-20.1,-19.296,4.3,89.5,-2.20,-2.11
,03/09/2026 00:49,03/09/2026 09:02,GBPCHF,Sell,0.100,0.00000,1.03469,1.03835,1.03817,-0.5600,0.0000,1.8,1.17,0.01,"",2000,00:08:13:12,9.4,46m,16.9,4.12,4.1,3.9359999999999995,-16.9,-16.223999999999997,19.5,89.0,-2.30,-2.21
,03/09/2026 08:21,03/09/2026 08:22,EURCAD,Buy,0.100,0.00000,1.56532,1.56333,1.56531,-0.5600,0.0000,19.8,10.41,0.09,"",1000,00:00:00:38,,,,,,,,,,,,
,03/09/2026 00:05,03/09/2026 07:53,GBPCHF,Sell,0.100,0.00000,1.03845,1.03976,1.03845,-0.5600,0.0000,13.1,12.05,0.11,"",2000,00:07:47:28,81.2,6h 19m,16.6,0.20,13.8,13.248,-2.8,-2.6879999999999997,83.1,95.8,-0.70,-0.67
,03/04/2026 06:52,03/09/2026 07:53,GBPCHF,Sell,0.100,0.00000,1.03845,1.04047,1.03845,-0.5600,-7.9300,20.2,10.96,0.10,"",2000,05:01:00:27,11.3,13h 40m,68.8,3.17,20.8,19.968,-66.0,-63.36,24.0,99.3,-0.60,-0.58
,03/09/2026 01:16,03/09/2026 01:21,EURCAD,Buy,0.100,0.00000,1.56728,1.56483,1.56724,-0.5600,0.0000,24.1,12.76,0.11,"",1000,00:00:04:36,100.0,4m,0.0,0.04,24.1,13.255000000000003,0.0,0.0,100.0,100.0,0.00,0.00
,03/02/2026 15:14,03/06/2026 20:13,USDCHF,Sell,0.100,0.00000,0.77645,0.77845,0.77644,-0.5600,-6.3200,20.1,12.44,0.11,"",2000,04:04:59:28,5.0,5h 2m,102.7,4.51,20.1,19.296,-90.7,-87.072,18.1,100.0,0.00,0.00
,03/06/2026 15:30,03/06/2026 17:00,USDCHF,Sell,0.100,0.00000,0.77874,0.77931,0.77873,-0.5600,0.0000,5.8,5.01,0.04,"",2000,00:01:30:58,1.2,1m,31.1,5.36,5.8,5.568,-31.1,-29.856,15.7,100.0,0.00,0.00
,03/06/2026 00:05,03/06/2026 16:50,GBPCHF,Sell,0.100,0.00000,1.03920,1.04110,1.04071,-0.5600,0.0000,3.9,3.19,0.03,"",2000,00:16:44:35,1.0,10m,38.0,6.04,5.4,5.184,-32.6,-31.296,14.2,96.1,-1.50,-1.44
,03/05/2026 22:11,03/06/2026 09:49,USDCHF,Sell,0.100,0.00000,0.77975,0.78176,0.77973,-0.5600,-1.0500,20.3,17.87,0.16,"",2000,00:11:37:50,91.2,10h 36m,19.4,0.96,20.3,19.488,-19.4,-18.624,51.1,100.0,0.00,0.00
,03/05/2026 08:50,03/05/2026 19:49,EURCAD,Buy,0.100,0.00000,1.58735,1.58537,1.58736,-0.5600,0.0000,19.9,10.34,0.09,"",1000,00:10:59:44,14.2,1h 33m,52.7,2.00,19.9,10.945,-39.8,-21.89,33.3,100.0,0.00,0.00
,03/05/2026 16:03,03/05/2026 18:12,EURCAD,Buy,0.100,0.00000,1.58539,1.58339,1.58542,-0.5600,0.0000,20.3,10.57,0.09,"",1000,00:02:09:05,17.1,22m,20.0,0.99,20.3,11.165000000000001,-20.0,-11.0,50.4,100.0,0.00,0.00
,03/04/2026 17:52,03/05/2026 05:36,GBPCHF,Sell,0.100,0.00000,1.04076,1.04271,1.04076,-0.5600,-4.7400,19.5,13.44,0.12,"",2000,00:11:44:23,89.0,10h 26m,18.8,0.73,23.3,22.368,-16.9,-16.223999999999997,58.0,90.5,-3.80,-3.65
,03/04/2026 12:08,03/04/2026 18:07,USDCHF,Sell,0.100,0.00000,0.77948,0.78148,0.77948,-0.5600,0.0000,20.0,18.63,0.17,"",2000,00:05:58:51,79.7,4h 46m,24.6,0.98,20.2,19.392,-19.7,-18.912,50.6,99.5,-0.20,-0.19
,03/04/2026 12:17,03/04/2026 14:26,GBPCHF,Sell,0.100,0.00000,1.04312,1.04513,1.04312,-0.5600,0.0000,20.1,18.71,0.17,"",2000,00:02:09:39,39.6,51m,25.2,0.99,20.1,19.296,-19.8,-19.008,50.4,100.0,0.00,0.00
,03/03/2026 16:33,03/04/2026 12:24,EURCAD,Buy,0.100,0.00000,1.59005,1.58805,1.59005,-0.5600,-0.2200,20.0,10.16,0.09,"",1000,00:19:51:09,14.8,2h 56m,56.8,2.05,20.0,11.0,-40.9,-22.495,32.8,100.0,0.00,0.00
,03/03/2026 18:46,03/04/2026 09:07,USDCHF,Sell,0.100,0.00000,0.77990,0.78190,0.77990,-0.5600,-1.0800,20.0,17.58,0.16,"",2000,00:14:20:55,52.5,7h 31m,32.7,1.64,20.0,19.2,-32.7,-31.392000000000003,38.0,100.0,0.00,0.00
,03/02/2026 15:21,03/04/2026 06:52,GBPCHF,Sell,0.100,0.00000,1.04047,1.04248,1.04047,-0.5600,-3.1800,20.1,15.58,0.14,"",2000,01:15:31:14,14.8,5h 50m,56.0,2.03,20.1,19.296,-40.7,-39.072,33.1,100.0,0.00,0.00
,03/04/2026 00:05,03/04/2026 02:07,GBPCHF,Sell,0.100,0.00000,1.04204,1.04531,1.04348,-0.5600,0.0000,18.3,16.98,0.15,"",2000,00:02:02:24,100.0,2h 2m,28.4,0.03,32.2,30.912000000000003,0.0,0.0,100.0,56.8,-13.90,-13.34
,03/03/2026 18:55,03/03/2026 20:59,EURCAD,Buy,0.100,0.00000,1.58774,1.58575,1.58774,-0.5600,0.0000,19.9,10.34,0.09,"",1000,00:02:03:05,7.3,8m,25.2,1.05,19.9,10.945,-20.9,-11.495000000000001,48.8,100.0,0.00,0.00
,03/03/2026 14:17,03/03/2026 18:05,USDCHF,Sell,0.100,0.00000,0.78381,0.78573,0.78381,-0.5600,0.0000,19.2,17.84,0.16,"",2000,00:03:48:08,73.3,2h 47m,20.5,1.07,19.2,18.432,-20.5,-19.68,48.4,100.0,0.00,0.00
,03/03/2026 13:20,03/03/2026 16:59,GBPCHF,Sell,0.100,0.00000,1.04256,1.04460,1.04256,-0.5600,0.0000,20.4,19.01,0.17,"",2000,00:03:39:04,16.9,37m,19.0,0.93,20.4,19.584,-19.0,-18.24,51.8,100.0,0.00,0.00
,02/06/2026 18:11,03/03/2026 16:36,AUDUSD,Sell,0.100,0.00000,0.69911,0.70111,0.69961,-0.5600,-5.6700,15.0,5.05,0.05,"",2000,24:22:25:08,0.2,1h 11m,133.5,8.83,15.0,11.25,-132.5,-99.375,10.2,100.0,0.00,0.00
,03/03/2026 16:18,,,Deposit,0.000,0.00000,0.00000,0.00000,0.00000,0.0000,0.0000,0.0,500.00,0,"SolidPayments-FSA 84787865",0,00:00:00:00,,,,,,,,,,,,
,02/20/2026 14:00,03/03/2026 12:33,AUDUSD,Sell,0.100,0.00000,0.70259,0.70460,0.70258,-0.5600,-2.2400,20.2,12.39,0.12,"",2000,10:22:33:12,2.1,5h 30m,106.7,4.42,20.2,15.149999999999999,-89.2,-66.9,18.5,100.0,0.00,0.00
,03/02/2026 17:36,03/03/2026 11:26,AUDUSD,Sell,0.100,0.00000,0.70472,0.70675,0.70472,-0.5600,-0.2500,20.3,14.46,0.14,"",2000,00:17:50:25,8.0,1h 25m,61.5,2.59,20.3,15.225000000000001,-52.5,-39.375,27.9,100.0,0.00,0.00
,03/03/2026 03:58,03/03/2026 08:07,AUDUSD,Sell,0.100,0.00000,0.70824,0.71022,0.70821,-0.5600,0.0000,20.1,14.49,0.14,"",2000,00:04:08:34,21.7,53m,25.8,0.96,20.1,15.075000000000001,-19.2,-14.399999999999999,51.1,100.0,0.00,0.00
,03/02/2026 16:34,03/02/2026 19:41,EURCAD,Buy,0.100,0.00000,1.60401,1.60200,1.60403,-0.5600,0.0000,20.3,10.49,0.10,"",1000,00:03:07:11,5.9,11m,23.2,0.97,20.3,10.962000000000002,-19.6,-10.584000000000001,50.9,100.0,0.00,0.00
,03/02/2026 15:16,03/02/2026 16:34,EURCAD,Buy,0.100,0.00000,1.60196,1.59987,1.60198,-0.5600,0.0000,21.1,10.95,0.10,"",1000,00:01:18:00,52.6,41m,25.9,0.42,21.1,11.605000000000002,-8.8,-4.840000000000001,70.6,100.0,0.00,0.00
,03/02/2026 14:10,03/02/2026 14:55,AUDUSD,Sell,0.100,0.00000,0.70573,0.70775,0.70573,-0.5600,0.0000,20.2,14.52,0.14,"",2000,00:00:45:08,2.3,1m,12.5,0.62,20.2,15.149999999999999,-12.5,-9.375,61.8,100.0,0.00,0.00
,03/02/2026 01:25,03/02/2026 10:22,AUDUSD,Sell,0.100,0.00000,0.70460,0.70659,0.70453,-0.5600,0.0000,20.6,14.89,0.14,"",2000,00:08:57:33,21.7,1h 56m,65.7,2.46,20.6,15.450000000000001,-50.6,-37.95,28.9,100.0,0.00,0.00
,03/02/2026 06:23,03/02/2026 08:00,AUDUSD,Sell,0.100,0.00000,0.70760,0.70960,0.70761,-0.5600,0.0000,19.9,14.28,0.14,"",2000,00:01:37:07,18.6,18m,20.5,1.03,19.9,14.924999999999999,-20.5,-15.375,49.3,100.0,0.00,0.00
,02/27/2026 20:21,03/02/2026 00:01,AUDUSD,Buy,0.100,0.00000,0.00000,0.71121,0.70376,-0.5600,-0.2500,-74.5,54.71,0.52,"",2000,02:03:39:10,8.7,4h 29m,83.1,8.67,8.6,-6.449999999999999,-74.5,55.875,10.3,0.0,-83.10,62.32
,02/26/2026 17:22,03/02/2026 00:01,AUDUSD,Buy,0.100,0.00000,0.00000,0.70760,0.70376,-0.5600,-0.5000,-38.4,27.56,0.26,"",2000,03:06:38:40,99.5,3d 6h ,93.4,0.70,55.0,-41.25,-38.4,28.799999999999997,58.9,0.0,-93.40,70.05
,02/27/2026 12:01,02/27/2026 15:37,AUDUSD,Sell,0.100,0.00000,0.70921,0.71121,0.70917,-0.5600,0.0000,20.4,14.61,0.14,"",2000,00:03:36:23,69.0,2h 29m,12.0,0.31,20.4,15.095999999999998,-6.4,-4.736,76.1,100.0,0.00,0.00
,02/26/2026 04:40,02/26/2026 17:13,AUDUSD,Sell,0.100,0.00000,0.70960,0.71160,0.70957,-0.5600,0.0000,20.3,14.43,0.14,"",2000,00:12:33:09,23.0,2h 53m,20.8,0.95,20.3,15.022,-19.3,-14.282,51.3,100.0,0.00,0.00
,02/25/2026 10:31,02/25/2026 13:16,AUDUSD,Sell,0.100,0.00000,0.70759,0.70958,0.70759,-0.5600,0.0000,19.9,14.18,0.14,"",2000,00:02:44:51,31.6,52m,13.1,0.66,19.9,14.725999999999999,-13.1,-9.693999999999999,60.3,100.0,0.00,0.00
,02/24/2026 13:59,02/24/2026 15:01,EURJPY,Buy,0.100,0.00000,183.83600,183.63800,183.62000,-0.5600,0.0000,-1.8,-1.42,-0.01,"",1000,00:01:01:43,17.8,10m,29.2,2.74,7.8,3.7439999999999998,-21.4,-10.271999999999998,26.7,67.1,-9.60,-4.61
,02/24/2026 10:22,02/24/2026 15:01,EURJPY,Buy,0.100,0.00000,184.27700,184.06800,183.61700,-0.5600,0.0000,-45.1,-22.01,-0.21,"",1000,00:04:39:04,2.9,8m,75.4,5.85,11.0,5.279999999999999,-64.4,-30.912000000000003,14.6,25.6,-56.10,-26.93
,02/20/2026 17:33,02/24/2026 13:38,AUDUSD,Sell,0.100,0.00000,0.70473,0.70672,0.70472,-0.5600,-0.5000,20.0,13.77,0.13,"",2000,03:20:04:47,21.2,19h 31m,47.2,2.23,20.0,14.8,-44.6,-33.004,31.0,100.0,0.00,0.00
,02/24/2026 09:50,02/24/2026 10:22,EURJPY,Buy,0.100,0.00000,184.06900,183.86100,184.07600,-0.5600,0.0000,21.5,9.65,0.09,"",1000,00:00:31:41,3.2,1m,132.3,6.15,21.5,10.104999999999999,-132.3,-62.181000000000004,14.0,100.0,0.00,0.00
,02/24/2026 09:29,02/24/2026 09:50,EURJPY,Buy,0.100,0.00000,183.83600,183.63600,183.85100,-0.5600,0.0000,21.5,9.66,0.09,"",1000,00:00:21:41,4.8,1m,100.9,4.69,21.5,10.32,-100.9,-48.432,17.6,100.0,0.00,0.00
,02/24/2026 09:13,02/24/2026 09:29,EURJPY,Buy,0.100,0.00000,183.63000,183.43300,183.63100,-0.5600,0.0000,19.8,8.86,0.09,"",1000,00:00:15:29,6.3,58s,78.9,3.99,19.8,9.504,-78.9,-37.872,20.1,100.0,0.00,0.00
,02/24/2026 09:12,02/24/2026 09:13,EURJPY,Buy,0.100,0.00000,183.42100,183.21900,183.42500,-0.5600,0.0000,20.6,9.25,0.09,"",1000,00:00:01:10,,,,,,,,,,,,
,02/11/2026 15:33,02/24/2026 09:12,EURJPY,Buy,0.100,0.00000,183.21600,183.00300,183.21800,-0.5600,2.7700,21.5,12.46,0.12,"",1000,12:17:38:56,0.4,1h 13m,216.7,10.08,21.5,10.32,-216.7,-104.01599999999999,9.0,100.0,0.00,0.00
,02/20/2026 19:30,02/24/2026 09:05,EURJPY,Buy,0.100,0.00000,182.88300,182.68300,182.88600,-0.5600,0.4000,20.3,9.54,0.09,"",1000,03:13:34:30,66.4,2d 8h ,79.0,3.34,20.3,9.744,-67.7,-32.496,23.1,100.0,0.00,0.00
,02/24/2026 01:57,02/24/2026 03:22,EURJPY,Buy,0.100,0.00000,182.61200,182.41400,182.61700,-0.5600,0.0000,20.3,9.15,0.09,"",1000,00:01:24:57,27.1,23m,19.9,0.98,20.3,9.744,-19.9,-9.552,50.5,100.0,0.00,0.00
,02/23/2026 20:07,02/23/2026 20:28,EURJPY,Buy,0.100,0.00000,182.40100,182.20100,182.40100,-0.5600,0.0000,20.0,9.02,0.09,"",1000,00:00:21:33,4.8,1m,19.4,0.97,20.0,9.6,-19.4,-9.312,50.8,100.0,0.00,0.00
,02/23/2026 03:34,02/23/2026 08:49,EURJPY,Buy,0.100,0.00000,182.57900,182.37900,182.57900,-0.5600,0.0000,20.0,9.02,0.09,"",1000,00:05:14:31,55.6,2h 54m,21.6,0.98,20.0,9.6,-19.6,-9.408,50.5,100.0,0.00,0.00
,02/23/2026 02:46,02/23/2026 04:50,AUDUSD,Sell,0.100,0.00000,0.70714,0.70912,0.70714,-0.5600,0.0000,19.8,14.08,0.14,"",2000,00:02:04:03,50.0,1h 2m,20.6,1.04,19.8,14.652000000000001,-20.6,-15.244000000000002,49.0,100.0,0.00,0.00
,02/20/2026 17:02,02/20/2026 17:06,AUDUSD,Sell,0.100,0.00000,0.70474,0.70674,0.70474,-0.5600,0.0000,20.0,14.30,0.14,"",2000,00:00:03:29,,,,,,,,,,,,
,02/20/2026 13:55,02/20/2026 15:53,EURJPY,Buy,0.100,0.00000,182.89300,182.69400,182.89300,-0.5600,0.0000,19.9,8.94,0.09,"",1000,00:01:58:04,17.8,21m,20.1,1.01,19.9,9.552,-20.1,-9.648,49.8,100.0,0.00,0.00
,02/19/2026 11:01,02/20/2026 11:01,EURJPY,Buy,0.100,0.00000,183.00300,182.80300,183.00300,-0.5600,0.2000,20.0,9.19,0.09,"",1000,01:00:00:21,3.9,56m,84.5,3.82,20.0,9.6,-76.4,-36.672000000000004,20.7,100.0,0.00,0.00
,02/20/2026 03:00,02/20/2026 10:36,EURJPY,Buy,0.100,0.00000,182.77500,182.57500,182.77500,-0.5600,0.0000,20.0,9.01,0.09,"",1000,00:07:36:54,12.5,57m,41.8,1.70,20.0,9.6,-33.9,-16.272,37.1,100.0,0.00,0.00
,02/19/2026 19:01,02/20/2026 03:50,AUDUSD,Sell,0.100,0.00000,0.70274,0.70473,0.70272,-0.5600,-0.2500,20.1,14.14,0.14,"",2000,00:08:48:38,3.8,20m,17.5,0.69,20.1,14.874,-13.9,-10.286,59.1,100.0,0.00,0.00
,02/19/2026 17:03,02/20/2026 01:41,EURJPY,Buy,0.100,0.00000,182.66700,182.46700,182.67300,-0.5600,0.2000,20.6,9.50,0.09,"",1000,00:08:38:32,23.0,1h 59m,38.3,1.25,20.6,9.888,-25.8,-12.384,44.4,100.0,0.00,0.00
,02/19/2026 06:46,02/19/2026 16:35,AUDUSD,Sell,0.100,0.00000,0.70307,0.70508,0.70304,-0.5600,0.0000,20.4,14.62,0.14,"",2000,00:09:49:16,27.6,2h 42m,34.3,1.41,20.4,15.095999999999998,-28.8,-21.312,41.5,100.0,0.00,0.00
,02/19/2026 15:33,02/19/2026 16:27,EURJPY,Buy,0.100,0.00000,182.41800,182.21800,182.42300,-0.5600,0.0000,20.5,9.26,0.09,"",1000,00:00:54:30,1.9,1m,18.1,0.88,20.5,9.84,-18.1,-8.688,53.1,100.0,0.00,0.00
,02/19/2026 04:49,02/19/2026 05:33,EURJPY,Buy,0.100,0.00000,182.94600,182.74600,182.95200,-0.5600,0.0000,20.6,9.28,0.09,"",1000,00:00:44:09,57.8,25m,27.3,0.88,20.6,9.888,-18.2,-8.735999999999999,53.1,100.0,0.00,0.00
,02/11/2026 15:39,02/19/2026 04:02,EURJPY,Buy,0.100,0.00000,182.82500,182.63200,182.82600,-0.5600,2.1700,19.4,10.88,0.11,"",1000,07:12:23:19,0.5,54m,195.6,9.26,19.4,9.312,-179.6,-86.208,9.7,100.0,0.00,0.00
,02/12/2026 14:49,02/19/2026 03:34,EURJPY,Buy,0.100,0.00000,182.62500,182.42700,182.62500,-0.5600,1.4800,19.8,10.40,0.10,"",1000,06:12:45:17,3.7,5h 47m,161.0,8.04,19.8,9.504,-159.1,-76.368,11.1,100.0,0.00,0.00
,02/18/2026 04:18,02/18/2026 20:43,AUDUSD,Sell,0.100,0.00000,0.70501,0.70698,0.70501,-0.5600,0.0000,19.7,14.02,0.14,"",2000,00:16:24:59,43.2,7h 5m,21.9,0.54,19.7,14.578,-10.7,-7.917999999999999,64.8,100.0,0.00,0.00
,02/18/2026 16:15,02/18/2026 16:27,EURJPY,Buy,0.100,0.00000,182.31300,182.12000,182.31900,-0.5600,0.0000,19.9,8.97,0.09,"",1000,00:00:12:07,8.4,1m,15.7,0.79,19.9,9.552,-15.7,-7.536,55.9,100.0,0.00,0.00
,02/18/2026 09:54,02/18/2026 15:37,EURJPY,Buy,0.100,0.00000,182.09800,181.89800,182.09800,-0.5600,0.0000,20.0,9.02,0.09,"",1000,00:05:43:22,48.7,2h 47m,22.0,0.91,20.0,9.6,-18.1,-8.688,52.5,100.0,0.00,0.00
,02/17/2026 03:15,02/18/2026 04:05,EURJPY,Buy,0.100,0.00000,181.83400,181.63700,181.84400,-0.5600,0.2200,20.7,9.61,0.10,"",1000,01:00:50:34,21.9,5h 26m,80.1,3.87,20.7,9.936,-80.1,-38.44799999999999,20.5,100.0,0.00,0.00
,02/13/2026 13:09,02/17/2026 16:54,AUDUSD,Sell,0.100,0.00000,0.70385,0.70586,0.70385,-0.5600,-0.5000,20.1,13.80,0.14,"",2000,04:03:44:31,6.3,6h 17m,47.7,1.86,20.1,14.874,-37.3,-27.601999999999997,35.0,100.0,0.00,0.00
,02/17/2026 09:58,02/17/2026 16:04,EURJPY,Buy,0.100,0.00000,181.34800,181.14900,181.34900,-0.5600,0.0000,20.0,9.08,0.09,"",1000,00:06:05:59,44.3,2h 42m,39.2,1.57,20.0,9.6,-31.3,-15.024,39.0,100.0,0.00,0.00
,02/16/2026 17:54,02/17/2026 01:51,EURJPY,Buy,0.100,0.00000,182.10300,181.90200,182.11100,-0.5600,0.2200,20.9,9.64,0.10,"",1000,00:07:57:21,57.5,4h 34m,26.9,0.83,20.9,10.031999999999998,-17.3,-8.304,54.7,100.0,0.00,0.00
,02/13/2026 14:00,02/16/2026 11:32,EURJPY,Buy,0.100,0.00000,182.09300,181.89700,182.09500,-0.5600,0.2200,19.8,9.11,0.09,"",1000,02:21:31:56,1.6,1h 6m,83.1,3.99,19.8,9.504,-78.9,-37.872,20.1,100.0,0.00,0.00
,02/13/2026 17:53,02/16/2026 06:46,EURJPY,Buy,0.100,0.00000,181.72400,181.53000,181.72600,-0.5600,0.2200,19.6,9.04,0.09,"",1000,02:12:52:29,6.5,3h 57m,65.0,1.85,22.8,10.943999999999999,-42.2,-20.256,35.1,95.1,-3.20,-1.54
,02/16/2026 02:08,02/16/2026 05:46,EURJPY,Buy,0.100,0.00000,181.66100,181.46100,181.66200,-0.5600,0.0000,20.1,9.07,0.09,"",1000,00:03:38:08,73.4,2h 40m,22.6,1.12,20.1,9.648,-22.6,-10.848,47.1,100.0,0.00,0.00
,02/13/2026 16:44,02/13/2026 17:10,EURJPY,Buy,0.100,0.00000,181.65500,181.45500,181.65800,-0.5600,0.0000,20.3,9.16,0.09,"",1000,00:00:26:01,100.0,26m,19.9,0.03,34.9,16.752,0.0,0.0,100.0,58.2,-14.60,-7.01
,02/13/2026 10:01,02/13/2026 10:45,EURJPY,Buy,0.100,0.00000,182.18700,181.98700,182.18800,-0.5600,0.0000,20.1,9.05,0.09,"",1000,00:00:43:37,2.3,1m,19.7,0.98,20.1,9.648,-19.7,-9.456,50.5,100.0,0.00,0.00
,02/13/2026 03:07,02/13/2026 09:08,EURJPY,Buy,0.100,0.00000,181.94100,181.75400,181.94100,-0.5600,0.0000,18.7,8.40,0.08,"",1000,00:06:00:36,32.5,1h 57m,54.3,2.40,18.7,8.975999999999999,-44.8,-21.503999999999998,29.4,100.0,0.00,0.00
,02/10/2026 02:35,02/13/2026 08:35,AUDUSD,Sell,0.100,0.00000,0.70586,0.70785,0.70582,-0.5600,-1.2100,20.3,13.16,0.13,"",2000,03:05:59:36,24.7,19h 15m,79.9,3.27,20.3,15.022,-66.4,-49.136,23.4,100.0,0.00,0.00
,02/12/2026 18:40,02/13/2026 03:03,EURJPY,Buy,0.100,0.00000,181.56200,181.36200,181.56800,-0.5600,0.2300,20.6,9.56,0.10,"",1000,00:08:23:06,37.0,3h 6m,74.2,2.14,23.6,11.328,-50.6,-24.288,31.8,96.0,-3.00,-1.44
,02/12/2026 18:32,02/12/2026 18:37,EURJPY,Buy,0.100,0.00000,181.21400,181.01400,181.22400,-0.5600,0.0000,21.0,9.53,0.10,"",1000,00:00:05:25,100.0,5m,57.2,0.01,78.2,37.536,0.0,0.0,100.0,26.9,-57.20,-27.46
,02/12/2026 18:14,02/12/2026 18:18,USDCAD,Buy,0.100,0.00000,1.36419,1.36220,1.36221,-0.5600,0.0000,0.1,-0.51,-0.01,"",1000,00:00:04:03,25.0,1m,35.8,370.37,0.1,0.05,-35.8,-17.9,0.3,100.0,0.00,0.00
,02/11/2026 23:00,02/12/2026 18:15,AUDUSD,Sell,0.100,0.00000,0.71024,0.71224,0.71023,-0.5600,-0.7300,20.1,13.46,0.13,"",2000,00:19:14:59,33.8,6h 30m,35.2,1.12,20.1,14.673,-22.5,-16.425,47.2,100.0,0.00,0.00
,02/12/2026 17:37,02/12/2026 18:14,USDCAD,Buy,0.100,0.00000,1.36216,1.36017,1.36217,-0.5600,0.0000,20.0,10.21,0.10,"",1000,00:00:37:23,2.8,1m,33.8,1.69,20.0,10.8,-33.8,-18.252,37.2,100.0,0.00,0.00
,02/11/2026 18:44,02/12/2026 17:37,USDCAD,Buy,0.100,0.00000,1.36013,1.35815,1.36015,-0.5600,0.4300,20.0,10.64,0.11,"",1000,00:22:53:18,14.2,3h 15m,59.2,0.96,30.2,16.308,-29.0,-15.66,51.0,82.8,-10.20,-5.51
,02/12/2026 00:01,02/12/2026 14:10,EURJPY,Buy,0.100,0.00000,182.24100,182.31400,182.24000,-0.5600,0.0000,-7.4,-4.10,-0.04,"",1000,00:14:08:31,0.0,0s,144.7,144.93,0.0,0.0,-144.7,-69.45599999999999,0.0,94.9,-7.40,-3.55
,02/12/2026 01:49,02/12/2026 13:59,EURJPY,Buy,0.100,0.00000,182.21000,182.01600,182.21300,-0.5600,0.0000,19.7,8.85,0.09,"",1000,00:12:09:17,4.6,33m,125.0,5.83,19.7,9.456,-114.9,-55.152,14.6,100.0,0.00,0.00
,02/12/2026 09:41,02/12/2026 13:07,EURJPY,Buy,0.100,0.00000,181.89800,181.69800,181.89900,-0.5600,0.0000,20.1,9.06,0.09,"",1000,00:03:25:45,50.5,1h 43m,40.8,0.87,21.8,10.464,-19.0,-9.12,53.4,95.8,-1.70,-0.82
,02/12/2026 08:41,02/12/2026 08:45,EURJPY,Buy,0.100,0.00000,181.94500,181.74700,181.95700,-0.5600,0.0000,21.0,9.49,0.10,"",1000,00:00:03:21,,,,,,,,,,,,
,02/12/2026 08:15,02/12/2026 08:17,EURJPY,Buy,0.100,0.00000,181.90900,181.71100,181.91400,-0.5600,0.0000,20.3,9.16,0.09,"",1000,00:00:01:39,,,,,,,,,,,,
,02/12/2026 07:08,02/12/2026 07:39,EURJPY,Buy,0.100,0.00000,181.64200,181.44300,181.65300,-0.5600,0.0000,21.0,9.51,0.10,"",1000,00:00:31:08,3.3,1m,50.1,2.39,21.0,10.08,-50.1,-24.048,29.5,100.0,0.00,0.00
,02/12/2026 05:51,02/12/2026 06:54,EURJPY,Buy,0.100,0.00000,181.26300,181.06500,181.26700,-0.5600,0.0000,20.2,9.14,0.09,"",1000,00:01:02:53,30.2,18m,41.9,0.90,22.1,10.608,-19.8,-9.504,52.7,95.5,-1.90,-0.91
,02/11/2026 19:49,02/11/2026 22:47,EURJPY,Buy,0.100,0.00000,181.85100,181.65400,181.85400,-0.5600,0.0000,20.0,9.02,0.09,"",1000,00:02:57:45,30.9,54m,55.2,1.28,24.2,11.616,-31.0,-14.879999999999999,43.8,92.4,-4.20,-2.02
,02/11/2026 21:27,02/11/2026 22:30,GBPCAD,Sell,1.000,0.00000,0.00000,1.84906,1.84987,-5.5000,0.0000,-8.1,-49.29,-0.50,"",0,00:01:03:27,15.9,10m,13.0,6.50,2.0,10.82,-13.0,-70.33,13.3,32.7,-10.10,-54.64
,02/11/2026 19:40,02/11/2026 20:12,USDCAD,Sell,1.000,0.00000,0.00000,1.35543,1.35630,-5.5000,0.0000,-8.7,-52.51,-0.53,"",0,00:00:31:44,0.0,0s,26.8,26.81,0.0,0.0,-26.8,-144.72000000000003,0.0,67.5,-8.70,-46.98
,02/11/2026 17:39,02/11/2026 18:01,EURJPY,Buy,0.100,0.00000,182.22100,182.02100,182.22200,-0.5600,0.0000,20.1,9.04,0.09,"",1000,00:00:21:44,68.2,14m,40.9,0.36,30.1,14.448,-10.8,-5.184,73.6,75.6,-10.00,-4.80
,02/11/2026 17:30,02/11/2026 17:31,USDCAD,Buy,0.100,0.00000,1.36356,1.36157,1.36164,-0.5600,0.0000,0.7,-0.18,0.00,"",1000,00:00:00:43,,,,,,,,,,,,
,02/09/2026 16:15,02/11/2026 17:30,USDCAD,Buy,0.100,0.00000,1.36153,1.35953,1.36154,-0.5600,0.2800,20.1,10.54,0.11,"",1000,02:01:15:04,1.7,50m,107.0,4.50,20.1,10.854000000000001,-90.4,-48.81600000000001,18.2,100.0,0.00,0.00
,02/11/2026 16:24,02/11/2026 17:30,AUDUSD,Sell,0.100,0.00000,0.70962,0.71160,0.70961,-0.5600,0.0000,19.9,14.03,0.14,"",2000,00:01:06:22,48.5,32m,63.1,0.46,43.2,31.536,-19.9,-14.527,68.5,63.1,-23.30,-17.01
,02/11/2026 15:45,02/11/2026 15:46,EURJPY,Buy,0.100,0.00000,182.43200,182.24800,182.43400,-0.5600,0.0000,18.6,8.30,0.08,"",1000,00:00:01:34,,,,,,,,,,,,
,02/11/2026 15:41,02/11/2026 15:42,EURJPY,Buy,0.100,0.00000,182.38700,182.18900,182.40300,-0.5600,0.0000,21.4,9.64,0.10,"",1000,00:00:00:36,,,,,,,,,,,,
,02/11/2026 15:40,02/11/2026 15:40,EURJPY,Buy,0.100,0.00000,182.28300,182.09000,182.28400,-0.5600,0.0000,19.4,8.69,0.09,"",1000,00:00:00:26,,,,,,,,,,,,
,02/11/2026 15:40,02/11/2026 15:40,EURJPY,Buy,0.100,0.00000,181.93300,181.74400,181.94100,-0.5600,0.0000,19.7,8.86,0.09,"",1000,00:00:00:08,,,,,,,,,,,,
,02/11/2026 12:56,02/11/2026 15:33,EURJPY,Buy,0.100,0.00000,183.00600,182.80600,183.00600,-0.5600,0.0000,20.0,8.94,0.09,"",1000,00:02:37:00,18.5,29m,25.0,1.25,20.0,9.6,-25.0,-12.0,44.4,100.0,0.00,0.00
,02/11/2026 08:31,02/11/2026 15:30,AUDUSD,Sell,0.100,0.00000,0.70875,0.71072,0.70876,-0.5600,0.0000,19.6,13.81,0.14,"",2000,00:06:58:52,25.6,1h 47m,22.9,0.83,19.6,14.308,-16.3,-11.899000000000001,54.6,100.0,0.00,0.00
,02/10/2026 00:01,02/11/2026 15:30,USDCAD,Buy,0.100,0.00000,1.35930,1.35755,1.35947,-0.5600,0.1400,19.2,9.94,0.10,"",1000,01:15:29:02,0.3,7m,70.6,3.68,19.2,10.368,-70.6,-38.124,21.4,100.0,0.00,0.00
,02/10/2026 19:48,02/11/2026 15:10,USDCAD,Buy,0.100,0.00000,1.35636,1.35436,1.35636,-0.5600,0.1400,20.0,10.36,0.10,"",1000,00:19:22:15,37.0,7h 10m,51.8,1.94,20.0,10.8,-38.7,-20.898000000000003,34.1,100.0,0.00,0.00
,02/11/2026 09:45,02/11/2026 12:56,EURJPY,Buy,0.100,0.00000,182.79900,182.59600,182.80400,-0.5600,0.0000,20.8,9.34,0.09,"",1000,00:03:11:04,31.5,1h 0m,27.0,1.13,20.8,9.984,-23.6,-11.328,46.8,100.0,0.00,0.00
,02/10/2026 18:39,02/11/2026 06:29,EURJPY,Sell,0.010,0.00000,0.00000,183.51100,182.71500,-0.0600,-0.0400,79.6,3.70,0.04,"",0,00:11:50:25,28.6,3h 23m,34.4,0.35,79.6,3.98,-27.6,-1.3800000000000001,74.3,100.0,0.00,0.00
,02/02/2026 02:04,02/09/2026 11:18,USDCHF,Sell,0.050,0.00000,0.77074,0.77274,0.77207,-0.2800,-3.5000,6.7,-0.59,-0.01,"",2000,07:09:13:13,3.3,5h 50m,97.0,9.78,9.0,4.32,-88.0,-42.239999999999995,9.3,97.6,-2.30,-1.10
,01/30/2026 20:54,02/09/2026 11:18,USDCHF,Buy,0.050,0.00000,0.00000,0.77075,0.77207,-0.2800,-4.0000,13.2,-10.56,-0.11,"",2000,09:14:24:08,100.0,9d 14h ,94.7,0.01,107.9,-51.792,0.0,-0.0,100.0,12.2,-94.70,45.46
,02/09/2026 03:30,02/09/2026 11:11,NZDJPY,Sell,0.100,0.00000,93.93600,94.13900,94.20700,-0.5600,0.0000,-6.8,-3.75,-0.04,"",2000,00:07:41:16,3.7,17m,43.0,3.17,12.3,5.781,-39.0,-18.33,24.0,62.8,-19.10,-8.98
,02/09/2026 06:17,02/09/2026 11:10,AUDJPY,Sell,0.100,0.00000,109.90700,110.10700,110.27900,-0.5600,0.0000,-17.2,-8.63,-0.09,"",2000,00:04:53:02,63.5,3h 6m,35.0,0.97,17.8,8.366,-17.2,-8.084,50.9,0.0,-35.00,-16.45
,02/09/2026 03:31,02/09/2026 11:10,AUDJPY,Sell,0.100,0.00000,109.55400,109.75500,110.28000,-0.5600,0.0000,-52.5,-25.19,-0.25,"",2000,00:07:39:39,1.1,5m,62.0,6.78,8.0,3.76,-54.2,-25.474,12.9,2.7,-60.50,-28.43
,02/04/2026 00:29,02/09/2026 10:59,USDCHF,Sell,0.050,0.00000,0.77236,0.77432,0.77234,-0.2800,-2.5000,19.8,6.64,0.07,"",2000,05:10:30:10,1.8,2h 20m,43.7,2.21,19.8,9.504,-43.7,-20.976,31.2,100.0,0.00,0.00
,02/06/2026 08:11,02/09/2026 08:00,USDCHF,Sell,0.050,0.00000,0.77429,0.77629,0.77427,-0.2800,-0.5000,20.2,8.80,0.09,"",2000,02:23:49:22,86.0,2d 13h ,23.7,1.12,20.2,9.494,-22.6,-10.622,47.2,100.0,0.00,0.00
,02/09/2026 03:18,02/09/2026 03:31,AUDJPY,Sell,0.100,0.00000,109.77700,109.97800,109.75600,-0.5600,0.0000,22.2,9.87,0.10,"",2000,00:00:12:13,7.7,56s,46.2,2.08,22.2,10.434,-46.2,-21.714,32.5,100.0,0.00,0.00
,02/09/2026 00:07,02/09/2026 03:30,NZDJPY,Sell,0.100,0.00000,94.14800,94.22900,94.14300,-0.5600,0.0000,8.6,3.48,0.04,"",2000,00:03:23:27,0.5,1m,72.6,8.45,8.6,4.042,-72.6,-34.12199999999999,10.6,100.0,0.00,0.00
,02/06/2026 18:26,02/09/2026 03:25,NZDJPY,Sell,0.100,0.00000,94.21300,94.41300,94.21300,-0.5600,-0.2700,20.0,8.56,0.09,"",2000,02:08:59:29,1.3,44m,63.2,2.71,20.0,9.399999999999999,-54.2,-25.474,27.0,100.0,0.00,0.00
,02/09/2026 00:37,02/09/2026 03:25,NZDJPY,Sell,0.100,0.00000,94.21400,94.35300,94.21400,-0.5600,0.0000,13.9,5.96,0.06,"",2000,00:02:48:10,0.6,1m,60.2,4.33,13.9,6.5329999999999995,-60.2,-28.294,18.8,100.0,0.00,0.00
,02/09/2026 00:37,02/09/2026 03:25,NZDJPY,Sell,0.100,0.00000,94.21800,94.35400,94.21800,-0.5600,0.0000,13.6,5.82,0.06,"",2000,00:02:48:10,0.6,1m,60.1,4.42,13.6,6.3919999999999995,-60.1,-28.247,18.5,100.0,0.00,0.00
,02/09/2026 00:07,02/09/2026 03:18,AUDJPY,Sell,0.100,0.00000,109.97900,110.12000,109.97900,-0.5600,0.0000,14.1,6.05,0.06,"",2000,00:03:11:50,2.7,5m,69.1,4.60,14.1,6.627,-64.8,-30.455999999999996,17.9,100.0,0.00,0.00
,02/09/2026 00:37,02/09/2026 03:16,AUDJPY,Sell,0.100,0.00000,109.99800,110.10800,109.99500,-0.5600,0.0000,11.3,4.74,0.05,"",2000,00:02:38:51,1.9,3m,69.1,5.84,11.3,5.311,-66.0,-31.02,14.6,100.0,0.00,0.00
,02/09/2026 00:37,02/09/2026 03:15,AUDJPY,Sell,0.100,0.00000,110.01000,110.22400,110.00800,-0.5600,0.0000,21.6,9.57,0.10,"",2000,00:02:37:28,9.5,14m,69.1,2.52,21.6,10.152,-54.4,-25.567999999999998,28.4,100.0,0.00,0.00
,02/06/2026 20:32,02/09/2026 03:11,AUDJPY,Sell,0.100,0.00000,110.07800,110.27800,110.07800,-0.5600,-0.5100,20.0,8.30,0.08,"",2000,02:06:38:27,93.4,2d 3h ,69.1,2.44,20.1,9.447000000000001,-49.0,-23.029999999999998,29.1,99.9,-0.10,-0.05
,02/09/2026 00:06,02/09/2026 03:11,NZDJPY,Sell,0.100,0.00000,94.36700,94.40000,94.36600,-0.5600,0.0000,3.4,1.03,0.01,"",2000,00:03:04:26,1.7,3m,58.4,16.34,3.4,1.5979999999999999,-55.5,-26.084999999999997,5.8,100.0,0.00,0.00
,02/09/2026 01:49,02/09/2026 02:10,NZDJPY,Sell,0.100,0.00000,94.56800,94.76800,94.56800,-0.5600,0.0000,20.0,8.81,0.09,"",2000,00:00:20:25,52.4,10m,34.8,0.94,20.0,9.399999999999999,-18.7,-8.789,51.7,100.0,0.00,0.00
,02/09/2026 01:32,02/09/2026 02:03,AUDJPY,Sell,0.100,0.00000,110.39200,110.59100,110.37700,-0.5600,0.0000,21.4,9.46,0.10,"",2000,00:00:31:33,90.4,28m,33.8,0.31,25.9,12.172999999999998,-7.9,-3.713,76.6,86.7,-4.50,-2.11
,02/02/2026 20:13,02/06/2026 01:03,USDCAD,Buy,0.090,0.00000,1.37195,1.36995,1.37080,-0.5000,0.7100,8.5,4.33,0.04,"",1000,03:04:50:00,1.1,50m,71.6,6.20,11.1,5.327999999999999,-68.8,-33.024,13.9,96.7,-2.60,-1.25
,02/05/2026 17:32,02/05/2026 18:04,USDCAD,Buy,0.090,0.00000,1.36931,1.36732,1.36931,-0.5000,0.0000,19.9,9.18,0.09,"",1000,00:00:32:39,3.2,1m,17.6,0.88,19.9,9.751,-17.6,-8.624,53.1,100.0,0.00,0.00
,02/05/2026 17:33,02/05/2026 17:35,EURJPY,Sell,0.100,0.00000,184.48400,184.68200,184.60600,-0.5600,0.0000,7.6,3.03,0.03,"",2000,00:00:02:23,,,,,,,,,,,,
,02/04/2026 16:04,02/05/2026 17:33,EURJPY,Sell,0.100,0.00000,184.68600,184.88600,184.68600,-0.5600,-1.2600,20.0,7.62,0.08,"",2000,01:01:28:14,21.0,5h 20m,79.0,3.02,20.0,9.399999999999999,-60.3,-28.340999999999998,24.9,100.0,0.00,0.00
,02/05/2026 14:30,02/05/2026 15:36,USDCHF,Sell,0.050,0.00000,0.77464,0.77663,0.77464,-0.2800,0.0000,19.9,9.17,0.09,"",2000,00:01:06:05,6.1,4m,10.5,0.53,19.9,9.352999999999998,-10.5,-4.935,65.5,100.0,0.00,0.00
,02/05/2026 10:49,02/05/2026 14:48,EURJPY,Sell,0.100,0.00000,185.10800,185.30700,185.10800,-0.5600,0.0000,19.9,8.78,0.09,"",2000,00:03:58:19,10.9,25m,18.2,0.91,19.9,9.352999999999998,-18.2,-8.553999999999998,52.2,100.0,0.00,0.00
,02/03/2026 04:45,02/05/2026 11:59,USDCAD,Buy,0.090,0.00000,1.36998,1.36799,1.36999,-0.5000,0.4700,20.0,9.66,0.10,"",1000,02:07:14:56,14.5,8h 0m,54.2,2.46,20.0,9.6,-49.2,-23.616,28.9,100.0,0.00,0.00
,02/05/2026 02:53,02/05/2026 05:31,EURJPY,Sell,0.100,0.00000,184.83700,185.03700,184.83700,-0.5600,0.0000,20.0,8.80,0.09,"",2000,00:02:38:11,10.8,17m,23.5,1.18,20.0,9.399999999999999,-23.5,-11.045,46.0,100.0,0.00,0.00
,02/05/2026 00:01,02/05/2026 05:03,EURJPY,Sell,0.100,0.00000,184.87500,184.75100,184.87500,-0.5600,0.0000,-12.4,-6.36,-0.07,"",2000,00:05:02:21,0.0,0s,52.6,52.63,0.0,0.0,-52.6,-24.721999999999998,0.0,76.4,-12.40,-5.83
,02/03/2026 21:01,02/04/2026 17:32,USDCAD,Buy,0.090,0.00000,1.36765,1.36564,1.36765,-0.5000,0.1100,20.1,9.29,0.10,"",1000,00:20:31:39,12.7,2h 36m,27.9,1.28,20.1,9.648,-25.7,-12.335999999999999,43.9,100.0,0.00,0.00
,02/04/2026 10:10,02/04/2026 16:04,EURJPY,Sell,0.100,0.00000,184.89400,185.09400,184.89200,-0.5600,0.0000,20.2,8.86,0.09,"",2000,00:05:54:46,47.4,2h 48m,26.8,0.68,20.2,9.494,-13.7,-6.438999999999999,59.6,100.0,0.00,0.00
,02/03/2026 15:14,02/03/2026 18:04,USDCHF,Sell,0.050,0.00000,0.77490,0.77690,0.77490,-0.2800,0.0000,20.0,9.14,0.09,"",2000,00:02:50:08,5.3,9m,20.3,0.95,20.0,9.399999999999999,-19.0,-8.93,51.3,100.0,0.00,0.00
,02/02/2026 18:33,02/03/2026 06:21,USDCHF,Sell,0.050,0.00000,0.77772,0.77972,0.77772,-0.2800,-0.5000,20.0,8.61,0.09,"",2000,00:11:48:42,60.9,7h 11m,19.2,0.96,20.0,9.399999999999999,-19.1,-8.977,51.2,100.0,0.00,0.00
,02/02/2026 17:49,02/02/2026 20:13,USDCAD,Buy,0.090,0.00000,1.36991,1.36794,1.36994,-0.5000,0.0000,20.0,9.13,0.09,"",1000,00:02:24:07,27.1,39m,32.8,1.64,20.0,9.6,-32.8,-15.743999999999998,37.9,100.0,0.00,0.00
,02/02/2026 07:28,02/02/2026 17:49,USDCAD,Buy,0.090,0.00000,1.36783,1.36584,1.36790,-0.5000,0.0000,20.6,9.44,0.10,"",1000,00:10:20:55,26.9,2h 47m,49.2,1.62,20.6,9.888,-33.4,-16.032,38.1,100.0,0.00,0.00
,02/02/2026 01:00,02/02/2026 08:02,NZDJPY,Buy,0.090,0.00000,93.65000,93.43600,93.00100,-0.5000,0.0000,-43.5,-18.99,-0.20,"",1000,00:07:01:01,20.5,1h 26m,62.8,2.28,19.3,8.299,-43.9284,-18.889212,30.5,0.7,-62.80,-27.00
,02/02/2026 01:06,02/02/2026 07:28,USDCAD,Buy,0.090,0.00000,1.36583,1.36383,1.36584,-0.5000,0.0000,20.1,9.19,0.09,"",1000,00:06:21:34,37.7,2h 23m,42.1,1.73,20.1,9.648,-34.7,-16.656000000000002,36.7,100.0,0.00,0.00
,01/30/2026 23:01,02/02/2026 01:06,USDCAD,Buy,0.090,0.00000,0.00000,1.36184,1.36382,-0.5000,0.1200,19.8,9.17,0.09,"",1000,02:02:04:57,0.7,21m,15.9,0.80,19.8,9.504,-15.9,-7.632,55.5,100.0,0.00,0.00
,01/30/2026 21:00,02/02/2026 01:00,NZDJPY,Buy,0.090,0.00000,0.00000,93.21800,93.43300,-0.5000,0.1500,21.5,8.75,0.09,"",1000,02:04:00:30,1.6,49m,4.8,0.22,21.5,9.03,-4.8,-2.016,81.7,100.0,0.00,0.00
,01/28/2026 20:39,01/30/2026 23:01,USDCAD,Buy,0.090,0.00000,1.36179,1.35979,1.36180,-0.5000,0.4800,20.1,9.69,0.10,"",1000,02:02:22:06,1.5,45m,118.0,37.17,3.1,1.488,-114.9,-55.152,2.6,114.4,17.00,8.16
,01/30/2026 20:44,01/30/2026 21:00,NZDJPY,Buy,0.090,0.00000,93.21700,93.01400,93.21800,-0.5000,0.0000,20.4,8.17,0.08,"",1000,00:00:16:12,100.0,16m,10.7,0.04,24.4,10.491999999999999,0.0,0.0,100.0,83.6,-4.00,-1.72
,01/30/2026 20:31,01/30/2026 20:54,USDCHF,Sell,0.050,0.00000,0.77079,0.77279,0.77079,-0.2800,0.0000,20.0,9.18,0.09,"",2000,00:00:22:15,100.0,22m,5.0,0.05,20.0,9.399999999999999,0.0,0.0,100.0,100.0,0.00,0.00
,01/30/2026 20:30,01/30/2026 20:31,USDCHF,Sell,0.100,0.00000,0.77081,0.77280,0.77282,-0.5600,0.0000,-0.2,-0.75,-0.01,"",2000,00:00:01:09,,,,,,,,,,,,
,01/27/2026 06:15,01/30/2026 20:20,GBPUSD,Sell,0.090,0.00000,1.36604,1.36803,1.36963,-0.5000,-1.2100,-16.0,-12.22,-0.13,"",2000,03:14:05:10,4.1,3h 31m,186.4,13.25,13.1,8.646,-173.3,-114.37800000000001,7.0,84.4,-29.10,-19.21
,01/26/2026 15:06,01/30/2026 20:20,GBPUSD,Sell,0.090,0.00000,1.36242,1.36442,1.36962,-0.5000,-1.4600,-52.0,-36.13,-0.37,"",2000,04:05:14:15,0.0,0s,209.4,212.77,0.0,0.0,-209.4,-138.204,0.0,75.2,-52.00,-34.32
,01/30/2026 08:58,01/30/2026 20:20,GBPAUD,Buy,0.090,0.00000,1.97055,1.96866,1.96952,-0.5000,0.0000,8.6,3.43,0.04,"",1000,00:11:21:47,1.8,12m,145.9,12.39,10.9,5.014,-135.0,-62.1,7.5,98.4,-2.30,-1.06
,01/28/2026 08:21,01/30/2026 20:20,GBPAUD,Buy,0.090,0.00000,1.97442,1.97242,1.96946,-0.5000,-0.8500,-29.6,-14.88,-0.15,"",1000,02:11:58:19,0.5,17m,216.0,73.53,2.9,1.334,-213.1,-98.026,1.3,85.0,-32.50,-14.95
,01/27/2026 23:26,01/30/2026 20:20,GBPAUD,Buy,0.090,0.00000,1.97758,1.97558,1.96942,-0.5000,-1.0500,-61.6,-29.70,-0.30,"",1000,02:20:53:39,2.8,1h 55m,254.8,24.27,10.1,4.646,-244.7,-112.562,4.0,71.9,-71.70,-32.98
,01/27/2026 13:00,01/30/2026 20:20,GBPAUD,Buy,0.090,0.00000,1.98017,1.97817,1.96944,-0.5000,-1.0500,-87.3,-41.44,-0.42,"",1000,03:07:20:08,1.0,47m,276.2,48.54,5.6,2.576,-270.6,-124.47600000000001,2.0,66.4,-92.90,-42.73
,01/27/2026 01:00,01/30/2026 20:20,GBPAUD,Buy,0.090,0.00000,1.98227,1.98013,1.96945,-0.5000,-1.0500,-106.8,-50.36,-0.51,"",1000,03:19:20:08,0.0,0s,290.2,294.12,0.0,0.0,-290.2,-133.492,0.0,63.2,-106.80,-49.13
,01/30/2026 15:51,01/30/2026 20:07,GBPAUD,Buy,0.090,0.00000,1.96713,1.96516,1.96713,-0.5000,0.0000,19.7,8.51,0.09,"",1000,00:04:16:26,3.2,8m,113.699999999999,5.08,19.7,9.062,-100.0,-46.0,16.5,100.0,0.00,0.00
,01/29/2026 00:15,01/30/2026 19:54,USDCAD,Buy,0.090,0.00000,1.35874,1.35676,1.35876,-0.5000,0.1300,20.0,9.30,0.09,"",1000,01:19:38:24,0.8,20m,92.0,4.23,20.0,9.6,-84.6,-40.608,19.1,100.0,0.00,0.00
,01/27/2026 15:52,01/30/2026 19:11,GBPUSD,Sell,0.090,0.00000,1.37083,1.37285,1.37079,-0.5000,-1.2100,20.6,11.82,0.12,"",2000,03:03:19:48,1.3,58m,125.1,6.08,20.6,13.596000000000002,-125.1,-82.566,14.1,100.0,0.00,0.00
,01/30/2026 18:21,01/30/2026 19:07,GBPAUD,Buy,0.090,0.00000,1.96429,1.96231,1.96428,-0.5000,0.0000,19.7,8.53,0.09,"",1000,00:00:45:35,2.2,1m,71.5,3.63,19.7,9.062,-71.5,-32.89,21.6,100.0,0.00,0.00
,01/30/2026 16:56,01/30/2026 18:04,GBPAUD,Buy,0.090,0.00000,1.96158,1.95958,1.96154,-0.5000,0.0000,19.6,8.49,0.09,"",1000,00:01:07:37,73.6,49m,90.599999999999,0.30,69.499999999999,31.969999999999544,-21.1,-9.706000000000001,76.7,44.9,-49.90,-22.95
,01/30/2026 17:03,01/30/2026 18:03,USDCAD,Buy,0.090,0.00000,1.35528,1.35332,1.35531,-0.5000,0.0000,19.9,9.13,0.09,"",1000,00:01:00:14,21.7,13m,27.3,1.02,19.9,9.552,-20.2,-9.696,49.6,100.0,0.00,0.00
,01/30/2026 17:49,01/30/2026 17:52,GBPAUD,Buy,0.090,0.00000,1.95909,1.95716,1.95910,-0.5000,0.0000,19.4,8.41,0.09,"",1000,00:00:03:09,,,,,,,,,,,,
,01/30/2026 04:04,01/30/2026 15:57,USDCAD,Buy,0.090,0.00000,1.35553,1.35353,1.35552,-0.5000,0.0000,19.9,9.12,0.09,"",1000,00:11:53:00,13.9,1h 39m,57.9,2.06,19.9,9.552,-40.9,-19.631999999999998,32.7,100.0,0.00,0.00
,01/30/2026 15:23,01/30/2026 15:51,GBPAUD,Buy,0.090,0.00000,1.96513,1.96313,1.96514,-0.5000,0.0000,20.1,8.71,0.09,"",1000,00:00:27:29,46.5,12m,12.1,0.44,20.1,9.246,-8.9,-4.094,69.3,100.0,0.00,0.00
,01/30/2026 14:43,01/30/2026 15:30,GBPUSD,Sell,0.090,0.00000,1.37474,1.37673,1.37472,-0.5000,0.0000,20.1,12.66,0.13,"",2000,00:00:46:13,12.8,5m,28.1,0.96,20.1,13.065000000000001,-19.3,-12.545000000000002,51.0,100.0,0.00,0.00
,01/30/2026 14:39,01/30/2026 15:18,USDCAD,Buy,0.090,0.00000,1.35339,1.35139,1.35339,-0.5000,0.0000,20.0,9.17,0.09,"",1000,00:00:39:16,28.3,11m,30.5,0.98,20.0,9.6,-19.5,-9.36,50.6,100.0,0.00,0.00
,01/30/2026 14:26,01/30/2026 14:48,GBPAUD,Buy,0.090,0.00000,1.96462,1.96262,1.96460,-0.5000,0.0000,19.8,8.57,0.09,"",1000,00:00:22:47,100.0,22m,14.8,0.05,19.8,9.108,0.0,0.0,100.0,100.0,0.00,0.00
,01/30/2026 10:36,01/30/2026 11:44,GBPUSD,Sell,0.090,0.00000,1.37423,1.37621,1.37423,-0.5000,0.0000,19.8,12.47,0.13,"",2000,00:01:07:32,14.8,9m,24.7,0.93,19.8,13.068000000000001,-18.4,-12.144,51.8,100.0,0.00,0.00
,01/30/2026 11:10,01/30/2026 11:32,GBPAUD,Buy,0.090,0.00000,1.96734,1.96536,1.96737,-0.5000,0.0000,20.1,8.70,0.09,"",1000,00:00:21:29,91.0,19m,23.2,0.27,20.9,9.613999999999999,-5.7,-2.6220000000000003,78.6,97.0,-0.80,-0.37
,01/30/2026 10:30,01/30/2026 10:34,GBPAUD,Buy,0.090,0.00000,1.96863,1.96663,1.96842,-0.5000,0.0000,17.9,7.68,0.08,"",1000,00:00:03:53,,,,,,,,,,,,
,01/30/2026 05:38,01/30/2026 08:46,GBPAUD,Buy,0.090,0.00000,1.96777,1.96576,1.96777,-0.5000,0.0000,20.1,8.69,0.09,"",1000,00:03:07:52,12.3,23m,35.4,1.07,20.1,9.246,-21.6,-9.936000000000002,48.2,100.0,0.00,0.00
,01/29/2026 18:21,01/30/2026 04:32,GBPAUD,Buy,0.090,0.00000,1.97009,1.96809,1.97004,-0.5000,-0.2000,19.5,8.21,0.08,"",1000,00:10:10:49,9.2,56m,162.6,2.72,43.7,20.102000000000004,-118.9,-54.694,26.9,85.1,-24.20,-11.13
,01/29/2026 17:26,01/30/2026 04:21,GBPUSD,Sell,0.090,0.00000,1.37393,1.37589,1.37390,-0.5000,-0.2500,19.9,12.29,0.13,"",2000,00:10:55:12,3.4,22m,72.3,3.63,19.9,13.134,-72.3,-47.718,21.6,100.0,0.00,0.00
,01/29/2026 21:54,01/30/2026 04:00,GBPAUD,Buy,0.090,0.00000,1.96507,1.96305,1.96507,-0.5000,-0.2000,20.2,8.55,0.09,"",1000,00:06:06:33,0.9,3m,69.2,3.39,20.2,9.292,-68.5,-31.51,22.8,100.0,0.00,0.00
,01/30/2026 01:29,01/30/2026 03:12,USDCAD,Buy,0.090,0.00000,1.35254,1.35061,1.35254,-0.5000,0.0000,19.3,8.83,0.09,"",1000,00:01:42:56,1.0,1m,23.8,1.23,19.3,9.264,-23.8,-11.424,44.8,100.0,0.00,0.00
,01/30/2026 00:49,01/30/2026 03:05,GBPAUD,Buy,0.090,0.00000,1.96211,1.96011,1.96212,-0.5000,0.0000,20.1,8.72,0.09,"",1000,00:02:16:32,6.7,9m,39.1,1.95,20.1,9.246,-39.1,-17.986,34.0,100.0,0.00,0.00
,01/30/2026 00:01,01/30/2026 03:05,GBPAUD,Buy,0.090,0.00000,1.96193,1.96128,1.96198,-0.5000,0.0000,7.0,2.71,0.03,"",1000,00:03:04:28,0.6,1m,50.8,7.26,7.0,3.22,-50.8,-23.368,12.1,100.0,0.00,0.00
,01/30/2026 02:21,01/30/2026 02:54,GBPUSD,Sell,0.090,0.00000,1.37744,1.37943,1.37743,-0.5000,0.0000,20.0,12.57,0.13,"",2000,00:00:32:24,3.1,1m,19.6,0.98,20.0,13.0,-19.6,-12.740000000000002,50.5,100.0,0.00,0.00
,01/29/2026 19:41,01/29/2026 19:46,GBPAUD,Buy,0.090,0.00000,1.96553,1.96354,1.96554,-0.5000,0.0000,20.0,8.66,0.09,"",1000,00:00:05:39,100.0,5m,20.7,0.02,40.7,18.722,0.0,0.0,100.0,49.1,-20.70,-9.52
,01/28/2026 20:52,01/29/2026 17:50,GBPAUD,Buy,0.090,0.00000,1.97248,1.97048,1.97251,-0.5000,-0.6500,20.3,8.11,0.08,"",1000,00:20:58:10,0.8,10m,195.3,9.54,20.3,9.338000000000001,-193.7,-89.102,9.5,100.0,0.00,0.00
,01/28/2026 16:01,01/29/2026 17:40,CADJPY,Buy,0.360,0.00000,0.00000,112.77600,112.89600,-1.9800,1.8700,12.0,20.38,0.21,"",0,01:01:39:05,94.2,1d ,63.3,0.38,75.3,128.763,-28.4,-48.564,72.6,39.0,-63.30,-108.24
,01/29/2026 17:23,01/29/2026 17:24,GBPAUD,Buy,0.090,0.00000,1.96885,1.96694,1.96894,-0.5000,0.0000,20.0,8.64,0.09,"",1000,00:00:01:33,,,,,,,,,,,,
,01/29/2026 17:17,01/29/2026 17:17,GBPAUD,Buy,0.090,0.00000,1.96978,1.96791,1.97005,-0.5000,0.0000,21.4,9.28,0.10,"",1000,00:00:00:13,,,,,,,,,,,,
,01/29/2026 04:06,01/29/2026 17:17,GBPUSD,Sell,0.090,0.00000,1.37742,1.37941,1.37723,-0.5000,0.0000,21.8,13.75,0.14,"",2000,00:13:10:51,8.0,1h 3m,54.0,2.48,21.8,14.170000000000002,-54.0,-35.1,28.8,100.0,0.00,0.00
,01/29/2026 01:58,01/29/2026 17:17,GBPAUD,Buy,0.090,0.00000,1.96623,1.96423,1.96629,-0.5000,0.0000,20.6,8.93,0.09,"",1000,00:15:18:38,7.1,1h 5m,147.8,6.48,20.6,9.476,-133.5,-61.410000000000004,13.4,100.0,0.00,0.00
,01/29/2026 13:01,01/29/2026 17:14,GBPAUD,Buy,0.090,0.00000,1.96260,1.96060,1.96266,-0.5000,0.0000,20.6,8.95,0.09,"",1000,00:04:12:30,9.1,22m,86.6,3.50,20.6,9.476,-72.0,-33.120000000000005,22.2,100.0,0.00,0.00
,01/29/2026 17:01,01/29/2026 17:13,USDCAD,Buy,0.090,0.00000,1.35324,1.35127,1.35324,-0.5000,0.0000,19.7,9.01,0.09,"",1000,00:00:12:08,33.4,4m,15.5,0.53,19.7,9.456,-10.5,-5.04,65.2,100.0,0.00,0.00
,01/29/2026 17:02,01/29/2026 17:09,GBPUSD,Sell,0.090,0.00000,1.37940,1.38140,1.37939,-0.5000,0.0000,20.1,12.61,0.13,"",2000,00:00:06:50,85.8,5m,8.0,0.05,20.1,13.065000000000001,-1.0,-0.65,95.3,100.0,0.00,0.00
,01/29/2026 15:35,01/29/2026 16:57,GBPAUD,Buy,0.090,0.00000,1.95785,1.95585,1.95787,-0.5000,0.0000,20.2,8.79,0.09,"",1000,00:01:21:53,40.3,32m,49.4,0.85,26.7,12.282,-22.7,-10.442,54.0,86.8,-6.50,-2.99
,01/29/2026 09:33,01/29/2026 12:43,USDCAD,Buy,0.090,0.00000,1.35495,1.35295,1.35497,-0.5000,0.0000,20.2,9.23,0.10,"",1000,00:03:09:57,21.6,41m,19.4,0.96,20.2,9.696,-19.4,-9.312,51.0,100.0,0.00,0.00
,01/29/2026 10:34,01/29/2026 12:36,GBPAUD,Buy,0.090,0.00000,1.96019,1.95819,1.96021,-0.5000,0.0000,20.2,8.77,0.09,"",1000,00:02:02:12,5.8,7m,35.9,1.39,20.2,9.292,-28.1,-12.926000000000002,41.8,100.0,0.00,0.00
,01/29/2026 09:34,01/29/2026 11:49,GBPUSD,Sell,0.090,0.00000,1.38067,1.38264,1.38065,-0.5000,0.0000,19.9,12.47,0.13,"",2000,00:02:15:29,8.9,12m,21.7,1.09,19.9,12.934999999999999,-21.7,-14.105,47.8,100.0,0.00,0.00
,01/29/2026 06:17,01/29/2026 09:41,GBPAUD,Buy,0.090,0.00000,1.95667,1.95468,1.95667,-0.5000,0.0000,19.9,8.65,0.09,"",1000,00:03:24:44,19.7,40m,57.9,1.91,19.9,9.154,-38.0,-17.48,34.4,100.0,0.00,0.00
,01/29/2026 03:03,01/29/2026 04:06,GBPUSD,Sell,0.090,0.00000,1.37942,1.38142,1.37942,-0.5000,0.0000,20.0,12.55,0.13,"",2000,00:01:03:09,4.8,3m,18.0,0.90,20.0,13.0,-18.0,-11.700000000000001,52.6,100.0,0.00,0.00
,01/29/2026 00:01,01/29/2026 02:03,GBPAUD,Buy,0.090,0.00000,1.96492,1.96356,1.96496,-0.5000,0.0000,14.0,5.91,0.06,"",1000,00:02:01:26,1.7,2m,49.8,3.47,14.0,6.44,-48.5,-22.310000000000002,22.4,100.0,0.00,0.00
,01/28/2026 18:24,01/28/2026 21:02,GBPUSD,Sell,0.090,0.00000,1.37539,1.37740,1.37536,-0.5000,0.0000,20.4,12.85,0.14,"",2000,00:02:37:38,23.5,37m,34.8,0.95,20.4,13.26,-19.3,-12.545000000000002,51.4,100.0,0.00,0.00
,01/28/2026 10:52,01/28/2026 20:39,USDCAD,Buy,0.090,0.00000,1.35976,1.35776,1.35976,-0.5000,0.0000,20.0,9.11,0.10,"",1000,00:09:47:16,12.0,1h 10m,48.8,2.04,20.0,9.6,-40.8,-19.584,32.9,100.0,0.00,0.00
,01/28/2026 17:49,01/28/2026 18:46,GBPAUD,Buy,0.090,0.00000,1.97166,1.96957,1.97166,-0.5000,0.0000,20.9,9.04,0.10,"",1000,00:00:56:53,40.4,22m,31.1,0.89,20.9,9.613999999999999,-18.5,-8.51,53.0,100.0,0.00,0.00
,01/27/2026 19:15,01/28/2026 17:17,GBPUSD,Sell,0.090,0.00000,1.37509,1.37709,1.37505,-0.5000,-0.2400,20.4,12.61,0.13,"",2000,00:22:01:47,4.6,1h 0m,90.3,4.06,20.4,13.26,-82.7,-53.755,19.8,100.0,0.00,0.00
,01/28/2026 17:00,01/28/2026 17:08,USDCAD,Buy,0.090,0.00000,1.35762,1.35562,1.35769,-0.5000,0.0000,20.7,9.47,0.10,"",1000,00:00:07:19,25.0,1m,4.4,0.19,20.7,9.936,-4.0,-1.92,83.8,100.0,0.00,0.00
,01/28/2026 12:38,01/28/2026 17:07,GBPAUD,Buy,0.090,0.00000,1.97065,1.96867,1.97050,-0.5000,0.0000,18.3,7.86,0.08,"",1000,00:04:29:03,32.4,1h 27m,44.3,1.33,19.0,8.74,-25.3,-11.638000000000002,42.9,98.4,-0.70,-0.32
,01/28/2026 07:02,01/28/2026 13:20,GBPUSD,Sell,0.090,0.00000,1.37709,1.37904,1.37707,-0.5000,0.0000,19.7,12.38,0.13,"",2000,00:06:17:45,23.9,1h 30m,39.9,2.01,19.7,12.805,-39.6,-25.740000000000002,33.2,100.0,0.00,0.00
,01/28/2026 09:30,01/28/2026 10:46,GBPUSD,Sell,0.090,0.00000,1.37902,1.38102,1.37898,-0.5000,0.0000,20.4,12.81,0.14,"",2000,00:01:16:03,65.8,50m,25.4,0.97,20.4,13.26,-19.8,-12.870000000000001,50.7,100.0,0.00,0.00
,01/28/2026 10:36,01/28/2026 10:43,EURNZD,Sell,0.090,0.00000,1.98456,1.98653,1.98715,-0.5000,0.0000,-6.2,-2.94,-0.03,"",2000,00:00:07:24,0.0,0s,27.5,27.55,0.0,0.0,-27.5,-10.725,0.0,77.5,-6.20,-2.42
,01/27/2026 09:06,01/28/2026 10:36,EURNZD,Sell,0.090,0.00000,1.98664,1.98864,1.98659,-0.5000,-0.0500,20.5,7.52,0.08,"",2000,01:01:29:58,4.0,1h 1m,74.4,3.32,20.5,7.995,-68.1,-26.558999999999997,23.1,100.0,0.00,0.00
,01/27/2026 23:55,01/28/2026 09:10,EURNZD,Sell,0.090,0.00000,1.98905,1.99104,1.98905,-0.5000,-0.0500,19.9,7.27,0.08,"",2000,00:09:14:29,8.5,47m,50.6,2.28,19.9,7.761,-45.4,-17.706,30.5,100.0,0.00,0.00
,01/28/2026 03:42,01/28/2026 07:06,EURNZD,Sell,0.090,0.00000,1.99153,1.99352,1.99151,-0.5000,0.0000,20.1,7.39,0.08,"",2000,00:03:23:54,6.4,13m,35.3,1.02,20.1,7.839,-20.6,-8.034,49.4,100.0,0.00,0.00
,01/28/2026 01:29,01/28/2026 03:36,GBPUSD,Sell,0.090,0.00000,1.38051,1.38250,1.38051,-0.5000,0.0000,19.9,12.47,0.13,"",2000,00:02:06:41,27.6,34m,19.8,1.00,19.9,12.934999999999999,-19.8,-12.870000000000001,50.1,100.0,0.00,0.00
,01/28/2026 02:41,01/28/2026 02:51,GBPAUD,Buy,0.090,0.00000,1.97414,1.97221,1.97419,-0.5000,0.0000,19.8,8.53,0.09,"",1000,00:00:10:10,100.0,10m,23.3,0.02,43.1,19.826,0.0,0.0,100.0,45.9,-23.30,-10.72
,01/28/2026 02:31,01/28/2026 02:37,GBPAUD,Buy,0.090,0.00000,1.97368,1.97179,1.97369,-0.5000,0.0000,19.0,8.16,0.09,"",1000,00:00:06:16,100.0,6m,22.2,0.02,41.2,18.952,0.0,0.0,100.0,46.1,-22.20,-10.21
,01/28/2026 00:10,01/28/2026 01:13,GBPAUD,Buy,0.090,0.00000,1.97608,1.97607,1.97609,-0.5000,0.0000,0.2,-0.41,0.00,"",1000,00:01:02:47,1.7,1m,60.5,303.03,0.2,0.09000000000000001,-60.5,-27.225,0.3,100.0,0.00,0.00
,01/27/2026 22:49,01/28/2026 00:09,GBPUSD,Sell,0.090,0.00000,1.38289,1.38487,1.38467,-0.5000,-0.2400,2.0,0.56,0.01,"",2000,00:01:20:43,93.8,1h 15m,80.4,0.18,68.0,44.2,-12.4,-8.06,84.6,17.9,-66.00,-42.90
,01/27/2026 22:55,01/27/2026 22:59,EURNZD,Sell,0.090,0.00000,1.99100,1.99297,1.99096,-0.5000,0.0000,20.1,7.40,0.08,"",2000,00:00:03:33,,,,,,,,,,,,
,01/27/2026 22:49,01/27/2026 22:50,EURNZD,Sell,0.090,0.00000,1.99397,1.99586,1.99394,-0.5000,0.0000,19.2,7.04,0.08,"",2000,00:00:01:29,,,,,,,,,,,,
,01/27/2026 18:37,01/27/2026 22:47,GBPAUD,Buy,0.090,0.00000,1.97718,1.97519,1.97732,-0.5000,0.0000,21.3,9.19,0.10,"",1000,00:04:09:51,22.0,54m,26.9,0.88,21.3,9.585,-18.7,-8.415,53.3,100.0,0.00,0.00
,01/27/2026 17:38,01/27/2026 17:54,GBPUSD,Sell,0.090,0.00000,1.37508,1.37705,1.37508,-0.5000,0.0000,19.7,12.39,0.13,"",2000,00:00:16:03,93.8,15m,6.2,0.05,19.7,12.805,0.0,0.0,100.0,100.0,0.00,0.00
,01/27/2026 11:55,01/27/2026 13:17,EURNZD,Sell,0.090,0.00000,1.98876,1.99076,1.98875,-0.5000,0.0000,20.1,7.39,0.08,"",2000,00:01:21:52,70.8,57m,24.0,0.78,20.1,7.839,-15.7,-6.123,56.1,100.0,0.00,0.00
,01/27/2026 11:52,01/27/2026 11:52,CADJPY,Sell,0.090,0.00000,111.73300,111.93000,111.91900,-0.5000,0.0000,1.1,-0.03,0.00,"",2000,00:00:00:31,,,,,,,,,,,,
,01/27/2026 11:52,01/27/2026 11:52,CADJPY,Sell,0.090,0.00000,112.05900,112.25700,111.99700,-0.5000,0.0000,26.0,10.63,0.11,"",2000,00:00:00:06,,,,,,,,,,,,
,01/27/2026 06:30,01/27/2026 11:52,CADJPY,Sell,0.090,0.00000,112.29800,112.49700,112.29500,-0.5000,0.0000,20.2,8.13,0.09,"",2000,00:05:21:27,23.7,1h 16m,34.0,1.24,20.2,8.686,-25.1,-10.793000000000001,44.6,100.0,0.00,0.00
,01/27/2026 06:27,01/27/2026 09:06,EURNZD,Sell,0.090,0.00000,1.98873,1.99075,1.98872,-0.5000,0.0000,20.3,7.47,0.08,"",2000,00:02:39:08,42.8,1h 8m,13.4,0.53,20.3,7.917000000000001,-10.7,-4.173,65.5,100.0,0.00,0.00
,01/26/2026 21:45,01/27/2026 06:23,USDCAD,Buy,0.090,0.00000,1.37398,1.37198,1.37313,-0.5000,0.1200,11.5,5.13,0.06,"",1000,00:08:37:29,2.6,13m,21.1,1.83,11.5,5.52,-21.1,-10.128,35.3,100.0,0.00,0.00
,01/26/2026 19:29,01/27/2026 02:53,GBPUSD,Sell,0.090,0.00000,1.36730,1.36930,1.36730,-0.5000,-0.2500,20.0,12.41,0.13,"",2000,00:07:24:09,78.9,5h 50m,14.9,0.59,21.5,14.190000000000001,-12.7,-8.382,62.9,95.6,-1.50,-0.99
,01/26/2026 09:21,01/27/2026 01:00,GBPAUD,Buy,0.090,0.00000,1.97923,1.97723,1.97922,-0.5000,-0.1900,19.9,8.36,0.09,"",1000,00:15:38:10,11.6,1h 48m,47.5,2.33,19.9,8.955,-46.3,-20.835,30.1,100.0,0.00,0.00
,01/26/2026 15:01,01/26/2026 21:45,USDCAD,Buy,0.090,0.00000,1.37198,1.36999,1.37198,-0.5000,0.0000,19.9,9.04,0.10,"",1000,00:06:44:25,38.4,2h 35m,34.5,1.11,19.9,9.552,-22.0,-10.559999999999999,47.5,100.0,0.00,0.00
,01/26/2026 11:27,01/26/2026 17:40,GBPAUD,Buy,0.090,0.00000,1.97700,1.97505,1.97705,-0.5000,0.0000,20.0,8.60,0.09,"",1000,00:06:12:59,25.0,1h 33m,34.8,1.07,20.0,9.200000000000001,-21.3,-9.798,48.4,100.0,0.00,0.00
,01/26/2026 10:48,01/26/2026 15:06,GBPUSD,Sell,0.090,0.00000,1.36444,1.36644,1.36444,-0.5000,0.0000,20.0,12.69,0.14,"",2000,00:04:17:20,29.2,1h 15m,32.5,0.56,20.8,13.728000000000002,-11.7,-7.7219999999999995,64.0,97.5,-0.80,-0.53
,01/26/2026 08:32,01/26/2026 15:01,USDCAD,Buy,0.090,0.00000,1.36994,1.36794,1.36994,-0.5000,0.0000,20.0,9.13,0.10,"",1000,00:06:28:52,63.8,4h 8m,23.8,0.36,20.0,9.6,-7.1,-3.408,73.8,100.0,0.00,0.00
,01/26/2026 13:06,01/26/2026 13:10,CADJPY,Sell,0.090,0.00000,111.86100,112.06100,112.20000,-0.5000,0.0000,-13.9,-6.46,-0.07,"",2000,00:00:04:42,0.0,0s,41.6,41.67,0.0,0.0,-41.6,-17.888,0.0,66.6,-13.90,-5.98
,01/26/2026 10:34,01/26/2026 13:06,CADJPY,Sell,0.090,0.00000,112.06500,112.26400,112.06500,-0.5000,0.0000,19.9,8.04,0.09,"",2000,00:02:31:46,3.3,5m,48.5,2.12,19.9,8.556999999999999,-42.1,-18.103,32.1,100.0,0.00,0.00
,01/26/2026 08:56,01/26/2026 10:49,GBPUSD,Buy,0.090,0.00000,1.36821,1.36618,1.36663,-0.5000,0.0000,4.5,2.46,0.03,"",1000,00:01:52:33,66.4,1h 14m,24.6,0.94,12.7,8.382,-11.9,-7.854000000000001,51.6,66.7,-8.20,-5.41
,01/26/2026 10:48,01/26/2026 10:48,GBPUSD,Sell,0.090,0.00000,1.36437,1.36637,1.36645,-0.5000,0.0000,-0.8,-1.03,-0.01,"",2000,00:00:00:07,,,,,,,,,,,,
,01/26/2026 09:33,01/26/2026 10:34,CADJPY,Sell,0.090,0.00000,112.26700,112.46800,112.26600,-0.5000,0.0000,20.2,8.16,0.09,"",2000,00:01:00:40,1.7,1m,27.5,1.36,20.2,8.686,-27.5,-11.825,42.3,100.0,0.00,0.00
,01/26/2026 08:05,01/26/2026 09:33,CADJPY,Sell,0.090,0.00000,112.47300,112.67300,112.47300,-0.5000,0.0000,20.0,8.06,0.09,"",2000,00:01:28:27,68.2,1h 0m,29.2,0.80,20.0,8.6,-15.9,-6.837,55.7,100.0,0.00,0.00
,01/26/2026 08:40,01/26/2026 09:21,GBPAUD,Buy,0.090,0.00000,1.97721,1.97521,1.97723,-0.5000,0.0000,20.2,8.69,0.09,"",1000,00:00:41:15,100.0,41m,7.6,0.05,20.2,9.09,0.0,0.0,100.0,100.0,0.00,0.00
,01/26/2026 08:49,01/26/2026 08:57,GBPUSD,Sell,0.090,0.00000,1.36453,1.36653,1.36621,-0.5000,0.0000,3.2,1.61,0.02,"",2000,00:00:07:13,37.5,2m,3.2,0.78,3.2,2.112,-2.5,-1.6500000000000001,56.1,100.0,0.00,0.00
,01/26/2026 08:40,01/26/2026 08:40,GBPAUD,Buy,0.090,0.00000,1.97526,1.97508,1.97513,-0.5000,0.0000,0.5,-0.27,0.00,"",1000,00:00:00:25,,,,,,,,,,,,
,01/26/2026 00:50,01/26/2026 05:58,CADJPY,Sell,0.100,0.00000,112.33600,112.53200,112.66800,-0.5600,0.0000,-13.6,-7.02,-0.08,"",2000,00:05:08:21,0.4,1m,85.6,36.23,2.3,1.1039999999999999,-83.3,-39.983999999999995,2.7,81.4,-15.90,-7.63
,01/16/2026 22:56,01/26/2026 05:58,CADJPY,Sell,0.050,0.00000,0.00000,113.57900,112.66700,-0.2800,-1.1900,91.2,20.18,0.22,"",0,09:07:02:25,26.3,2d 10h ,208.3,1.76,103.4,24.816,-182.4,-43.775999999999996,36.2,95.7,-12.20,-2.93
,01/26/2026 03:35,01/26/2026 04:03,CADJPY,Sell,0.100,0.00000,112.77900,112.97900,112.77700,-0.5600,0.0000,20.2,9.02,0.10,"",2000,00:00:28:43,3.6,1m,23.4,1.16,20.2,9.494,-23.4,-10.998,46.3,100.0,0.00,0.00
,01/26/2026 02:06,01/26/2026 02:54,CADJPY,Sell,0.100,0.00000,112.98500,113.18400,112.98300,-0.5600,0.0000,20.1,8.96,0.10,"",2000,00:00:47:25,83.4,39m,35.2,0.29,27.2,12.783999999999999,-8.0,-3.76,77.3,79.8,-7.10,-3.34
,01/26/2026 00:01,01/26/2026 00:50,CADJPY,Sell,0.100,0.00000,112.67400,112.87800,112.67700,-0.5600,0.0000,20.1,8.96,0.10,"",2000,00:00:49:27,2.0,59s,0.0,0.05,20.1,9.447000000000001,0.0,0.0,100.0,100.0,0.00,0.00
,01/26/2026 00:36,01/26/2026 00:43,CADJPY,Sell,0.100,0.00000,112.80800,112.99700,112.80100,-0.5600,0.0000,19.6,8.72,0.10,"",2000,00:00:07:02,14.3,1m,0.0,0.05,19.6,9.212,0.0,0.0,100.0,100.0,0.00,0.00
,01/19/2026 13:30,01/26/2026 00:01,CADJPY,Sell,0.050,0.00000,113.56400,113.76700,112.99400,-0.2800,-1.0400,77.3,16.95,0.19,"",2000,06:10:30:22,33.4,2d 3h ,168.0,2.12,77.3,18.552,-163.6,-39.263999999999996,32.1,100.0,0.00,0.00
,01/25/2026 09:37,,,Deposit,0.000,0.00000,0.00000,0.00000,0.00000,0.0000,0.0000,0.0,10.00,0,"Autotrf 82730285/fr 260076212",0,00:00:00:00,,,,,,,,,,,,
,01/25/2026 09:36,,,Withdrawal,0.000,0.00000,0.00000,0.00000,0.00000,0.0000,0.0000,0.0,-1000.00,0,"AutoTrf 82730276/to GBP13669520",0,00:00:00:00,,,,,,,,,,,,
,01/25/2026 09:35,,,Deposit,0.000,0.00000,0.00000,0.00000,0.00000,0.0000,0.0000,0.0,10.00,0,"Autotrf 82730268/fr 220106028",0,00:00:00:00,,,,,,,,,,,,
,01/20/2026 15:34,01/23/2026 20:23,CADJPY,Sell,0.050,0.00000,113.82900,114.02800,113.82800,-0.2800,-0.7500,20.0,3.68,0.04,"",2000,03:04:49:40,0.2,9m,137.5,6.88,20.0,4.8,-137.5,-33.0,12.7,100.0,0.00,0.00
,01/21/2026 03:28,01/23/2026 19:31,CADJPY,Sell,0.050,0.00000,114.02700,114.22700,114.02500,-0.2800,-0.5900,20.2,3.88,0.04,"",2000,02:16:03:08,8.8,5h 38m,130.9,5.82,20.2,4.848,-117.6,-28.223999999999997,14.7,100.0,0.00,0.00
,01/23/2026 09:49,01/23/2026 19:18,CADJPY,Sell,0.050,0.00000,114.33100,114.53100,114.33000,-0.2800,0.0000,20.1,4.43,0.04,"",2000,00:09:29:54,0.6,3m,90.7,3.01,29.5,6.785,-88.8,-20.424,24.9,92.1,-9.40,-2.16
,01/23/2026 18:21,01/23/2026 18:37,CADJPY,Sell,0.050,0.00000,114.75200,114.94700,114.75000,-0.2800,0.0000,19.7,4.32,0.04,"",2000,00:00:16:15,6.3,1m,19.6,0.99,19.7,4.531,-19.6,-4.508000000000001,50.1,100.0,0.00,0.00
,01/23/2026 07:34,01/23/2026 17:52,NZDUSD,Buy,0.250,0.00000,0.00000,0.59118,0.59187,-1.3800,0.0000,6.9,11.34,0.11,"",0,00:10:17:32,8.9,54m,20.9,2.91,6.9,12.696000000000002,-20.1,-36.984,25.6,100.0,0.00,0.00
,01/22/2026 18:49,01/23/2026 17:52,GBPUSD,Buy,0.160,0.00000,0.00000,1.34949,1.35635,-0.8800,-0.4100,68.6,79.63,0.80,"",0,00:23:02:35,63.9,14h 43m,24.3,0.26,68.6,80.948,-17.8,-21.004,79.4,100.0,0.00,0.00
,01/23/2026 12:57,01/23/2026 13:39,GBPCHF,Sell,1.620,0.00000,0.00000,1.06944,1.07016,-8.9200,0.0000,-7.2,-117.91,-1.17,"",0,00:00:42:09,0.0,0s,14.7,14.71,0.0,0.0,-14.7,-222.558,0.0,51.0,-7.20,-109.01
,01/23/2026 09:43,01/23/2026 09:44,CADJPY,Sell,0.050,0.00000,114.25500,114.48200,114.26700,-0.2800,0.0000,21.5,4.77,0.05,"",2000,00:00:00:31,,,,,,,,,,,,
,01/21/2026 18:40,01/23/2026 09:43,CADJPY,Sell,0.050,0.00000,114.28200,114.48200,114.27800,-0.2800,-0.5900,20.4,3.92,0.04,"",2000,01:15:03:32,18.4,7h 11m,77.8,3.22,20.4,4.692,-65.7,-15.111,23.7,100.0,0.00,0.00
,01/22/2026 11:48,01/23/2026 09:43,CADJPY,Sell,0.050,0.00000,114.56800,114.76100,114.55100,-0.2800,-0.1500,21.0,4.49,0.04,"",2000,00:21:55:31,12.6,2h 45m,45.6,1.80,21.0,4.83,-37.8,-8.693999999999999,35.7,100.0,0.00,0.00
,01/23/2026 09:43,01/23/2026 09:43,CADJPY,Sell,0.050,0.00000,115.02800,115.22200,115.02100,-0.2800,0.0000,20.1,4.41,0.04,"",2000,00:00:00:09,,,,,,,,,,,,
,01/20/2026 10:10,01/22/2026 18:12,UU.LSE,Buy,6.000,0.00000,12.34480,12.00000,12.00000,-0.1400,-0.0200,0.0,-0.79,-0.01,"",1000,02:08:01:23,,,,,,,,,,,,
,01/19/2026 14:43,01/22/2026 18:12,UU.LSE,Buy,6.000,0.00000,12.34070,12.00000,12.00000,-0.1400,-0.0300,0.0,-0.95,-0.01,"",1000,03:03:28:41,,,,,,,,,,,,
,01/19/2026 13:54,01/22/2026 18:12,UU.LSE,Buy,6.000,0.00000,12.37160,12.00000,12.00000,-0.1400,-0.0300,0.0,-1.13,-0.01,"",1000,03:04:17:49,,,,,,,,,,,,
,01/20/2026 17:33,01/22/2026 11:07,UU.LSE,Buy,6.000,0.00000,12.24980,12.00000,12.00000,-0.1400,-0.0200,0.0,0.23,0.00,"",1000,01:17:33:32,,,,,,,,,,,,
,01/21/2026 17:35,01/22/2026 10:05,UU.LSE,Buy,6.000,0.00000,12.15230,12.00000,12.00000,-0.1400,-0.0100,0.0,0.36,0.00,"",1000,00:16:29:28,,,,,,,,,,,,
,01/21/2026 21:31,01/21/2026 21:46,CHFJPY,Sell,0.100,0.00000,198.88200,199.09200,198.92300,-0.5600,0.0000,16.9,7.39,0.07,"",2000,00:00:15:36,6.7,1m,23.9,1.41,16.9,7.942999999999999,-23.9,-11.232999999999999,41.4,100.0,0.00,0.00
,01/21/2026 10:20,01/21/2026 21:31,CHFJPY,Sell,0.100,0.00000,199.09100,199.29200,199.08700,-0.5600,0.0000,20.5,9.09,0.09,"",2000,00:11:10:47,7.4,49m,70.5,3.20,20.5,9.635,-65.5,-30.784999999999997,23.8,100.0,0.00,0.00
,01/21/2026 14:01,01/21/2026 17:40,CHFJPY,Sell,0.100,0.00000,199.34500,199.54400,199.34200,-0.5600,0.0000,20.2,8.94,0.09,"",2000,00:03:38:57,22.4,49m,50.6,2.00,20.2,9.494,-40.3,-18.941,33.4,100.0,0.00,0.00
,01/21/2026 13:57,01/21/2026 16:11,EURGBP,Sell,0.100,0.00000,0.00000,0.87337,0.87244,-0.5600,0.0000,9.3,8.74,0.09,"",0,00:02:14:24,32.1,43m,12.8,1.04,9.3,9.3,-9.7,-9.7,48.9,100.0,0.00,0.00
,01/21/2026 15:05,01/21/2026 16:11,CHFJPY,Sell,0.100,0.00000,199.56500,199.75700,199.56400,-0.5600,0.0000,19.3,8.53,0.08,"",2000,00:01:06:22,10.7,7m,33.2,0.98,19.3,9.071,-19.0,-8.93,50.4,100.0,0.00,0.00
,01/21/2026 10:24,01/21/2026 11:15,UU.LSE,Buy,6.000,0.00000,12.21230,12.00000,12.00000,-0.1400,0.0000,0.0,0.19,0.00,"",1000,00:00:50:41,,,,,,,,,,,,
,01/21/2026 09:43,01/21/2026 10:20,CHFJPY,Sell,0.100,0.00000,199.30900,199.50900,199.30400,-0.5600,0.0000,20.5,9.10,0.09,"",2000,00:00:36:59,2.8,1m,50.4,2.46,20.5,9.635,-50.4,-23.688,28.9,100.0,0.00,0.00
,01/20/2026 17:39,01/21/2026 10:18,CHFJPY,Sell,0.100,0.00000,0.00000,199.84200,199.36600,-0.5600,0.0900,47.6,21.95,0.22,"",0,00:16:38:52,14.5,2h 24m,67.7,0.94,47.6,22.372,-44.6,-20.962,51.6,100.0,0.00,0.00
,01/21/2026 05:20,01/21/2026 09:43,CHFJPY,Sell,0.100,0.00000,199.52100,199.72100,199.51300,-0.5600,0.0000,20.8,9.24,0.09,"",2000,00:04:22:40,3.9,10m,41.1,1.83,20.8,9.776,-38.1,-17.907,35.3,100.0,0.00,0.00
,01/21/2026 05:01,01/21/2026 05:20,CHFJPY,Sell,0.100,0.00000,199.72400,199.92400,199.72200,-0.5600,0.0000,20.2,8.95,0.09,"",2000,00:00:19:21,5.3,1m,25.0,1.24,20.2,9.494,-25.0,-11.75,44.7,100.0,0.00,0.00
,01/20/2026 20:21,01/21/2026 05:01,CHFJPY,Sell,0.100,0.00000,199.92800,200.12800,199.92700,-0.5600,0.0900,20.1,9.00,0.09,"",2000,00:08:39:41,26.2,2h 16m,28.4,0.92,20.1,9.447000000000001,-18.5,-8.695,52.1,100.0,0.00,0.00
,01/20/2026 11:21,01/20/2026 12:43,UU.LSE,Buy,6.000,0.00000,12.31730,12.00000,12.00000,-0.1400,0.0000,0.0,0.22,0.00,"",1000,00:01:22:12,,,,,,,,,,,,
,01/20/2026 10:56,01/20/2026 11:16,UU.LSE,Buy,6.000,0.00000,12.22230,12.00000,12.00000,-0.1400,0.0000,0.0,0.25,0.00,"",1000,00:00:20:04,,,,,,,,,,,,
,01/20/2026 10:29,01/20/2026 10:39,CADJPY,Sell,0.050,0.00000,114.08300,114.28100,114.08200,-0.2800,0.0000,19.9,4.39,0.04,"",2000,00:00:09:36,10.0,57s,14.8,0.74,19.9,4.577,-14.8,-3.4040000000000004,57.3,100.0,0.00,0.00
,01/19/2026 13:26,01/19/2026 13:54,UU.LSE,Buy,3.000,0.00000,12.33160,12.00000,12.00000,-0.0800,0.0000,0.0,0.03,0.00,"",1000,00:00:27:56,,,,,,,,,,,,
,01/19/2026 13:36,,,Deposit,0.000,0.00000,0.00000,0.00000,0.00000,0.0000,0.0000,0.0,5000.00,0,"SolidPayments-FSA 82458467",0,00:00:00:00,,,,,,,,,,,,
,01/19/2026 13:14,01/19/2026 13:20,UU.LSE,Buy,1.000,0.00000,0.00000,12.00000,12.00000,-0.0400,0.0000,0.0,-0.04,0.00,"",0,00:00:06:09,,,,,,,,,,,,
,01/16/2026 22:55,01/16/2026 22:56,CADJPY,Sell,0.010,0.00000,0.00000,113.58100,113.58100,-0.0600,0.0000,0.0,-0.06,0.00,"",0,00:00:00:32,,,,,,,,,,,,
,01/16/2026 22:54,,,Deposit,0.000,0.00000,0.00000,0.00000,0.00000,0.0000,0.0000,0.0,4800.00,0,"SolidPayments-FSA 82404752",0,00:00:00:00,,,,,,,,,,,,
,01/16/2026 22:50,,,Deposit,0.000,0.00000,0.00000,0.00000,0.00000,0.0000,0.0000,0.0,100.00,0,"Autotrf 82404698/fr 220106028",0,00:00:00:00,,,,,,,,,,,,
,01/16/2026 22:49,,,Deposit,0.000,0.00000,0.00000,0.00000,0.00000,0.0000,0.0000,0.0,100.00,0,"Autotrf 82404680/fr 220106028",0,00:00:00:00,,,,,,,,,,,,

Open Trades
Tags,Open Date,Symbol,Action,Lots,Open Price,TP,SL,Profit,Pips,Swap
,05/25/2026 11:33,GBPUSD,Buy,0.040,1.34908,1.35108,0.0,-6.92,-23.3,-0.91
,05/29/2026 18:23,EURUSD,Buy,0.040,1.16796,1.16997,0.0,-14.82,-49.9,-0.75
,06/01/2026 08:47,GBPUSD,Buy,0.040,1.34659,1.34858,0.0,0.48,1.6,-0.2
,06/02/2026 23:03,EURUSD,Buy,0.040,1.16339,1.16539,0.0,-1.25,-4.2,-0.25

