Open Date,Close Date,Symbol,Action,Units/Lots,Open Price,Close Price,Commission,Swap,Pips,Profit,Gain,Magic Number,Duration (DD:HH:MM:SS),Profitable(%),Profitable(time duration),Drawdown,Risk:Reward,Max(pips),Max(USD),Min(pips),Min(USD),Entry Accuracy(%),Exit Accuracy(%),ProfitMissed(pips),ProfitMissed(USD)
06/01/2026 11:16,06/01/2026 13:47,XAUUSD,Sell,0.050,4492.61000,4508.14000,0.0000,0.0000,-1553.0,-77.65,-0.99,100,00:02:31:08,24.6,37m,4641.0,0.62,3088.0,154.4,-1907.0,-95.35000000000001,61.8,7.1,-4641.00,-232.05
06/01/2026 10:15,06/01/2026 13:47,XAUUSD,Sell,0.040,4507.89000,4508.04000,0.0000,0.0000,-15.0,-0.60,-0.01,100,00:03:31:29,85.0,2h 59m,4631.0,0.08,4616.0,184.64000000000001,-379.0,-15.16,92.4,7.3,-4631.00,-185.24
06/01/2026 09:41,06/01/2026 13:47,XAUUSD,Sell,0.040,4505.49000,4508.18000,0.0000,0.0000,-269.0,-10.76,-0.14,100,00:04:06:22,65.2,2h 40m,4645.0,0.14,4376.0,175.04,-619.0,-24.76,87.6,7.0,-4645.00,-185.80
05/29/2026 20:59,06/01/2026 13:47,XAUUSD,Sell,0.040,4553.68000,4508.04000,0.0000,0.7600,4564.0,183.32,2.38,100,02:16:48:05,24.6,15h 56m,4347.0,0.00,8911.0,356.44,0.0,0.0,100.0,51.2,-4347.00,-173.88
05/29/2026 19:07,05/29/2026 22:03,XAUUSD,Buy,0.030,4567.80000,4553.69000,0.0000,0.0000,-1411.0,-42.33,-0.55,100,00:02:56:07,0.0,0s,2877.0,3333.33,0.0,0.0,-2877.0,-86.31,0.0,51.0,-1411.00,-42.33
05/25/2026 13:39,05/26/2026 03:01,XAUUSD,Buy,0.040,4571.77000,4549.01000,0.0000,-2.4000,-2276.0,-93.44,-1.19,100,00:13:22:36,16.1,2h 9m,5026.0,5.39,787.0,31.48,-4239.0,-169.56,15.7,39.1,-3063.00,-122.52
05/25/2026 11:45,05/25/2026 13:03,XAUUSD,Sell,0.050,4553.75000,4569.76000,0.0000,0.0000,-1601.0,-80.05,-1.01,100,00:01:17:40,0.0,0s,1601.0,1666.67,0.0,0.0,-1601.0,-80.05000000000001,0.0,0.0,-1601.00,-80.05
05/25/2026 10:50,05/25/2026 13:03,XAUUSD,Sell,0.040,4562.96000,4569.76000,0.0000,0.0000,-680.0,-27.20,-0.34,100,00:02:12:27,19.3,25m,1549.0,1.51,869.0,34.76,-1311.0,-52.44,39.9,28.9,-1549.00,-61.96
05/22/2026 13:22,05/25/2026 01:05,XAUUSD,Sell,0.040,4528.52000,4551.58000,0.0000,0.7600,-2306.0,-91.48,-1.14,100,02:11:42:12,94.9,2d 8h ,8425.0,1.37,3551.0,142.04,-4874.0,-194.96,42.1,30.5,-5857.00,-234.28
05/22/2026 12:40,05/25/2026 01:05,XAUUSD,Sell,0.040,4523.85000,4551.58000,0.0000,0.7600,-2773.0,-110.16,-1.35,100,02:12:24:16,94.1,2d 8h ,8425.0,1.73,3084.0,123.36,-5341.0,-213.64000000000001,36.6,30.5,-5857.00,-234.28
05/22/2026 12:03,05/25/2026 01:05,XAUUSD,Sell,0.040,4524.80000,4551.58000,0.0000,0.7600,-2678.0,-106.36,-1.29,100,02:13:01:48,94.0,2d 9h ,8425.0,1.65,3179.0,127.16,-5246.0,-209.84,37.7,30.5,-5857.00,-234.28
05/22/2026 11:11,05/25/2026 01:05,XAUUSD,Sell,0.040,4528.31000,4551.58000,0.0000,0.7600,-2327.0,-92.32,-1.11,100,02:13:53:45,94.7,2d 10h ,8425.0,1.39,3530.0,141.20000000000002,-4895.0,-195.8,41.9,30.5,-5857.00,-234.28
05/22/2026 10:39,05/25/2026 01:05,XAUUSD,Sell,0.030,4518.83000,4551.58000,0.0000,0.5700,-3275.0,-97.68,-1.16,100,02:14:25:22,89.9,2d 8h ,8425.0,2.26,2582.0,77.46,-5843.0,-175.29,30.6,30.5,-5857.00,-175.71
05/22/2026 09:44,05/25/2026 01:05,XAUUSD,Sell,0.040,4523.72000,4551.58000,0.0000,0.7600,-2786.0,-110.68,-1.29,100,02:15:20:51,92.7,2d 10h ,8425.0,1.74,3071.0,122.84,-5354.0,-214.16,36.5,30.5,-5857.00,-234.28
05/21/2026 21:03,05/21/2026 21:55,XAUUSD,Buy,0.020,4548.95000,4529.01000,0.0000,0.0000,-1994.0,-39.88,-0.46,100,00:00:52:49,0.0,0s,1994.0,2000.00,0.0,0.0,-1994.0,-39.88,0.0,0.0,-1994.00,-39.88
05/21/2026 16:39,05/21/2026 16:53,XAUUSD,Sell,0.040,4492.05000,4515.37000,0.0000,0.0000,-2332.0,-93.28,-1.07,100,00:00:13:11,0.0,0s,2817.0,3333.33,0.0,0.0,-2817.0,-112.68,0.0,17.2,-2332.00,-93.28
05/21/2026 15:56,05/21/2026 16:53,XAUUSD,Sell,0.040,4504.94000,4515.47000,0.0000,0.0000,-1053.0,-42.12,-0.48,100,00:00:57:03,0.0,0s,1528.0,1666.67,0.0,0.0,-1528.0,-61.120000000000005,0.0,31.1,-1053.00,-42.12
05/21/2026 15:12,05/21/2026 16:53,XAUUSD,Sell,0.030,4515.81000,4515.47000,0.0000,0.0000,34.0,1.02,0.01,100,00:01:40:20,51.5,51m,1722.0,0.34,1281.0,38.43,-441.0,-13.229999999999999,74.4,27.6,-1247.00,-37.41
05/21/2026 14:37,05/21/2026 16:53,XAUUSD,Sell,0.030,4509.73000,4515.47000,0.0000,0.0000,-574.0,-17.22,-0.20,100,00:02:15:20,49.3,1h 6m,2185.0,0.92,1136.0,34.08,-1049.0,-31.47,52.0,21.7,-1710.00,-51.30
05/20/2026 13:51,05/20/2026 17:21,XAUUSD,Sell,0.040,4490.96000,4504.96000,0.0000,0.0000,-1400.0,-56.00,-0.64,100,00:03:30:18,11.5,24m,8322.0,2.78,2199.0,87.96000000000001,-6123.0,-244.92000000000002,26.4,56.8,-3599.00,-143.96
05/20/2026 11:52,05/20/2026 17:21,XAUUSD,Sell,0.040,4486.08000,4505.05000,0.0000,0.0000,-1897.0,-75.88,-0.85,100,00:05:28:40,7.6,24m,8322.0,3.86,1711.0,68.44,-6611.0,-264.44,20.6,56.6,-3608.00,-144.32
05/20/2026 11:09,05/20/2026 17:21,XAUUSD,Sell,0.060,4480.02000,4504.96000,0.0000,0.0000,-2494.0,-149.64,-1.66,100,00:06:12:19,2.7,10m,8322.0,6.53,1105.0,66.3,-7217.0,-433.02,13.3,56.8,-3599.00,-215.94
05/20/2026 10:37,05/20/2026 17:21,XAUUSD,Sell,0.060,4476.53000,4504.87000,0.0000,0.0000,-2834.0,-170.04,-1.85,100,00:06:44:13,1.3,5m,8322.0,10.01,756.0,45.36,-7566.0,-453.96,9.1,56.9,-3590.00,-215.40
05/19/2026 19:31,05/20/2026 02:41,XAUUSD,Sell,0.230,4510.79000,4495.22000,0.0000,4.3700,1557.0,362.48,4.10,100,00:07:10:13,100.0,7h 10m,3447.0,0.00,5004.0,1150.92,0.0,0.0,100.0,31.1,-3447.00,-792.81
05/19/2026 20:38,05/20/2026 02:41,XAUUSD,Sell,0.100,4505.65000,4495.67000,0.0000,1.9000,998.0,101.70,1.16,100,00:06:02:54,100.0,6h 2m,3492.0,0.00,4490.0,449.0,0.0,0.0,100.0,22.2,-3492.00,-349.20
05/19/2026 18:10,05/20/2026 02:41,XAUUSD,Sell,0.060,4498.93000,4495.67000,0.0000,1.1400,326.0,20.70,0.24,100,00:08:31:05,90.2,7h 40m,3492.0,0.17,3818.0,229.07999999999998,-651.0,-39.059999999999995,85.4,21.9,-3492.00,-209.52
05/19/2026 17:03,05/20/2026 02:41,XAUUSD,Sell,0.020,4498.08000,4495.67000,0.0000,0.3800,241.0,5.20,0.06,100,00:09:38:13,78.5,7h 33m,3492.0,0.33,3733.0,74.66,-1239.0,-24.78,75.1,29.8,-3492.00,-69.84
05/19/2026 14:16,05/19/2026 16:31,XAUUSD,Sell,0.080,4538.18000,4484.78000,0.0000,0.0000,5340.0,427.20,5.16,100,00:02:14:39,100.0,2h 14m,2460.0,0.00,5340.0,427.2,0.0,0.0,100.0,100.0,0.00,0.00
05/19/2026 13:43,05/19/2026 16:31,XAUUSD,Sell,0.050,4532.98000,4484.78000,0.0000,0.0000,4820.0,241.00,3.00,100,00:02:48:11,100.0,2h 48m,3541.0,0.00,5651.0,282.55,0.0,0.0,100.0,85.3,-831.00,-41.55
05/18/2026 12:03,05/18/2026 15:43,XAUUSD,Sell,0.030,4542.71000,4568.76000,0.0000,0.0000,-2605.0,-78.15,-0.96,100,00:03:39:21,20.5,44m,4085.0,4.69,871.0,26.13,-4085.0,-122.55,17.6,29.9,-3476.00,-104.28
05/18/2026 10:23,05/18/2026 15:43,XAUUSD,Sell,0.030,4540.70000,4567.83000,0.0000,0.0000,-2713.0,-81.39,-0.99,100,00:05:19:21,27.6,1h 28m,5091.0,5.32,805.0,24.15,-4286.0,-128.57999999999998,15.8,30.9,-3518.00,-105.54
05/18/2026 13:18,05/18/2026 14:41,XAUUSD,Sell,0.040,4540.64000,4564.98000,0.0000,0.0000,-2434.0,-97.36,-1.17,100,00:01:23:01,0.0,0s,4292.0,5000.00,0.0,0.0,-4292.0,-171.68,0.0,43.3,-2434.00,-97.36
05/18/2026 12:25,05/18/2026 14:41,XAUUSD,Sell,0.060,4545.45000,4562.40000,0.0000,0.0000,-1695.0,-101.70,-1.21,100,00:02:16:19,1.5,2m,3811.0,11.95,319.0,19.14,-3811.0,-228.66,7.7,51.2,-2014.00,-120.84
05/15/2026 14:55,05/15/2026 17:14,XAUUSD,Sell,0.040,4550.30000,4550.10000,0.0000,0.0000,20.0,0.80,0.01,100,00:02:18:10,75.6,1h 44m,2762.0,0.76,2069.0,82.76,-1578.0,-63.120000000000005,56.7,43.8,-2049.00,-81.96
05/15/2026 14:08,05/15/2026 17:14,XAUUSD,Sell,0.040,4562.48000,4550.04000,0.0000,0.0000,1244.0,49.76,0.60,100,00:03:05:14,97.9,3h 1m,2824.0,0.11,3287.0,131.48,-360.0,-14.4,90.1,44.0,-2043.00,-81.72
05/15/2026 13:03,05/15/2026 17:14,XAUUSD,Sell,0.040,4547.60000,4550.08000,0.0000,0.0000,-248.0,-9.92,-0.12,100,00:04:10:49,60.6,2h 31m,5384.0,0.52,3536.0,141.44,-1848.0,-73.92,65.7,29.7,-3784.00,-151.36
05/15/2026 12:42,05/15/2026 17:14,XAUUSD,Sell,0.040,4548.19000,4550.08000,0.0000,0.0000,-189.0,-7.56,-0.09,100,00:04:31:34,60.0,2h 42m,5384.0,0.50,3595.0,143.8,-1789.0,-71.56,66.8,29.7,-3784.00,-151.36
05/14/2026 12:35,05/14/2026 15:20,XAUUSD,Sell,0.070,4693.13000,4707.14000,0.0000,0.0000,-1401.0,-98.07,-1.16,100,00:02:44:53,65.5,1h 47m,3709.0,0.61,2308.0,161.56,-1401.0,-98.07000000000001,62.2,0.0,-3709.00,-259.63
05/14/2026 10:12,05/14/2026 10:36,XAUUSD,Sell,0.070,4697.22000,4716.65000,0.0000,0.0000,-1943.0,-136.01,-1.58,100,00:00:23:55,87.5,20m,2220.0,7.02,277.0,19.39,-1943.0,-136.01000000000002,12.5,0.0,-2220.00,-155.40
05/12/2026 15:43,05/12/2026 17:33,XAUUSD,Sell,0.120,4708.17000,4671.93000,0.0000,0.0000,3624.0,434.88,5.33,100,00:01:49:40,100.0,1h 49m,1685.0,0.00,4307.0,516.84,0.0,0.0,100.0,84.1,-683.00,-81.96
05/12/2026 15:20,05/12/2026 15:43,XAUUSD,Sell,0.110,4707.41000,4708.63000,0.0000,0.0000,-122.0,-13.42,-0.16,100,00:00:22:56,95.7,21m,6727.0,0.02,6605.0,726.55,-122.0,-13.42,98.2,0.0,-6727.00,-739.97
05/12/2026 14:39,05/12/2026 15:43,XAUUSD,Sell,0.100,4703.30000,4709.00000,0.0000,0.0000,-570.0,-57.00,-0.69,100,00:01:04:11,98.5,1h 3m,6764.0,0.09,6194.0,619.4000000000001,-570.0,-57.0,91.6,0.0,-6764.00,-676.40
05/12/2026 14:15,05/12/2026 15:43,XAUUSD,Sell,0.060,4693.93000,4708.63000,0.0000,0.0000,-1470.0,-88.20,-1.06,100,00:01:27:42,98.9,1h 26m,6727.0,0.28,5257.0,315.42,-1470.0,-88.2,78.1,0.0,-6727.00,-403.62
05/12/2026 13:43,05/12/2026 15:43,XAUUSD,Sell,0.030,4690.98000,4709.00000,0.0000,0.0000,-1802.0,-54.06,-0.65,100,00:01:59:32,89.2,1h 46m,6764.0,0.36,4962.0,148.85999999999999,-1802.0,-54.059999999999995,73.4,0.0,-6764.00,-202.92
05/11/2026 11:15,05/11/2026 13:24,XAUUSD,Sell,0.070,4672.33000,4665.02000,0.0000,0.0000,731.0,51.17,0.61,100,00:02:09:42,29.5,38m,6568.0,8.39,731.0,51.17,-6128.0,-428.96000000000004,10.7,100.0,0.00,0.00
05/08/2026 13:43,05/08/2026 15:11,XAUUSD,Buy,0.040,4726.63000,4705.47000,0.0000,0.0000,-2116.0,-84.64,-1.01,100,00:01:27:26,38.7,33m,4213.0,1.01,2097.0,83.88,-2116.0,-84.64,49.8,0.0,-4213.00,-168.52
05/08/2026 13:22,05/08/2026 15:11,XAUUSD,Buy,0.060,4720.60000,4705.47000,0.0000,0.0000,-1513.0,-90.78,-1.07,100,00:01:48:16,71.6,1h 17m,4213.0,0.56,2700.0,162.0,-1513.0,-90.78,64.1,0.0,-4213.00,-252.78
05/08/2026 12:20,05/08/2026 15:11,XAUUSD,Buy,0.070,4719.86000,4705.47000,0.0000,0.0000,-1439.0,-100.73,-1.17,100,00:02:50:38,74.3,2h 6m,4213.0,0.52,2774.0,194.18,-1439.0,-100.73,65.8,0.0,-4213.00,-294.91
05/08/2026 11:39,05/08/2026 15:11,XAUUSD,Buy,0.050,4722.15000,4704.82000,0.0000,0.0000,-1733.0,-86.65,-1.00,100,00:03:31:49,54.3,1h 55m,4278.0,0.68,2545.0,127.25,-1733.0,-86.65,59.5,0.0,-4278.00,-213.90
05/08/2026 11:17,05/08/2026 15:11,XAUUSD,Buy,0.050,4712.99000,4705.47000,0.0000,0.0000,-752.0,-37.60,-0.43,100,00:03:53:51,88.1,3h 26m,4213.0,0.23,3461.0,173.05,-806.0,-40.300000000000004,81.1,1.3,-4213.00,-210.65
05/07/2026 11:33,05/07/2026 11:59,XAUUSD,Buy,0.100,4740.39000,4730.50000,0.0000,0.0000,-989.0,-98.90,-1.12,100,00:00:25:41,20.0,5m,1241.0,3.92,252.0,25.200000000000003,-989.0,-98.9,20.3,0.0,-1241.00,-124.10
05/07/2026 11:12,05/07/2026 11:59,XAUUSD,Buy,0.060,4746.12000,4730.50000,0.0000,0.0000,-1562.0,-93.72,-1.05,100,00:00:47:12,0.0,0s,1562.0,1666.67,0.0,0.0,-1562.0,-93.72,0.0,0.0,-1562.00,-93.72
05/06/2026 21:17,05/07/2026 09:31,XAUUSD,Buy,0.090,4688.56000,4725.70000,0.0000,-16.2000,3714.0,318.06,3.70,100,00:12:14:16,92.7,11h 20m,2651.0,0.04,6072.0,546.48,-221.0,-19.89,96.5,62.5,-2358.00,-212.22
05/06/2026 16:08,05/06/2026 18:13,XAUUSD,Buy,0.190,4673.59000,4694.89000,0.0000,0.0000,2130.0,404.70,4.94,100,00:02:05:11,100.0,2h 5m,1227.0,0.00,2130.0,404.7,0.0,0.0,100.0,100.0,0.00,0.00
05/06/2026 11:20,05/06/2026 11:35,XAUUSD,Buy,0.110,4677.41000,4673.97000,0.0000,0.0000,-344.0,-37.84,-0.46,100,00:00:15:15,93.4,14m,3980.0,0.09,3636.0,399.96,-344.0,-37.84,91.4,0.0,-3980.00,-437.80
05/06/2026 10:27,05/06/2026 11:35,XAUUSD,Buy,0.040,4665.96000,4673.77000,0.0000,0.0000,781.0,31.24,0.38,100,00:01:08:05,100.0,1h 8m,4796.0,0.00,5577.0,223.08,0.0,0.0,100.0,14.0,-4796.00,-191.84
05/06/2026 10:06,05/06/2026 11:35,XAUUSD,Buy,0.040,4666.67000,4673.79000,0.0000,0.0000,712.0,28.48,0.35,100,00:01:28:48,100.0,1h 28m,4794.0,0.00,5506.0,220.24,0.0,0.0,100.0,12.9,-4794.00,-191.76
05/05/2026 18:44,05/05/2026 19:25,XAUUSD,Buy,0.060,4574.83000,4559.15000,0.0000,0.0000,-1568.0,-94.08,-1.14,100,00:00:40:58,0.0,0s,1920.0,2000.00,0.0,0.0,-1920.0,-115.19999999999999,0.0,18.3,-1568.00,-94.08
05/05/2026 13:07,05/05/2026 15:11,XAUUSD,Sell,0.080,4555.02000,4567.44000,0.0000,0.0000,-1242.0,-99.36,-1.19,100,00:02:03:55,0.0,0s,3117.0,3333.33,0.0,0.0,-3117.0,-249.36,0.0,60.2,-1242.00,-99.36
05/05/2026 12:47,05/05/2026 15:11,XAUUSD,Sell,0.100,4557.12000,4567.44000,0.0000,0.0000,-1032.0,-103.20,-1.22,100,00:02:24:34,0.0,0s,2907.0,3333.33,0.0,0.0,-2907.0,-290.7,0.0,64.5,-1032.00,-103.20
05/05/2026 10:54,05/05/2026 15:11,XAUUSD,Sell,0.060,4545.78000,4567.44000,0.0000,0.0000,-2166.0,-129.96,-1.51,100,00:04:17:03,3.9,10m,4611.0,7.09,570.0,34.199999999999996,-4041.0,-242.45999999999998,12.4,40.7,-2736.00,-164.16
05/04/2026 12:59,05/04/2026 13:07,XAUUSD,Sell,0.050,4575.16000,4544.81000,0.0000,0.0000,3035.0,151.75,1.80,100,00:00:07:17,,,,,,,,,,,,
05/04/2026 11:47,05/04/2026 13:07,XAUUSD,Sell,0.060,4577.91000,4544.81000,0.0000,0.0000,3310.0,198.60,2.41,100,00:01:19:39,100.0,1h 19m,1354.0,0.00,3310.0,198.6,0.0,0.0,100.0,100.0,0.00,0.00
05/04/2026 10:56,05/04/2026 13:07,XAUUSD,Sell,0.040,4581.75000,4544.81000,0.0000,0.0000,3694.0,147.76,1.82,100,00:02:10:37,100.0,2h 10m,2010.0,0.00,3694.0,147.76,0.0,0.0,100.0,100.0,0.00,0.00
05/01/2026 20:21,05/01/2026 21:02,XAUUSD,Buy,0.070,4638.43000,4624.68000,0.0000,0.0000,-1375.0,-96.25,-1.17,100,00:00:41:29,0.0,0s,0.0,1.00,0.0,0.0,0.0,0.0,0,0,-1375.00,-96.25
05/01/2026 13:38,05/01/2026 15:14,XAUUSD,Sell,0.060,4569.82000,4583.58000,0.0000,0.0000,-1376.0,-82.56,-1.00,100,00:01:35:19,0.0,0s,8886.0,10000.00,0.0,0.0,-8886.0,-533.16,0.0,84.5,-1376.00,-82.56
05/01/2026 13:18,05/01/2026 15:14,XAUUSD,Sell,0.060,4567.76000,4583.58000,0.0000,0.0000,-1582.0,-94.92,-1.13,100,00:01:56:02,0.0,0s,9092.0,10000.00,0.0,0.0,-9092.0,-545.52,0.0,82.6,-1582.00,-94.92
05/01/2026 11:24,05/01/2026 15:14,XAUUSD,Sell,0.060,4568.99000,4584.00000,0.0000,0.0000,-1501.0,-90.06,-1.06,100,00:03:49:34,0.0,0s,8969.0,10000.00,0.0,0.0,-8969.0,-538.14,0.0,83.3,-1501.00,-90.06
05/01/2026 09:32,05/01/2026 15:14,XAUUSD,Sell,0.060,4592.67000,4583.74000,0.0000,0.0000,893.0,53.58,0.64,100,00:05:41:38,58.5,3h 19m,9831.0,2.04,3230.0,193.79999999999998,-6601.0,-396.06,32.9,76.2,-2337.00,-140.22
05/01/2026 11:45,05/01/2026 13:56,XAUUSD,Sell,0.080,4572.13000,4567.96000,0.0000,0.0000,417.0,33.36,0.40,100,00:02:11:19,0.8,1m,5462.0,13.11,417.0,33.36,-5462.0,-436.96000000000004,7.1,100.0,0.00,0.00
05/01/2026 12:57,05/01/2026 13:56,XAUUSD,Sell,0.070,4561.20000,4567.93000,0.0000,0.0000,-673.0,-47.11,-0.56,100,00:00:59:34,0.0,0s,6555.0,10000.00,0.0,0.0,-6555.0,-458.85,0.0,89.7,-673.00,-47.11
04/30/2026 16:20,04/30/2026 16:41,XAUUSD,Buy,0.060,4639.13000,4622.88000,0.0000,0.0000,-1625.0,-97.50,-1.14,100,00:00:21:20,0.0,0s,3151.0,3333.33,0.0,0.0,-3151.0,-189.06,0.0,48.4,-1625.00,-97.50
04/30/2026 14:25,04/30/2026 16:41,XAUUSD,Buy,0.040,4637.30000,4622.91000,0.0000,0.0000,-1439.0,-57.56,-0.67,100,00:02:16:36,0.0,0s,3074.0,3333.33,0.0,0.0,-3074.0,-122.96000000000001,0.0,53.2,-1439.00,-57.56
04/29/2026 15:58,04/29/2026 17:16,XAUUSD,Sell,0.040,4548.23000,4533.08000,0.0000,0.0000,1515.0,60.60,0.71,100,00:01:17:31,24.4,18m,1510.0,1.00,1515.0,60.6,-1510.0,-60.4,50.1,100.0,0.00,0.00
04/29/2026 13:45,04/29/2026 17:16,XAUUSD,Sell,0.040,4565.99000,4531.93000,0.0000,0.0000,3406.0,136.24,1.62,100,00:03:31:17,100.0,3h 31m,5196.0,0.00,5462.0,218.48000000000002,0.0,0.0,100.0,62.4,-2056.00,-82.24
04/28/2026 21:30,04/29/2026 03:01,XAUUSD,Sell,0.050,4599.34000,4604.96000,0.0000,0.9500,-562.0,-27.15,-0.32,100,00:05:30:59,67.4,3h 43m,2793.0,0.45,2231.0,111.55000000000001,-1007.0,-50.35,68.9,13.7,-2793.00,-139.65
04/28/2026 13:54,04/28/2026 14:37,XAUUSD,Sell,0.080,4609.27000,4579.68000,0.0000,0.0000,2959.0,236.72,2.90,100,00:00:42:11,100.0,42m,1585.0,0.00,4544.0,363.52,0.0,0.0,100.0,65.1,-1585.00,-126.80
04/28/2026 12:49,04/28/2026 14:37,XAUUSD,Sell,0.070,4611.81000,4579.68000,0.0000,0.0000,3213.0,224.91,2.83,100,00:01:47:19,100.0,1h 47m,1883.0,0.00,4798.0,335.86,0.0,0.0,100.0,67.0,-1585.00,-110.95
04/28/2026 11:58,04/28/2026 14:37,XAUUSD,Sell,0.050,4629.52000,4579.68000,0.0000,0.0000,4984.0,249.20,3.24,100,00:02:38:29,100.0,2h 38m,4178.0,0.00,7211.0,360.55,0.0,0.0,100.0,69.1,-2227.00,-111.35
04/28/2026 11:27,04/28/2026 14:37,XAUUSD,Sell,0.040,4621.78000,4579.68000,0.0000,0.0000,4210.0,168.40,2.24,100,00:03:09:19,100.0,3h 9m,4220.0,0.00,6479.0,259.16,0.0,0.0,100.0,65.0,-2269.00,-90.76
04/28/2026 11:07,04/28/2026 14:37,XAUUSD,Sell,0.040,4620.61000,4579.68000,0.0000,0.0000,4093.0,163.72,2.22,100,00:03:29:48,100.0,3h 29m,4220.0,0.00,6362.0,254.48000000000002,0.0,0.0,100.0,64.3,-2269.00,-90.76
04/27/2026 13:23,04/27/2026 18:02,XAUUSD,Sell,0.080,4704.58000,4674.17000,0.0000,0.0000,3041.0,243.28,3.41,100,00:04:38:44,100.0,4h 38m,1829.0,0.00,3728.0,298.24,0.0,0.0,100.0,81.6,-687.00,-54.96
04/27/2026 12:50,04/27/2026 18:02,XAUUSD,Sell,0.060,4700.44000,4674.17000,0.0000,0.0000,2627.0,157.62,2.26,100,00:05:12:17,96.8,5h 2m,1829.0,0.09,3314.0,198.84,-293.0,-17.58,91.9,81.0,-687.00,-41.22
04/27/2026 11:56,04/27/2026 13:33,XAUUSD,Sell,0.050,4708.35000,4708.01000,0.0000,0.0000,34.0,1.70,0.02,100,00:01:36:47,89.7,1h 26m,1035.0,0.33,1069.0,53.45,-352.0,-17.6,75.2,27.2,-1035.00,-51.75
04/24/2026 20:15,04/24/2026 23:02,XAUUSD,Buy,0.060,4727.55000,4712.02000,0.0000,0.0000,-1553.0,-93.18,-1.32,100,00:02:47:20,0.0,0s,2494.0,2500.00,0.0,0.0,-2494.0,-149.64,0.0,37.7,-1553.00,-93.18
04/24/2026 17:42,04/24/2026 23:02,XAUUSD,Buy,0.030,4729.50000,4711.65000,0.0000,0.0000,-1785.0,-53.55,-0.75,100,00:05:19:38,0.0,0s,2689.0,3333.33,0.0,0.0,-2689.0,-80.67,0.0,33.6,-1785.00,-53.55
04/24/2026 09:31,04/24/2026 10:45,XAUUSD,Sell,0.060,4674.69000,4689.00000,0.0000,0.0000,-1431.0,-85.86,-1.19,100,00:01:14:27,0.0,0s,1431.0,1666.67,0.0,0.0,-1431.0,-85.86,0.0,0.0,-1431.00,-85.86
04/23/2026 13:59,04/23/2026 14:47,XAUUSD,Sell,0.080,4696.78000,4708.57000,0.0000,0.0000,-1179.0,-94.32,-1.29,100,00:00:47:54,0.0,0s,3688.0,5000.00,0.0,0.0,-3688.0,-295.04,0.0,68.0,-1179.00,-94.32
04/23/2026 12:57,04/23/2026 14:47,XAUUSD,Sell,0.050,4698.11000,4708.61000,0.0000,0.0000,-1050.0,-52.50,-0.71,100,00:01:50:00,0.0,0s,4232.0,5000.00,0.0,0.0,-4232.0,-211.60000000000002,0.0,75.2,-1050.00,-52.50
04/23/2026 12:16,04/23/2026 14:47,XAUUSD,Sell,0.050,4698.29000,4708.52000,0.0000,0.0000,-1023.0,-51.15,-0.69,100,00:02:31:00,0.0,0s,4337.0,5000.00,0.0,0.0,-4337.0,-216.85000000000002,0.0,76.4,-1023.00,-51.15
04/22/2026 14:58,04/22/2026 20:01,XAUUSD,Sell,0.070,4751.02000,4732.72000,0.0000,0.0000,1830.0,128.10,1.76,100,00:05:02:53,100.0,5h 2m,2190.0,0.00,2609.0,182.63000000000002,0.0,0.0,100.0,70.1,-779.00,-54.53
04/22/2026 12:54,04/22/2026 20:01,XAUUSD,Sell,0.040,4754.59000,4732.46000,0.0000,0.0000,2213.0,88.52,1.23,100,00:07:06:44,98.2,6h 59m,2190.0,0.17,2966.0,118.64,-518.0,-20.72,85.1,78.4,-753.00,-30.12
04/22/2026 09:30,04/22/2026 10:11,XAUUSD,Buy,0.050,4767.65000,4766.89000,0.0000,0.0000,-76.0,-3.80,-0.05,100,00:00:41:06,0.0,0s,1927.0,2000.00,0.0,0.0,-1927.0,-96.35000000000001,0.0,96.1,-76.00,-3.80
04/21/2026 13:23,04/21/2026 14:48,XAUUSD,Sell,0.080,4784.02000,4798.33000,0.0000,0.0000,-1431.0,-114.48,-1.57,100,00:01:25:01,77.7,1h 6m,6976.0,0.26,5545.0,443.6,-1431.0,-114.48,79.5,0.0,-6976.00,-558.08
04/21/2026 12:21,04/21/2026 14:48,XAUUSD,Sell,0.050,4787.31000,4798.24000,0.0000,0.0000,-1093.0,-54.65,-0.74,100,00:02:27:16,88.6,2h 10m,6967.0,0.19,5874.0,293.7,-1093.0,-54.650000000000006,84.3,0.0,-6967.00,-348.35
04/21/2026 11:59,04/21/2026 14:48,XAUUSD,Sell,0.040,4787.20000,4798.24000,0.0000,0.0000,-1104.0,-44.16,-0.60,100,00:02:49:03,79.3,2h 14m,6967.0,0.19,5863.0,234.52,-1104.0,-44.160000000000004,84.2,0.0,-6967.00,-278.68
04/21/2026 11:16,04/21/2026 14:48,XAUUSD,Sell,0.060,4778.09000,4798.24000,0.0000,0.0000,-2015.0,-120.90,-1.61,100,00:03:31:27,34.0,1h 11m,6967.0,0.41,4952.0,297.12,-2015.0,-120.89999999999999,71.1,0.0,-6967.00,-418.02
04/20/2026 14:50,04/20/2026 15:35,XAUUSD,Buy,0.070,4802.13000,4802.51000,0.0000,0.0000,38.0,2.66,0.04,100,00:00:44:31,55.6,24m,1477.0,1.05,721.0,50.470000000000006,-756.0,-52.92,48.8,53.8,-683.00,-47.81
04/20/2026 09:40,04/20/2026 10:00,XAUUSD,Sell,0.090,4788.05000,4798.80000,0.0000,0.0000,-1075.0,-96.75,-1.27,100,00:00:19:23,0.0,0s,1075.0,1111.11,0.0,0.0,-1075.0,-96.75,0.0,0.0,-1075.00,-96.75
04/17/2026 21:16,04/17/2026 23:36,XAUUSD,Buy,0.050,4862.33000,4843.87000,0.0000,0.0000,-1846.0,-92.30,-1.20,100,00:02:20:16,,,,,,,,,,,,
04/17/2026 20:17,04/17/2026 23:11,XAUUSD,Buy,0.050,4864.01000,4845.12000,0.0000,0.0000,-1889.0,-94.45,-1.21,100,00:02:53:54,0.0,0s,3580.0,5000.00,0.0,0.0,-3580.0,-179.0,0.0,47.2,-1889.00,-94.45
04/17/2026 15:17,04/17/2026 15:48,XAUUSD,Buy,0.100,4804.40000,4838.58000,0.0000,0.0000,3418.0,341.80,4.58,100,00:00:30:15,100.0,30m,3555.0,0.00,6973.0,697.3000000000001,0.0,0.0,100.0,49.0,-3555.00,-355.50
04/16/2026 13:59,04/16/2026 16:52,XAUUSD,Buy,0.070,4817.15000,4803.97000,0.0000,0.0000,-1318.0,-92.26,-1.22,100,00:02:52:30,0.0,0s,2969.0,3333.33,0.0,0.0,-2969.0,-207.83,0.0,55.6,-1318.00,-92.26
04/16/2026 12:27,04/16/2026 16:52,XAUUSD,Buy,0.080,4815.88000,4803.97000,0.0000,0.0000,-1191.0,-95.28,-1.25,100,00:04:25:12,18.9,50m,3468.0,4.54,626.0,50.08,-2842.0,-227.36,18.1,47.6,-1817.00,-145.36
04/15/2026 16:10,04/15/2026 17:52,XAUUSD,Buy,0.100,4813.61000,4813.96000,0.0000,0.0000,35.0,3.50,0.05,100,00:01:41:56,1.0,1m,2178.0,62.50,35.0,3.5,-2178.0,-217.8,1.6,100.0,0.00,0.00
04/15/2026 15:05,04/15/2026 17:52,XAUUSD,Buy,0.060,4808.52000,4814.36000,0.0000,0.0000,584.0,35.04,0.46,100,00:02:46:42,13.8,23m,1991.0,2.86,584.0,35.04,-1669.0,-100.14,25.9,100.0,0.00,0.00
04/15/2026 14:33,04/15/2026 17:52,XAUUSD,Buy,0.050,4803.56000,4814.36000,0.0000,0.0000,1080.0,54.00,0.71,100,00:03:18:34,61.9,2h 2m,2942.0,0.66,1769.0,88.45,-1173.0,-58.650000000000006,60.1,76.6,-689.00,-34.45
04/13/2026 11:21,04/13/2026 12:29,XAUUSD,Buy,0.070,4730.59000,4714.21000,0.0000,0.0000,-1638.0,-114.66,-1.50,100,00:01:08:47,0.0,0s,2405.0,2500.00,0.0,0.0,-2405.0,-168.35000000000002,0.0,31.9,-1638.00,-114.66
04/10/2026 15:45,04/10/2026 15:48,XAUUSD,Buy,0.150,4771.48000,4764.69000,0.0000,0.0000,-679.0,-101.85,-1.31,100,00:00:02:35,,,,,,,,,,,,
04/10/2026 14:51,04/10/2026 15:46,XAUUSD,Buy,0.090,4763.53000,4768.43000,0.0000,0.0000,490.0,44.10,0.57,100,00:00:54:41,94.6,51m,2693.0,0.15,2345.0,211.04999999999998,-348.0,-31.32,87.1,31.1,-1855.00,-166.95
04/10/2026 14:30,04/10/2026 15:46,XAUUSD,Buy,0.070,4761.51000,4768.43000,0.0000,0.0000,692.0,48.44,0.63,100,00:01:16:33,98.7,1h 15m,3200.0,0.05,3054.0,213.78000000000003,-146.0,-10.22,95.4,26.2,-2362.00,-165.34
04/10/2026 14:07,04/10/2026 15:46,XAUUSD,Buy,0.050,4756.81000,4768.43000,0.0000,0.0000,1162.0,58.10,0.76,100,00:01:39:03,100.0,1h 39m,3423.0,0.00,3747.0,187.35000000000002,0.0,0.0,100.0,31.0,-2585.00,-129.25
04/09/2026 11:47,04/09/2026 12:08,XAUUSD,Buy,0.080,4730.88000,4728.18000,0.0000,0.0000,-270.0,-21.60,-0.28,100,00:00:21:25,95.3,20m,2895.0,0.10,2625.0,210.0,-270.0,-21.6,90.7,0.0,-2895.00,-231.60
04/08/2026 14:55,04/08/2026 15:22,XAUUSD,Buy,0.030,4797.22000,4767.76000,0.0000,0.0000,-2946.0,-88.38,-1.14,100,00:00:26:54,0.0,0s,6095.0,10000.00,0.0,0.0,-6095.0,-182.85,0.0,51.7,-2946.00,-88.38
04/07/2026 11:01,04/07/2026 11:14,XAUUSD,Sell,0.050,4645.64000,4665.36000,0.0000,0.0000,-1972.0,-98.60,-1.26,100,00:00:13:25,,,,,,,,,,,,
04/06/2026 16:43,04/06/2026 18:15,XAUUSD,Buy,0.060,4673.14000,4656.03000,0.0000,0.0000,-1711.0,-102.66,-1.29,100,00:01:32:07,0.0,0s,2051.0,2500.00,0.0,0.0,-2051.0,-123.06,0.0,16.6,-1711.00,-102.66
04/06/2026 15:49,04/06/2026 18:15,XAUUSD,Buy,0.040,4679.21000,4656.03000,0.0000,0.0000,-2318.0,-92.72,-1.16,100,00:02:25:52,0.0,0s,2658.0,3333.33,0.0,0.0,-2658.0,-106.32000000000001,0.0,12.8,-2318.00,-92.72
04/06/2026 13:57,04/06/2026 14:38,XAUUSD,Buy,0.070,4691.05000,4686.40000,0.0000,0.0000,-465.0,-32.55,-0.40,100,00:00:40:53,12.5,5m,1988.0,24.27,82.0,5.74,-1988.0,-139.16000000000003,4.0,73.6,-547.00,-38.29
04/02/2026 19:15,04/06/2026 10:58,XAUUSD,Sell,0.020,4654.42000,4688.35000,0.0000,0.7600,-3393.0,-67.10,-0.83,100,03:15:43:44,8.2,7h 11m,10048.0,0.97,5096.0,101.92,-4952.0,-99.04,50.7,15.5,-8489.00,-169.78
04/02/2026 12:25,04/02/2026 16:00,XAUUSD,Sell,0.040,4628.55000,4584.90000,0.0000,0.0000,4365.0,174.60,2.20,100,00:03:34:50,38.2,1h 22m,11191.0,1.40,4658.0,186.32,-6533.0,-261.32,41.6,97.4,-293.00,-11.72
04/02/2026 11:29,04/02/2026 16:00,XAUUSD,Sell,0.040,4633.26000,4584.90000,0.0000,0.0000,4836.0,193.44,2.49,100,00:04:31:35,51.7,2h 20m,11191.0,1.18,5129.0,205.16,-6062.0,-242.48000000000002,45.8,97.4,-293.00,-11.72
04/01/2026 16:24,04/01/2026 18:44,XAUUSD,Buy,0.030,4737.05000,4785.05000,0.0000,0.0000,4800.0,144.00,1.89,100,00:02:19:56,100.0,2h 19m,4117.0,0.00,5364.0,160.92,0.0,0.0,100.0,89.5,-564.00,-16.92
04/01/2026 06:20,04/01/2026 10:37,XAUUSD,Buy,0.030,4689.89000,4745.07000,0.0000,0.0000,5518.0,165.54,2.22,100,00:04:17:19,100.0,4h 17m,2853.0,0.00,5518.0,165.54,0.0,0.0,100.0,100.0,0.00,0.00
03/31/2026 08:03,03/31/2026 13:38,XAUUSD,Buy,0.030,4567.30000,4541.99000,0.0000,0.0000,-2531.0,-75.93,-1.01,100,00:05:35:28,60.6,3h 23m,5243.0,1.22,2712.0,81.36,-3301.0,-99.03,45.1,12.8,-5243.00,-157.29
03/26/2026 11:26,03/26/2026 16:22,XAUUSD,Sell,0.020,4429.90000,4465.72000,0.0000,0.0000,-3582.0,-71.64,-0.94,100,00:04:56:28,10.2,30m,6548.0,1.52,2966.0,59.32,-4513.0,-90.26,39.7,12.4,-6548.00,-130.96
03/25/2026 08:22,03/25/2026 11:48,XAUUSD,Buy,0.030,4551.44000,4528.21000,0.0000,0.0000,-2323.0,-69.69,-0.91,100,00:03:25:40,91.8,3h 8m,5600.0,0.71,3277.0,98.31,-2323.0,-69.69,58.5,0.0,-5600.00,-168.00
03/24/2026 10:24,03/24/2026 15:53,XAUUSD,Sell,0.010,4394.25000,4375.20000,0.0000,0.0000,1905.0,19.05,0.25,100,00:05:28:25,30.1,1h 38m,7703.0,1.17,4009.0,40.09,-4692.0,-46.92,46.1,75.8,-2104.00,-21.04
03/24/2026 06:00,03/24/2026 08:25,XAUUSD,Sell,0.020,4347.79000,4392.04000,0.0000,0.0000,-4425.0,-88.50,-1.14,100,00:02:25:31,0.0,0s,7702.0,10000.00,0.0,0.0,-7702.0,-154.04,0.0,42.5,-4425.00,-88.50
03/23/2026 11:45,03/23/2026 13:05,XAUUSD,Sell,0.010,4230.54000,4315.89000,0.0000,0.0000,-8535.0,-85.35,-1.09,100,00:01:19:44,0.0,0s,25506.0,0.00,0.0,0.0,-25506.0,-255.06,0.0,66.5,-8535.00,-85.35
03/23/2026 06:30,03/23/2026 07:52,XAUUSD,Sell,0.040,4362.31000,4314.94000,0.0000,0.0000,4737.0,189.48,2.48,100,00:01:21:19,100.0,1h 21m,21238.0,0.00,25975.0,1039.0,0.0,0.0,100.0,18.2,-21238.00,-849.52
03/20/2026 18:34,03/20/2026 20:55,XAUUSD,Sell,0.020,4579.45000,4497.67000,0.0000,0.0000,8178.0,163.56,2.19,100,00:02:20:55,100.0,2h 20m,3006.0,0.00,9378.0,187.56,0.0,0.0,100.0,87.2,-1200.00,-24.00
03/20/2026 08:12,03/20/2026 13:09,XAUUSD,Sell,0.010,4691.30000,4665.25000,0.0000,0.0000,2605.0,26.05,0.35,100,00:04:56:51,79.8,3h 56m,5444.0,0.82,5228.0,52.28,-4310.0,-43.1,54.8,72.5,-2623.00,-26.23
03/19/2026 16:19,03/19/2026 19:20,XAUUSD,Sell,0.010,4612.26000,4604.84000,0.0000,0.0000,742.0,7.42,0.10,100,00:03:01:10,72.4,2h 11m,8426.0,1.31,3646.0,36.46,-4780.0,-47.800000000000004,43.3,65.5,-2904.00,-29.04
03/19/2026 06:00,03/19/2026 08:35,XAUUSD,Sell,0.040,4850.41000,4804.15000,0.0000,0.0000,4626.0,185.04,2.55,100,00:02:34:56,100.0,2h 34m,10110.0,0.00,14736.0,589.44,0.0,0.0,100.0,31.4,-10110.00,-404.40
03/18/2026 20:35,03/18/2026 22:14,XAUUSD,Sell,0.030,4877.01000,4824.99000,0.0000,0.0000,5202.0,156.06,2.20,100,00:01:39:08,100.0,1h 39m,1972.0,0.00,6106.0,183.18,0.0,0.0,100.0,85.2,-904.00,-27.12
03/18/2026 09:43,03/18/2026 11:20,XAUUSD,Sell,0.060,5005.55000,4992.64000,0.0000,0.0000,1291.0,77.46,1.10,100,00:01:36:58,100.0,1h 36m,3936.0,0.00,5227.0,313.62,0.0,0.0,100.0,24.7,-3936.00,-236.16
03/16/2026 17:14,03/17/2026 06:44,XAUUSD,Sell,0.020,4997.65000,5042.57000,0.0000,0.3800,-4492.0,-89.46,-1.26,100,00:13:30:20,5.5,44m,5808.0,3.41,1316.0,26.32,-4492.0,-89.84,22.7,0.0,-5808.00,-116.16
03/16/2026 07:21,03/16/2026 08:19,XAUUSD,Sell,0.030,5010.97000,5036.23000,0.0000,0.0000,-2526.0,-75.78,-1.06,100,00:00:58:17,98.3,57m,4804.0,1.11,2278.0,68.34,-2526.0,-75.78,47.4,0.0,-4804.00,-144.12
03/13/2026 07:31,03/13/2026 10:49,XAUUSD,Sell,0.040,5107.98000,5082.44000,0.0000,0.0000,2554.0,102.16,1.44,100,00:03:17:56,100.0,3h 17m,3162.0,0.00,4351.0,174.04,0.0,0.0,100.0,58.7,-1797.00,-71.88
03/12/2026 12:16,03/12/2026 14:07,XAUUSD,Buy,0.050,5185.11000,5168.38000,0.0000,0.0000,-1673.0,-83.65,-1.17,100,00:01:51:44,0.0,0s,3736.0,5000.00,0.0,0.0,-3736.0,-186.8,0.0,55.2,-1673.00,-83.65
03/10/2026 16:21,03/10/2026 20:00,XAUUSD,Buy,0.020,5213.33000,5224.94000,0.0000,0.0000,1161.0,23.22,0.33,100,00:03:38:51,52.1,1h 54m,6200.0,1.88,2153.0,43.06,-4047.0,-80.94,34.7,84.0,-992.00,-19.84
03/10/2026 07:11,03/10/2026 11:00,XAUUSD,Buy,0.050,5169.26000,5181.06000,0.0000,0.0000,1180.0,59.00,0.83,100,00:03:49:18,88.3,3h 22m,3671.0,0.46,2520.0,126.0,-1151.0,-57.550000000000004,68.6,63.5,-1340.00,-67.00
03/06/2026 12:43,03/06/2026 15:33,XAUUSD,Buy,0.020,5084.28000,5125.08000,0.0000,0.0000,4080.0,81.60,1.17,100,00:02:50:12,81.8,2h 19m,5436.0,0.22,7313.0,146.26,-1601.0,-32.02,82.0,63.7,-3233.00,-64.66
03/05/2026 17:45,03/05/2026 20:05,XAUUSD,Buy,0.020,5085.94000,5070.84000,0.0000,0.0000,-1510.0,-30.20,-0.43,100,00:02:20:01,0.0,0s,2824.0,3333.33,0.0,0.0,-2824.0,-56.480000000000004,0.0,46.5,-1510.00,-30.20
03/05/2026 16:31,03/05/2026 17:08,XAUUSD,Buy,0.020,5112.85000,5064.63000,0.0000,0.0000,-4822.0,-96.44,-1.35,100,00:00:37:35,0.0,0s,5121.0,10000.00,0.0,0.0,-5121.0,-102.42,0.0,5.8,-4822.00,-96.44
03/04/2026 18:57,03/04/2026 20:20,XAUUSD,Buy,0.020,5147.59000,5110.35000,0.0000,0.0000,-3724.0,-74.48,-1.03,100,00:01:22:48,0.0,0s,3724.0,5000.00,0.0,0.0,-3724.0,-74.48,0.0,0.0,-3724.00,-74.48
03/04/2026 10:00,03/04/2026 12:10,XAUUSD,Sell,0.030,5168.23000,5195.91000,0.0000,0.0000,-2768.0,-83.04,-1.14,100,00:02:09:58,0.0,0s,3472.0,5000.00,0.0,0.0,-3472.0,-104.16,0.0,20.3,-2768.00,-83.04
03/03/2026 09:48,03/03/2026 10:39,XAUUSD,Buy,0.030,5327.68000,5299.46000,0.0000,0.0000,-2822.0,-84.66,-1.15,100,00:00:50:57,0.0,0s,7628.0,10000.00,0.0,0.0,-7628.0,-228.84,0.0,63.0,-2822.00,-84.66
02/27/2026 12:47,02/27/2026 14:36,XAUUSD,Buy,0.030,5176.86000,5184.39000,0.0000,0.0000,753.0,22.59,0.31,100,00:01:48:58,100.0,1h 48m,5441.0,0.00,6194.0,185.82,0.0,0.0,100.0,12.2,-5441.00,-163.23
02/26/2026 21:54,02/27/2026 10:13,XAUUSD,Sell,0.050,5189.35000,5179.93000,0.0000,0.9500,942.0,48.05,0.66,100,00:12:19:08,81.5,10h 2m,3063.0,0.50,2040.0,102.0,-1023.0,-51.150000000000006,66.6,64.2,-1098.00,-54.90
02/26/2026 17:22,02/26/2026 17:27,XAUUSD,Buy,0.040,5156.97000,5131.83000,0.0000,0.0000,-2514.0,-100.56,-1.36,100,00:00:05:27,0.0,0s,2514.0,3333.33,0.0,0.0,-2514.0,-100.56,0.0,0.0,-2514.00,-100.56
02/26/2026 15:40,02/26/2026 16:30,XAUUSD,Buy,0.050,5172.75000,5154.82000,0.0000,0.0000,-1793.0,-89.65,-1.20,100,00:00:50:05,0.0,0s,1793.0,2000.00,0.0,0.0,-1793.0,-89.65,0.0,0.0,-1793.00,-89.65
02/26/2026 13:04,02/26/2026 14:02,XAUUSD,Buy,0.060,5173.86000,5158.08000,0.0000,0.0000,-1578.0,-94.68,-1.25,100,00:00:57:50,32.8,18m,1933.0,4.45,355.0,21.3,-1578.0,-94.67999999999999,18.4,0.0,-1933.00,-115.98
02/20/2026 13:06,02/20/2026 14:02,XAUUSD,Sell,0.060,5033.22000,5014.97000,0.0000,0.0000,1825.0,109.50,1.47,100,00:00:55:22,71.5,39m,2717.0,0.83,1825.0,109.5,-1523.0,-91.38,54.5,100.0,0.00,0.00
02/20/2026 10:35,02/20/2026 10:57,XAUUSD,Sell,0.060,5022.46000,5029.77000,0.0000,0.0000,-731.0,-43.86,-0.58,100,00:00:21:33,0.0,0s,1445.0,1666.67,0.0,0.0,-1445.0,-86.7,0.0,49.4,-731.00,-43.86
02/19/2026 21:04,02/20/2026 01:07,XAUUSD,Buy,0.060,4984.29000,5003.00000,0.0000,-3.6000,1871.0,108.66,1.47,100,00:04:02:55,100.0,4h 2m,1943.0,0.00,2771.0,166.26,0.0,0.0,100.0,67.5,-900.00,-54.00
02/19/2026 19:58,02/19/2026 20:26,XAUUSD,Buy,0.120,4985.54000,4977.35000,0.0000,0.0000,-819.0,-98.28,-1.31,100,00:00:28:10,96.5,27m,1886.0,0.77,1067.0,128.04,-819.0,-98.28,56.6,0.0,-1886.00,-226.32
02/19/2026 17:45,02/19/2026 19:56,XAUUSD,Sell,0.060,5014.49000,4987.30000,0.0000,0.0000,2719.0,163.14,2.22,100,00:02:10:52,100.0,2h 10m,1444.0,0.00,3864.0,231.84,0.0,0.0,100.0,70.4,-1145.00,-68.70
02/19/2026 14:32,02/19/2026 16:34,XAUUSD,Buy,0.030,4992.56000,4964.84000,0.0000,0.0000,-2772.0,-83.16,-1.12,100,00:02:01:58,90.2,1h 50m,5730.0,0.94,2958.0,88.74,-2772.0,-83.16,51.6,0.0,-5730.00,-171.90
02/19/2026 10:16,02/19/2026 12:40,XAUUSD,Sell,0.050,5012.48000,4994.66000,0.0000,0.0000,1782.0,89.10,1.21,100,00:02:24:03,100.0,2h 24m,1646.0,0.00,3428.0,171.4,0.0,0.0,100.0,52.0,-1646.00,-82.30
02/18/2026 10:47,02/18/2026 14:12,XAUUSD,Sell,0.030,4920.59000,4924.99000,0.0000,0.0000,-440.0,-13.20,-0.18,100,00:03:25:25,34.2,1h 10m,5064.0,4.52,917.0,27.509999999999998,-4147.0,-124.41,18.1,73.2,-1357.00,-40.71
02/17/2026 14:53,02/17/2026 15:16,XAUUSD,Sell,0.040,4934.31000,4915.00000,0.0000,0.0000,1931.0,77.24,1.06,100,00:00:23:03,100.0,23m,6250.0,0.00,8181.0,327.24,0.0,0.0,100.0,23.6,-6250.00,-250.00
02/17/2026 11:16,02/17/2026 13:08,XAUUSD,Sell,0.050,4923.51000,4923.48000,0.0000,0.0000,3.0,0.15,0.00,100,00:01:52:03,6.3,7m,2035.0,16.00,122.0,6.1000000000000005,-1952.0,-97.60000000000001,5.9,94.3,-119.00,-5.95
02/16/2026 17:57,02/17/2026 01:12,XAUUSD,Buy,0.050,4981.46000,4986.76000,0.0000,-3.0000,530.0,23.50,0.32,100,00:07:15:04,100.0,7h 15m,1231.0,0.00,1761.0,88.05000000000001,0.0,0.0,100.0,30.1,-1231.00,-61.55
02/16/2026 16:05,02/16/2026 17:05,XAUUSD,Buy,0.060,4996.48000,4968.98000,0.0000,0.0000,-2750.0,-165.00,-2.23,100,00:00:59:28,0.0,0s,2750.0,3333.33,0.0,0.0,-2750.0,-165.0,0.0,0.0,-2750.00,-165.00
02/16/2026 13:34,02/16/2026 15:47,XAUUSD,Buy,0.080,5003.38000,4991.41000,0.0000,0.0000,-1197.0,-95.76,-1.28,100,00:02:12:51,0.0,0s,3035.0,3333.33,0.0,0.0,-3035.0,-242.8,0.0,60.6,-1197.00,-95.76
02/13/2026 15:05,02/13/2026 15:30,XAUUSD,Sell,0.030,4970.60000,4998.19000,0.0000,0.0000,-2759.0,-82.77,-1.09,100,00:00:24:36,0.0,0s,4023.0,5000.00,0.0,0.0,-4023.0,-120.69,0.0,31.4,-2759.00,-82.77
02/13/2026 13:49,02/13/2026 14:22,XAUUSD,Buy,0.040,4944.19000,4972.03000,0.0000,0.0000,2784.0,111.36,1.49,100,00:00:32:35,3.1,1m,0.0,0.00,2784.0,111.36,0.0,0.0,100.0,100.0,0.00,0.00
02/13/2026 13:17,02/13/2026 13:24,XAUUSD,Buy,0.060,4949.98000,4934.38000,0.0000,0.0000,-1560.0,-93.60,-1.24,100,00:00:07:20,0.0,0s,1560.0,1666.67,0.0,0.0,-1560.0,-93.6,0.0,0.0,-1560.00,-93.60
02/13/2026 10:58,02/13/2026 12:11,XAUUSD,Sell,0.040,4982.13000,4977.54000,0.0000,0.0000,459.0,18.36,0.24,100,00:01:12:59,100.0,1h 12m,4086.0,0.00,4545.0,181.8,0.0,0.0,100.0,10.1,-4086.00,-163.44
02/12/2026 16:49,02/12/2026 16:56,XAUUSD,Buy,0.070,5057.47000,5043.11000,0.0000,0.0000,-1436.0,-100.52,-1.31,100,00:00:07:16,,,,,,,,,,,,
02/12/2026 13:05,02/12/2026 15:44,XAUUSD,Buy,0.060,5063.51000,5077.26000,0.0000,0.0000,1375.0,82.50,1.09,100,00:02:39:09,64.6,1h 42m,3585.0,1.12,1691.0,101.46,-1894.0,-113.64,47.2,91.2,-316.00,-18.96
02/12/2026 09:41,02/12/2026 12:11,XAUUSD,Buy,0.030,5060.50000,5067.39000,0.0000,0.0000,689.0,20.67,0.27,100,00:02:29:47,100.0,2h 29m,1601.0,0.00,1880.0,56.4,0.0,0.0,100.0,36.6,-1191.00,-35.73
02/11/2026 18:19,02/11/2026 18:33,XAUUSD,Buy,0.030,5055.81000,5072.35000,0.0000,0.0000,1654.0,49.62,0.66,100,00:00:14:40,7.2,1m,0.0,0.00,1654.0,49.62,0.0,0.0,100.0,100.0,0.00,0.00
02/10/2026 20:28,02/11/2026 05:31,XAUUSD,Buy,0.030,5007.28000,5060.35000,0.0000,-1.8000,5307.0,157.41,2.14,100,00:09:03:47,100.0,9h 3m,2484.0,0.00,5309.0,159.26999999999998,0.0,0.0,100.0,100.0,-2.00,-0.06
02/10/2026 18:08,02/10/2026 20:00,XAUUSD,Buy,0.050,5011.93000,5023.22000,0.0000,0.0000,1129.0,56.45,0.77,100,00:01:52:45,70.6,1h 19m,1334.0,0.39,1802.0,90.10000000000001,-695.0,-34.75,72.2,73.0,-673.00,-33.65
02/10/2026 17:35,02/10/2026 17:37,XAUUSD,Buy,0.060,5030.28000,5014.53000,0.0000,0.0000,-1575.0,-94.50,-1.28,100,00:00:01:58,,,,,,,,,,,,
02/10/2026 12:01,02/10/2026 14:47,XAUUSD,Sell,0.040,5050.87000,5022.48000,0.0000,0.0000,2839.0,113.56,1.56,100,00:02:45:21,60.9,1h 40m,5409.0,0.93,2839.0,113.56,-2627.0,-105.08,51.9,100.0,0.00,0.00
02/10/2026 10:24,02/10/2026 10:45,XAUUSD,Sell,0.070,5037.56000,5051.41000,0.0000,0.0000,-1385.0,-96.95,-1.32,100,00:00:21:13,0.0,0s,2020.0,2500.00,0.0,0.0,-2020.0,-141.4,0.0,31.4,-1385.00,-96.95
02/09/2026 17:02,02/09/2026 17:33,XAUUSD,Sell,0.050,5035.50000,5051.99000,0.0000,0.0000,-1649.0,-82.45,-1.11,100,00:00:30:37,0.0,0s,3552.0,5000.00,0.0,0.0,-3552.0,-177.60000000000002,0.0,53.6,-1649.00,-82.45
02/09/2026 13:07,02/09/2026 15:43,XAUUSD,Buy,0.040,4995.85000,4995.86000,0.0000,0.0000,1.0,0.04,0.00,100,00:02:35:40,100.0,2h 35m,6013.0,0.00,6014.0,240.56,0.0,0.0,100.0,0.0,-6013.00,-240.52
02/09/2026 12:02,02/09/2026 12:27,XAUUSD,Buy,0.050,5002.17000,4984.94000,0.0000,0.0000,-1723.0,-86.15,-1.14,100,00:00:24:53,80.0,19m,3164.0,1.20,1441.0,72.05,-1723.0,-86.15,45.5,0.0,-3164.00,-158.20
02/09/2026 09:52,02/09/2026 11:03,XAUUSD,Buy,0.070,5002.76000,5038.00000,0.0000,0.0000,3524.0,246.68,3.39,100,00:01:10:26,42.9,30m,2311.0,0.45,3524.0,246.68000000000004,-1594.0,-111.58000000000001,68.9,100.0,0.00,0.00
02/06/2026 14:29,02/06/2026 15:00,XAUUSD,Sell,0.020,4875.92000,4911.74000,0.0000,0.0000,-3582.0,-71.64,-0.97,100,00:00:30:31,0.0,0s,7283.0,10000.00,0.0,0.0,-7283.0,-145.66,0.0,50.8,-3582.00,-71.64
02/05/2026 19:48,02/05/2026 22:00,XAUUSD,Sell,0.020,4877.32000,4814.88000,0.0000,0.0000,6244.0,124.88,1.73,100,00:02:11:57,100.0,2h 11m,5363.0,0.00,11607.0,232.14000000000001,0.0,0.0,100.0,53.8,-5363.00,-107.26
02/05/2026 17:59,02/05/2026 18:43,XAUUSD,Buy,0.010,4815.28000,4865.37000,0.0000,0.0000,5009.0,50.09,0.70,100,00:00:43:33,100.0,43m,2102.0,0.00,5860.0,58.6,0.0,0.0,100.0,85.5,-851.00,-8.51
02/04/2026 14:01,02/04/2026 16:32,XAUUSD,Buy,0.020,5053.46000,5009.33000,0.0000,0.0000,-4413.0,-88.26,-1.21,100,00:02:31:08,0.0,0s,16143.0,0.00,0.0,0.0,-16143.0,-322.86,0.0,72.7,-4413.00,-88.26
02/04/2026 11:39,02/04/2026 13:16,XAUUSD,Buy,0.030,5058.34000,5031.95000,0.0000,0.0000,-2639.0,-79.17,-1.08,100,00:01:36:31,5.2,5m,3376.0,7.36,404.0,12.12,-2972.0,-89.16,12.0,9.9,-3043.00,-91.29
01/29/2026 12:50,01/29/2026 13:03,XAUUSD,Buy,0.030,5506.95000,5478.69000,0.0000,0.0000,-2826.0,-84.78,-1.14,100,00:00:12:15,92.4,11m,6121.0,0.86,3295.0,98.85,-2826.0,-84.78,53.8,0.0,-6121.00,-183.63
01/26/2026 16:17,01/26/2026 16:52,XAUUSD,Buy,0.030,5070.33000,5093.04000,0.0000,0.0000,2271.0,68.13,0.92,100,00:00:35:02,2.9,1m,0.0,0.00,2271.0,68.13,0.0,0.0,100.0,100.0,0.00,0.00
01/22/2026 12:15,01/22/2026 16:34,XAUUSD,Sell,0.040,4824.89000,4848.03000,0.0000,0.0000,-2314.0,-92.56,-1.24,100,00:04:18:25,25.6,1h 6m,3635.0,1.75,1321.0,52.84,-2314.0,-92.56,36.3,0.0,-3635.00,-145.40
01/22/2026 10:14,01/22/2026 11:53,XAUUSD,Sell,0.050,4827.69000,4820.68000,0.0000,0.0000,701.0,35.05,0.47,100,00:01:38:58,31.4,31m,1164.0,0.97,701.0,35.050000000000004,-680.0,-34.0,50.8,100.0,0.00,0.00
01/19/2026 12:55,01/19/2026 15:42,XAUUSD,Buy,0.080,4666.91000,4666.91000,0.0000,0.0000,0.0,0.00,0.00,100,00:02:47:28,60.7,1h 41m,900.0,0.91,472.0,0.0,-428.0,-0.0,52.4,47.6,-472.00,0.00
01/16/2026 19:02,01/19/2026 01:05,XAUUSD,Buy,0.040,4588.86000,4648.76000,0.0000,-2.4000,5990.0,237.20,3.30,100,02:06:02:36,97.4,2d 4h ,4021.0,0.07,10011.0,400.44,-727.0,-29.080000000000002,93.2,62.6,-4021.00,-160.84
01/16/2026 15:55,01/16/2026 17:23,XAUUSD,Buy,0.030,4599.82000,4599.77000,0.0000,0.0000,-5.0,-0.15,0.00,100,00:01:27:46,0.0,0s,2947.0,3333.33,0.0,0.0,-2947.0,-88.41,0.0,99.8,-5.00,-0.15
01/15/2026 16:09,01/15/2026 18:39,XAUUSD,Buy,0.040,4594.78000,4607.89000,0.0000,0.0000,1311.0,52.44,0.73,100,00:02:30:29,100.0,2h 30m,2162.0,0.00,2870.0,114.8,0.0,0.0,100.0,45.7,-1559.00,-62.36
01/14/2026 17:48,01/14/2026 20:51,XAUUSD,Buy,0.040,4614.87000,4635.07000,0.0000,0.0000,2020.0,80.80,1.15,100,00:03:03:00,94.6,2h 53m,1457.0,0.17,2599.0,103.96000000000001,-439.0,-17.56,85.5,80.9,-579.00,-23.16
01/14/2026 16:43,01/14/2026 16:48,XAUUSD,Buy,0.160,4616.64000,4610.68000,0.0000,0.0000,-596.0,-95.36,-1.33,100,00:00:05:25,0.0,0s,596.0,625.00,0.0,0.0,-596.0,-95.36,0.0,0.0,-596.00,-95.36
01/13/2026 20:08,01/13/2026 22:33,XAUUSD,Buy,0.060,4592.94000,4577.19000,0.0000,0.0000,-1575.0,-94.50,-1.30,100,00:02:24:54,6.9,9m,2278.0,14.10,151.0,9.06,-2127.0,-127.61999999999999,6.6,24.2,-1726.00,-103.56
01/13/2026 12:24,01/13/2026 15:09,XAUUSD,Buy,0.080,4583.93000,4598.06000,0.0000,0.0000,1413.0,113.04,1.59,100,00:02:44:49,92.8,2h 32m,3553.0,0.09,4966.0,397.28000000000003,-461.0,-36.88,91.5,34.5,-3553.00,-284.24
01/09/2026 10:24,01/09/2026 14:53,XAUUSD,Sell,0.080,4474.73000,4466.14000,0.0000,0.0000,859.0,68.72,0.97,100,00:04:28:49,64.4,2h 53m,3329.0,1.89,1154.0,92.32000000000001,-2175.0,-174.0,34.7,91.1,-295.00,-23.60
01/08/2026 20:02,01/08/2026 22:27,XAUUSD,Sell,0.080,4460.36000,4472.58000,0.0000,0.0000,-1222.0,-97.76,-1.37,100,00:02:24:32,6.9,9m,2088.0,8.58,218.0,17.44,-1870.0,-149.6,10.4,31.0,-1440.00,-115.20
01/08/2026 14:34,01/08/2026 18:33,XAUUSD,Buy,0.040,4424.17000,4459.10000,0.0000,0.0000,3493.0,139.72,1.99,100,00:03:58:22,100.0,3h 58m,1441.0,0.00,3989.0,159.56,0.0,0.0,100.0,87.6,-496.00,-19.84
01/08/2026 10:46,01/08/2026 13:59,XAUUSD,Buy,0.110,4421.52000,4421.68000,0.0000,0.0000,16.0,1.76,0.03,100,00:03:12:34,79.8,2h 33m,2337.0,0.87,1337.0,147.07,-1163.0,-127.93,53.5,47.2,-1321.00,-145.31
01/08/2026 09:31,01/08/2026 10:40,XAUUSD,Sell,0.050,4434.16000,4421.00000,0.0000,0.0000,1316.0,65.80,0.95,100,00:01:09:13,97.2,1h 7m,971.0,0.03,1316.0,65.8,-41.0,-2.0500000000000003,97.0,100.0,0.00,0.00
01/07/2026 18:56,01/07/2026 20:26,XAUUSD,Sell,0.080,4464.30000,4455.35000,0.0000,0.0000,895.0,71.60,1.04,100,00:01:29:37,100.0,1h 29m,1178.0,0.00,1626.0,130.08,0.0,0.0,100.0,55.0,-731.00,-58.48
01/07/2026 09:30,01/07/2026 13:26,XAUUSD,Buy,0.030,4455.38000,4456.00000,0.0000,0.0000,62.0,1.86,0.03,100,00:03:55:17,49.0,1h 55m,3696.0,2.36,1099.0,32.97,-2597.0,-77.91,29.7,71.9,-1037.00,-31.11
01/06/2026 13:19,01/06/2026 14:41,XAUUSD,Buy,0.080,4449.12000,4458.85000,0.0000,0.0000,973.0,77.84,1.14,100,00:01:22:19,100.0,1h 22m,2303.0,0.00,3276.0,262.08,0.0,0.0,100.0,29.7,-2303.00,-184.24
01/06/2026 11:39,01/06/2026 11:51,XAUUSD,Buy,0.080,4456.41000,4444.84000,0.0000,0.0000,-1157.0,-92.56,-1.34,100,00:00:11:17,91.7,10m,1722.0,2.05,565.0,45.2,-1157.0,-92.56,32.8,0.0,-1722.00,-137.76
01/02/2026 19:30,01/02/2026 23:30,XAUUSD,Buy,0.030,4331.05000,4328.60000,0.0000,0.0000,-245.0,-7.35,-0.11,100,00:03:59:26,42.1,1h 40m,1303.0,72.46,18.0,0.54,-1303.0,-39.089999999999996,1.4,80.1,-263.00,-7.89
01/02/2026 13:32,01/02/2026 14:59,XAUUSD,Sell,0.070,4392.72000,4394.60000,0.0000,0.0000,-188.0,-13.16,-0.19,100,00:01:27:45,98.9,1h 26m,4667.0,0.04,4479.0,313.53000000000003,-188.0,-13.160000000000002,96.0,0.0,-4667.00,-326.69
12/31/2025 16:29,12/31/2025 20:03,XAUUSD,Sell,0.040,4337.43000,4325.35000,0.0000,0.0000,1208.0,48.32,0.70,100,00:03:33:11,100.0,3h 33m,1578.0,0.00,2786.0,111.44,0.0,0.0,100.0,43.4,-1578.00,-63.12
12/31/2025 13:48,12/31/2025 15:31,XAUUSD,Buy,0.060,4314.42000,4330.12000,0.0000,0.0000,1570.0,94.20,1.39,100,00:01:43:03,100.0,1h 43m,2414.0,0.00,3757.0,225.42,0.0,0.0,100.0,41.8,-2187.00,-131.22
12/31/2025 12:20,12/31/2025 13:48,XAUUSD,Sell,0.050,4326.65000,4314.42000,0.0000,0.0000,1223.0,61.15,0.91,100,00:01:27:08,76.2,1h 6m,3668.0,0.57,2332.0,116.60000000000001,-1336.0,-66.8,63.6,69.8,-1109.00,-55.45
12/30/2025 20:45,12/30/2025 21:52,XAUUSD,Buy,0.040,4365.76000,4342.22000,0.0000,0.0000,-2354.0,-94.16,-1.38,100,00:01:06:18,0.0,0s,2791.0,3333.33,0.0,0.0,-2791.0,-111.64,0.0,15.7,-2354.00,-94.16
12/30/2025 17:31,12/30/2025 20:42,XAUUSD,Buy,0.050,4362.56000,4362.79000,0.0000,0.0000,23.0,1.15,0.02,100,00:03:10:44,65.8,2h 5m,3401.0,1.62,1300.0,65.0,-2101.0,-105.05000000000001,38.2,62.5,-1277.00,-63.85
12/30/2025 12:53,12/30/2025 14:13,XAUUSD,Sell,0.080,4382.54000,4395.42000,0.0000,0.0000,-1288.0,-103.04,-1.49,100,00:01:20:20,18.8,15m,2032.0,6.03,337.0,26.96,-2032.0,-162.56,14.2,31.4,-1625.00,-130.00
12/29/2025 09:51,12/29/2025 15:42,XAUUSD,Buy,0.020,4476.85000,4432.31000,0.0000,0.0000,-4454.0,-89.08,-1.27,100,00:05:50:47,0.0,0s,16570.0,0.00,0.0,0.0,-16570.0,-331.40000000000003,0.0,73.1,-4454.00,-89.08
12/26/2025 20:10,12/26/2025 22:26,XAUUSD,Buy,0.040,4516.12000,4522.54000,0.0000,0.0000,642.0,25.68,0.37,100,00:02:16:06,100.0,2h 16m,1156.0,0.00,1804.0,72.16,0.0,0.0,100.0,35.6,-1162.00,-46.48
12/26/2025 13:52,12/26/2025 15:00,XAUUSD,Buy,0.090,4505.41000,4505.27000,0.0000,0.0000,-14.0,-1.26,-0.02,100,00:01:07:20,98.6,1h 6m,2559.0,0.01,2545.0,229.04999999999998,-14.0,-1.26,99.5,0.0,-2559.00,-230.31
12/24/2025 16:46,12/24/2025 16:57,XAUUSD,Buy,0.050,4477.49000,4459.51000,0.0000,0.0000,-1798.0,-89.90,-1.27,100,00:00:11:43,0.0,0s,1798.0,2000.00,0.0,0.0,-1798.0,-89.9,0.0,0.0,-1798.00,-89.90
12/24/2025 13:13,12/24/2025 15:20,XAUUSD,Buy,0.060,4490.65000,4474.41000,0.0000,0.0000,-1624.0,-97.44,-1.36,100,00:02:06:35,0.0,0s,2880.0,3333.33,0.0,0.0,-2880.0,-172.79999999999998,0.0,43.6,-1624.00,-97.44
12/23/2025 11:47,12/23/2025 14:07,XAUUSD,Buy,0.090,4483.03000,4486.84000,0.0000,0.0000,381.0,34.29,0.48,100,00:02:19:27,,,,,,,,,,,,
12/22/2025 14:32,12/22/2025 15:00,XAUUSD,Buy,0.100,4410.14000,4418.01000,0.0000,0.0000,787.0,78.70,1.12,100,00:00:28:06,,,,,,,,,,,,
12/21/2025 20:15,,,Deposit,0.000,0.00000,0.00000,0.0000,0.0000,0.0,1500.00,0,0,00:00:00:00,,,,,,,,,,,,
12/21/2025 20:14,,,Deposit,0.000,0.00000,0.00000,0.0000,0.0000,0.0,5546.58,0,0,00:00:00:00,,,,,,,,,,,,

Open Trades
Open Date,Symbol,Action,Lots,Open Price,Profit,Pips,Swap
06/02/2026 11:50,XAUUSD,Sell,0.060,4528.72,1.86,0.0,0.0
06/02/2026 14:14,XAUUSD,Sell,0.070,4529.01,4.2,0.0,0.0

