Tags,Open Date,Close Date,Symbol,Action,Units/Lots,SL,TP,Open Price,Close Price,Pips,Gain,Comment,Magic Number,Duration (DD:HH:MM:SS),Profitable(%),Profitable(time duration),Drawdown,Risk:Reward,Max(pips),Max(EUR),Min(pips),Min(EUR),Entry Accuracy(%),Exit Accuracy(%),ProfitMissed(pips),ProfitMissed(EUR)
,06/02/2026 17:17,06/02/2026 17:21,XAGUSD,Sell,0.400,0.00000,0.00000,75.40000,75.40000,0.0,0.01,"",0,00:00:03:26,,,,,,,,,,,,
,05/28/2026 17:13,05/28/2026 17:14,XAGUSD,Buy,0.400,0.00000,0.00000,74.05000,74.33000,28.0,0.72,"",0,00:00:00:24,,,,,,,,,,,,
,05/22/2026 17:16,05/22/2026 17:24,XAGUSD,Sell,0.400,0.00000,0.00000,75.28000,75.05000,23.0,0.60,"",0,00:00:07:03,87.5,6m,8.3,0.15,26.0,,-3.9,,87.0,90.0,-3.00,
,05/20/2026 16:36,05/20/2026 16:39,XAGUSD,Sell,0.400,0.00000,0.00000,74.82000,74.83000,-1.0,-0.02,"",0,00:00:03:19,,,,,,,,,,,,
,05/18/2026 15:35,05/18/2026 15:43,XAGUSD,Buy,0.400,0.00000,0.00000,77.06000,77.32000,26.0,0.67,"",0,00:00:08:47,62.5,5m,14.9,0.52,27.1,,-14.1,,65.8,97.3,-1.10,
,05/15/2026 14:20,,,Withdrawal,0.000,0.00000,0.00000,0.00000,0.00000,0.0,0,"AutoTrf 88051020/to EUR13675581",0,00:00:00:00,,,,,,,,,,,,
,05/13/2026 09:41,,,Withdrawal,0.000,0.00000,0.00000,0.00000,0.00000,0.0,0,"AutoTrf 87941250/to EUR13675581",0,00:00:00:00,,,,,,,,,,,,
,05/11/2026 10:38,,,Withdrawal,0.000,0.00000,0.00000,0.00000,0.00000,0.0,0,"AutoTrf 87839073/to EUR13675581",0,00:00:00:00,,,,,,,,,,,,
,05/07/2026 15:49,05/07/2026 16:05,XAUUSD,Buy,0.200,0.00000,0.00000,4752.70000,4737.79000,-1491.0,-1.71,"",0,00:00:15:19,0.0,0s,1491.0,1666.67,0.0,,-1491.0,,0.0,0.0,-1491.00,
,05/04/2026 18:51,05/04/2026 19:02,XAUUSD,Sell,0.200,0.00000,0.00000,4516.97000,4519.49000,-252.0,-0.29,"",0,00:00:11:15,0.0,0s,1116.0,1250.00,0.0,,-1116.0,,0.0,77.4,-252.00,
,05/04/2026 17:32,,,Withdrawal,0.000,0.00000,0.00000,0.00000,0.00000,0.0,0,"AutoTrf 87570242/to EUR13675581",0,00:00:00:00,,,,,,,,,,,,
,04/27/2026 16:01,04/27/2026 16:38,XAUUSD,Sell,0.200,0.00000,0.00000,4694.05000,4694.04000,1.0,0.00,"",0,00:00:36:55,10.9,4m,835.0,6.23,134.0,,-835.0,,13.8,86.3,-133.00,
,04/21/2026 16:14,04/21/2026 16:30,XAUUSD,Sell,0.200,0.00000,0.00000,4765.09000,4777.39000,-1230.0,-1.35,"",0,00:00:15:08,0.0,0s,1230.0,1250.00,0.0,,-1230.0,,0.0,0.0,-1230.00,
,04/21/2026 11:12,,,Withdrawal,0.000,0.00000,0.00000,0.00000,0.00000,0.0,0,"AutoTrf 87042866/to EUR13675581",0,00:00:00:00,,,,,,,,,,,,
,04/20/2026 16:29,04/20/2026 16:48,XAUUSD,Buy,0.200,0.00000,0.00000,4823.19000,4819.09000,-410.0,-0.43,"",0,00:00:19:25,15.8,3m,541.0,17.48,30.0,,-524.0,,5.4,20.6,-440.00,
,04/16/2026 17:40,04/16/2026 17:40,XAUUSD,Sell,0.200,0.00000,0.00000,4780.96000,4775.21000,575.0,0.61,"",0,00:00:00:04,,,,,,,,,,,,
,04/15/2026 17:17,04/15/2026 17:31,XAUUSD,Buy,0.200,0.00000,0.00000,4830.97000,4820.27000,-1070.0,-1.12,"",0,00:00:14:46,0.0,0s,1070.0,1111.11,0.0,,-1070.0,,0.0,0.0,-1070.00,
,04/14/2026 17:19,04/14/2026 17:31,XAUUSD,Buy,0.200,0.00000,0.00000,4805.57000,4808.99000,342.0,0.36,"",0,00:00:11:39,50.0,5m,487.0,1.09,446.0,,-487.0,,47.8,88.9,-104.00,
,04/13/2026 16:19,04/13/2026 17:02,XAUUSD,Buy,0.200,0.00000,0.00000,4736.88000,4723.16000,-1372.0,-1.43,"",0,00:00:43:14,2.4,1m,1445.0,18.98,73.0,,-1384.0,,5.0,0.8,-1445.00,
,04/09/2026 16:35,04/09/2026 16:38,XAUUSD,Buy,0.200,0.00000,0.00000,4761.65000,4769.29000,764.0,0.80,"",0,00:00:03:43,,,,,,,,,,,,
,04/08/2026 16:53,04/08/2026 17:07,XAUUSD,Sell,0.200,0.00000,0.00000,4772.05000,4791.56000,-1951.0,-2.01,"",0,00:00:13:19,7.2,57s,2025.0,26.39,74.0,,-1951.0,,3.7,0.0,-2025.00,
,04/06/2026 18:38,04/06/2026 19:01,XAUUSD,Sell,0.200,0.00000,0.00000,4655.09000,4669.98000,-1489.0,-1.53,"",0,00:00:23:30,0.0,0s,1489.0,1666.67,0.0,,-1489.0,,0.0,0.0,-1489.00,
,04/02/2026 17:16,04/02/2026 17:23,XAUUSD,Buy,0.250,0.00000,0.00000,4661.38000,4669.78000,840.0,1.09,"",0,00:00:07:01,57.2,4m,189.0,0.23,840.0,,-189.0,,81.6,100.0,0.00,
,04/02/2026 16:23,04/02/2026 16:30,XAUUSD,Sell,0.250,0.00000,0.00000,4583.31000,4601.22000,-1791.0,-2.28,"",0,00:00:06:07,0.0,0s,1791.0,2000.00,0.0,,-1791.0,,0.0,0.0,-1791.00,
,04/01/2026 18:03,04/01/2026 18:19,XAUUSD,Buy,0.200,0.00000,0.00000,4769.72000,4769.96000,24.0,0.02,"",0,00:00:15:47,43.8,6m,961.0,1.75,349.0,,-612.0,,36.3,66.2,-325.00,
,03/31/2026 18:35,,,Withdrawal,0.000,0.00000,0.00000,0.00000,0.00000,0.0,0,"AutoTrf 86190699/to EUR13675581",0,00:00:00:00,,,,,,,,,,,,
,03/26/2026 19:16,03/26/2026 19:21,XAUUSD,Sell,0.200,0.00000,0.00000,4424.47000,4410.88000,1359.0,1.36,"",0,00:00:04:50,60.0,2m,349.0,0.23,1497.0,,-349.0,,81.1,92.5,-138.00,
,03/23/2026 17:18,03/23/2026 17:24,XAUUSD,Buy,0.200,0.00000,0.00000,4494.57000,4501.97000,740.0,0.74,"",0,00:00:05:58,33.4,1m,619.0,0.84,740.0,,-619.0,,54.5,100.0,0.00,
,03/20/2026 16:51,03/20/2026 16:53,XAUUSD,Sell,0.200,0.00000,0.00000,4632.41000,4622.04000,1037.0,1.06,"",0,00:00:01:40,,,,,,,,,,,,
,03/20/2026 16:35,03/20/2026 16:36,XAUUSD,Sell,0.200,0.00000,0.00000,4637.85000,4657.77000,-1992.0,-1.99,"",0,00:00:01:18,,,,,,,,,,,,
,03/17/2026 18:34,03/19/2026 10:45,XAUUSD,Sell,0.400,0.00000,0.00000,4992.97000,4862.01500,13095.5,1.00,"",,01:16:11:12,,,,,,,,,,,,
,03/14/2026 17:40,,,Withdrawal,0.000,0.00000,0.00000,0.00000,0.00000,0.0,0,"AutoTrf 85349591/to EUR13675581",0,00:00:00:00,,,,,,,,,,,,
,03/13/2026 17:45,03/13/2026 17:52,XAUUSD,Sell,0.200,0.00000,0.00000,5073.63000,5064.87000,876.0,0.86,"",0,00:00:06:42,57.2,3m,417.0,0.46,905.0,,-417.0,,68.5,97.8,-29.00,
,03/10/2026 18:31,03/10/2026 18:39,XAUUSD,Buy,0.200,0.00000,5249.98000,5231.22000,5233.08000,186.0,0.18,"",0,00:00:08:05,87.5,7m,499.0,0.06,470.0,,-29.0,,94.2,43.1,-284.00,
,03/09/2026 16:45,03/09/2026 16:55,XAUUSD,Sell,0.200,0.00000,0.00000,5074.11000,5070.63000,348.0,0.34,"",0,00:00:09:49,40.0,3m,830.0,2.13,389.0,,-830.0,,31.9,96.6,-41.00,
,03/06/2026 16:59,03/06/2026 17:01,XAUUSD,Buy,0.200,5111.49000,5141.23000,5132.88000,5141.79000,891.0,0.88,"",0,00:00:02:05,,,,,,,,,,,,
,03/06/2026 13:14,,,Withdrawal,0.000,0.00000,0.00000,0.00000,0.00000,0.0,0,"AutoTrf 84978588/to EUR13675581",0,00:00:00:00,,,,,,,,,,,,
,03/05/2026 17:08,03/05/2026 17:08,XAUUSD,Sell,0.200,0.00000,0.00000,5072.70000,5068.87000,383.0,0.37,"",0,00:00:00:10,,,,,,,,,,,,
,03/04/2026 19:23,03/04/2026 19:52,XAUUSD,Sell,0.200,0.00000,0.00000,5122.03000,5142.24000,-2021.0,-1.90,"",0,00:00:28:14,0.0,0s,3572.0,5000.00,0.0,,-3572.0,,0.0,43.4,-2021.00,
,03/02/2026 18:00,03/02/2026 18:00,XAUUSD,Sell,0.200,0.00000,5289.00000,5296.91000,5292.09000,482.0,0.45,"",0,00:00:00:11,,,,,,,,,,,,
,03/02/2026 16:34,03/02/2026 16:36,XAUUSD,Sell,0.200,0.00000,5297.24000,5309.04000,5333.47000,-2443.0,-2.24,"",0,00:00:02:35,,,,,,,,,,,,
,03/02/2026 15:30,03/02/2026 15:32,XAUUSD,Buy,0.100,0.00000,0.00000,5411.71000,5411.91000,20.0,0.01,"",0,00:00:01:59,,,,,,,,,,,,
,02/27/2026 20:47,02/27/2026 21:00,XAUUSD,Buy,0.060,0.00000,0.00000,5242.59000,5246.03000,344.0,0.09,"",0,00:00:12:38,7.7,58s,1009.0,1111.11,0.0,,-1009.0,,0.0,134.1,344.00,
,02/27/2026 17:52,02/27/2026 18:07,XAUUSD,Buy,0.060,0.00000,0.00000,5243.20000,5243.63000,43.0,0.01,"",0,00:00:14:54,6.7,59s,2187.0,51.02,43.0,,-2187.0,,1.9,100.0,0.00,
,02/26/2026 17:27,02/26/2026 17:28,XAUUSD,Sell,0.200,0.00000,0.00000,5140.87000,5133.91000,696.0,0.64,"",0,00:00:00:31,,,,,,,,,,,,
,02/25/2026 18:22,02/25/2026 18:24,XAUUSD,Buy,0.200,0.00000,0.00000,5203.43000,5205.52000,209.0,0.19,"",0,00:00:02:26,,,,,,,,,,,,
,02/24/2026 15:39,02/24/2026 15:39,XAUUSD,Sell,0.200,0.00000,0.00000,5144.99000,5136.81000,818.0,0.76,"",0,00:00:00:19,,,,,,,,,,,,
,02/23/2026 18:16,02/23/2026 18:36,XAUUSD,Buy,0.130,0.00000,0.00000,5206.11000,5210.76000,465.0,0.28,"",0,00:00:20:46,5.0,1m,1728.0,3.72,465.0,,-1728.0,,21.2,100.0,0.00,
,02/23/2026 17:20,02/23/2026 18:03,XAUUSD,Buy,0.130,0.00000,0.00000,5201.45000,5185.97000,-1548.0,-0.93,"",0,00:00:43:06,0.0,0s,3927.0,5000.00,0.0,,-3927.0,,0.0,60.6,-1548.00,
,02/20/2026 18:33,02/20/2026 19:02,XAUUSD,Buy,0.150,0.00000,0.00000,5066.57000,5067.08000,51.0,0.04,"",0,00:00:29:05,16.7,4m,2396.0,47.17,51.0,,-2396.0,,2.1,100.0,0.00,
,02/19/2026 17:27,02/19/2026 17:36,XAUUSD,Buy,0.150,0.00000,0.00000,5011.75000,5022.02000,1027.0,0.72,"",0,00:00:08:42,,,,,,,,,,,,
,02/19/2026 16:34,02/19/2026 16:44,XAUUSD,Sell,0.150,0.00000,0.00000,4973.63000,4990.36000,-1673.0,-1.15,"",0,00:00:09:21,,,,,,,,,,,,
,02/19/2026 16:34,02/19/2026 16:34,XAUUSD,Sell,0.150,0.00000,0.00000,4963.28000,4970.55000,-727.0,-0.50,"",0,00:00:00:15,,,,,,,,,,,,
,02/17/2026 15:56,02/17/2026 15:57,XAUUSD,Sell,0.150,0.00000,4890.54000,4904.66000,4887.85000,1681.0,1.16,"[tp 4890.54]",0,00:00:01:08,,,,,,,,,,,,
,02/12/2026 18:10,02/12/2026 18:11,XAUUSD,Sell,0.150,0.00000,0.00000,5036.15000,5025.51000,1064.0,0.74,"",0,00:00:00:29,,,,,,,,,,,,
,02/12/2026 15:46,02/12/2026 16:04,XAUUSD,Buy,0.150,0.00000,0.00000,5078.99000,5069.03000,-996.0,-0.68,"",0,00:00:17:18,,,,,,,,,,,,
,02/10/2026 17:37,02/10/2026 17:38,XAUUSD,Sell,0.150,0.00000,5003.60000,5016.45000,5003.37000,1308.0,0.91,"[tp 5003.60]",0,00:00:01:20,,,,,,,,,,,,
,02/10/2026 16:31,02/10/2026 16:41,XAUUSD,Buy,0.150,0.00000,0.00000,5074.75000,5055.05000,-1970.0,-1.34,"",0,00:00:10:02,,,,,,,,,,,,
,02/09/2026 16:45,02/09/2026 17:33,XAUUSD,Buy,0.150,0.00000,0.00000,5038.93000,5050.93000,1200.0,0.83,"",0,00:00:48:08,,,,,,,,,,,,
,02/06/2026 15:24,02/06/2026 15:38,XAUUSD,Buy,0.100,0.00000,0.00000,4927.09000,4936.43000,934.0,0.43,"",0,00:00:14:24,,,,,,,,,,,,
,02/06/2026 10:21,02/06/2026 10:21,XAUUSD,Buy,0.150,0.00000,0.00000,4863.88000,4864.75000,87.0,0.06,"",0,00:00:00:24,,,,,,,,,,,,
,02/06/2026 01:24,02/06/2026 01:27,XAUUSD,Sell,0.100,0.00000,0.00000,4757.45000,4754.71000,274.0,0.13,"",0,00:00:02:29,,,,,,,,,,,,
,02/04/2026 17:22,02/04/2026 17:31,XAUUSD,Sell,0.150,0.00000,0.00000,4954.39000,4939.69000,1470.0,1.04,"",0,00:00:08:24,,,,,,,,,,,,
,02/04/2026 11:45,,,Withdrawal,0.000,0.00000,0.00000,0.00000,0.00000,0.0,0,"AutoTrf 83456194/to EUR13675581",0,00:00:00:00,,,,,,,,,,,,
,02/03/2026 18:20,02/03/2026 18:27,XAUUSD,Buy,0.150,0.00000,0.00000,4972.05000,4978.37000,632.0,0.41,"",0,00:00:06:37,,,,,,,,,,,,
,02/02/2026 17:53,02/02/2026 17:57,XAUUSD,Sell,0.150,0.00000,0.00000,4636.01000,4623.39000,1262.0,0.83,"",0,00:00:04:18,,,,,,,,,,,,
,01/30/2026 21:54,01/30/2026 21:57,XAUUSD,Buy,0.150,0.00000,0.00000,4941.36000,4947.58000,622.0,0.41,"",0,00:00:03:29,,,,,,,,,,,,
,01/30/2026 19:07,01/30/2026 19:25,XAUUSD,Sell,0.020,0.00000,0.00000,4941.73000,4934.44000,729.0,0.06,"",0,00:00:18:18,,,,,,,,,,,,
,01/23/2026 17:41,01/23/2026 18:02,XAUUSD,Buy,0.150,0.00000,0.00000,4957.89000,4964.47000,658.0,0.44,"",0,00:00:20:59,,,,,,,,,,,,
,01/22/2026 17:25,01/22/2026 17:26,XAUUSD,Buy,0.250,0.00000,0.00000,4847.42000,4851.84000,442.0,0.50,"",0,00:00:01:25,,,,,,,,,,,,
,01/20/2026 16:00,01/20/2026 16:23,XAUUSD,Buy,0.250,0.00000,0.00000,4739.77000,4744.40000,463.0,0.52,"",0,00:00:22:30,,,,,,,,,,,,
,01/16/2026 15:20,01/16/2026 15:36,XAUUSD,Sell,0.250,0.00000,0.00000,4586.84000,4598.42000,-1158.0,-1.30,"",0,00:00:15:36,,,,,,,,,,,,
,01/14/2026 17:00,01/14/2026 17:04,XAUUSD,Sell,0.250,0.00000,0.00000,4610.19000,4605.20000,499.0,0.56,"",0,00:00:04:05,,,,,,,,,,,,
,01/13/2026 15:46,01/13/2026 16:47,XAUUSD,Buy,0.250,0.00000,0.00000,4620.93000,4631.71000,1078.0,1.23,"",0,00:01:01:09,,,,,,,,,,,,
,01/12/2026 15:24,01/12/2026 15:51,XAUUSD,Buy,0.250,0.00000,0.00000,4611.27000,4617.55000,628.0,0.72,"",0,00:00:27:32,,,,,,,,,,,,
,01/09/2026 16:10,01/09/2026 16:24,XAUUSD,Buy,0.150,0.00000,0.00000,4492.13000,4494.86000,273.0,0.19,"",0,00:00:13:16,,,,,,,,,,,,
,01/09/2026 14:00,01/09/2026 14:05,XAUUSD,Buy,0.150,0.00000,0.00000,4477.41000,4478.99000,158.0,0.11,"",0,00:00:04:53,,,,,,,,,,,,
,01/08/2026 15:25,01/08/2026 15:54,XAUUSD,Buy,0.150,0.00000,0.00000,4434.39000,4425.00000,-939.0,-0.64,"",0,00:00:29:55,,,,,,,,,,,,
,01/07/2026 15:06,01/07/2026 15:09,XAUUSD,Sell,0.150,0.00000,0.00000,4439.36000,4430.01000,935.0,0.64,"",0,00:00:03:04,,,,,,,,,,,,
,01/06/2026 16:15,01/06/2026 16:36,XAUUSD,Buy,0.150,0.00000,0.00000,4473.24000,4482.17000,893.0,0.62,"",0,00:00:21:28,,,,,,,,,,,,
,01/02/2026 16:31,01/02/2026 16:32,XAUUSD,Sell,0.100,0.00000,0.00000,4361.27000,4361.29000,-2.0,0.00,"",0,00:00:01:40,,,,,,,,,,,,
,01/02/2026 15:24,01/02/2026 15:29,XAUUSD,Sell,0.150,0.00000,0.00000,4383.91000,4374.09000,982.0,0.68,"",0,00:00:05:34,,,,,,,,,,,,
,01/02/2026 12:40,01/02/2026 12:47,XAUUSD,Buy,0.250,0.00000,0.00000,4394.97000,4396.18000,121.0,0.14,"",0,00:00:06:12,,,,,,,,,,,,
,12/30/2025 16:38,12/30/2025 16:41,XAUUSD,Sell,0.150,0.00000,0.00000,4374.43000,4369.13000,530.0,0.37,"",0,00:00:02:30,,,,,,,,,,,,
,12/29/2025 16:01,12/29/2025 16:03,XAUUSD,Sell,0.150,0.00000,0.00000,4405.90000,4403.81000,209.0,0.15,"",0,00:00:02:26,,,,,,,,,,,,
,12/29/2025 10:51,12/29/2025 10:53,XAUUSD,Sell,0.350,0.00000,0.00000,4457.39000,4456.06000,133.0,0.22,"",0,00:00:02:15,,,,,,,,,,,,
,12/22/2025 21:15,12/22/2025 21:52,XAUUSD,Sell,0.350,0.00000,0.00000,4428.96000,4433.00000,-404.0,-0.66,"",0,00:00:37:00,,,,,,,,,,,,
,12/22/2025 17:39,12/22/2025 17:57,XAUUSD,Buy,0.150,0.00000,0.00000,4427.34000,4433.75000,641.0,0.45,"",0,00:00:18:31,,,,,,,,,,,,
,12/19/2025 11:44,12/19/2025 11:45,XAUUSD,Buy,0.350,0.00000,0.00000,4330.74000,4333.27000,253.0,0.42,"",0,00:00:00:30,,,,,,,,,,,,
,12/17/2025 16:45,12/17/2025 17:03,XAUUSD,Buy,0.100,0.00000,0.00000,4339.93000,4340.69000,76.0,0.04,"",0,00:00:18:40,,,,,,,,,,,,
,12/17/2025 09:13,12/17/2025 09:17,XAUUSD,Sell,0.350,0.00000,0.00000,4322.66000,4321.53000,113.0,0.19,"",0,00:00:04:36,,,,,,,,,,,,
,12/16/2025 10:20,12/16/2025 10:43,XAUUSD,Sell,0.350,0.00000,0.00000,4277.63000,4283.35000,-572.0,-0.93,"",0,00:00:23:45,,,,,,,,,,,,
,12/15/2025 13:00,12/15/2025 13:08,XAUUSD,Sell,0.350,0.00000,0.00000,4337.45000,4335.70000,175.0,0.29,"",0,00:00:07:27,,,,,,,,,,,,
,12/10/2025 21:00,12/12/2025 15:53,EURUSD,Buy,0.200,0.00000,0.00000,1.16661,1.17270,60.9,0.54,"",0,01:18:52:36,100.0,1d 18h ,29.0,0.01,89.7,,0.0,,100.0,67.9,-28.80,
,12/12/2025 15:33,12/12/2025 15:45,XAUUSD,Buy,0.150,0.00000,0.00000,4345.87000,4339.20000,-667.0,-0.47,"",0,00:00:11:32,,,,,,,,,,,,
,12/10/2025 16:07,12/10/2025 16:08,XAUUSD,Buy,0.150,0.00000,0.00000,4203.88000,4205.34000,146.0,0.10,"",0,00:00:00:38,,,,,,,,,,,,
,12/10/2025 15:50,12/10/2025 15:56,XAUUSD,Buy,0.150,0.00000,0.00000,4203.11000,4203.21000,10.0,0.01,"",0,00:00:05:45,,,,,,,,,,,,
,12/10/2025 14:03,12/10/2025 14:09,XAUUSD,Buy,0.350,0.00000,0.00000,4199.66000,4200.91000,125.0,0.21,"",0,00:00:05:48,,,,,,,,,,,,
,12/10/2025 10:33,12/10/2025 10:35,XAUUSD,Sell,0.350,0.00000,0.00000,4201.91000,4203.30000,-139.0,-0.23,"",0,00:00:01:54,,,,,,,,,,,,
,12/10/2025 10:10,12/10/2025 10:24,XAUUSD,Sell,0.350,0.00000,0.00000,4201.36000,4206.40000,-504.0,-0.82,"",0,00:00:14:04,,,,,,,,,,,,
,12/09/2025 16:06,12/09/2025 16:11,XAUUSD,Sell,0.150,0.00000,0.00000,4195.21000,4191.01000,420.0,0.30,"",0,00:00:05:49,,,,,,,,,,,,
,12/09/2025 10:09,12/09/2025 10:15,XAUUSD,Buy,0.350,0.00000,0.00000,4187.19000,4188.25000,106.0,0.17,"",0,00:00:05:53,,,,,,,,,,,,
,12/08/2025 21:04,12/08/2025 21:30,XAUUSD,Sell,0.350,0.00000,0.00000,4184.28000,4187.73000,-345.0,-0.56,"",0,00:00:26:23,,,,,,,,,,,,
,12/08/2025 17:00,12/08/2025 17:01,XAUUSD,Sell,0.100,0.00000,0.00000,4192.69000,4194.20000,-151.0,-0.07,"",0,00:00:00:23,,,,,,,,,,,,
,12/08/2025 16:42,12/08/2025 16:56,XAUUSD,Sell,0.200,0.00000,0.00000,4200.41000,4209.29000,-888.0,-0.82,"",0,00:00:13:55,,,,,,,,,,,,
,12/08/2025 15:51,12/08/2025 16:11,XAUUSD,Sell,0.200,0.00000,0.00000,4200.43000,4209.00000,-857.0,-0.79,"",0,00:00:19:44,,,,,,,,,,,,
,12/08/2025 10:31,12/08/2025 10:31,XAUUSD,Sell,0.350,0.00000,0.00000,4208.02000,4207.32000,70.0,0.11,"",0,00:00:00:47,,,,,,,,,,,,
,12/08/2025 09:50,12/08/2025 10:10,XAUUSD,Sell,0.350,0.00000,0.00000,4206.91000,4212.53000,-562.0,-0.89,"",0,00:00:19:38,,,,,,,,,,,,
,12/08/2025 08:34,12/08/2025 09:06,XAUUSD,Buy,0.350,0.00000,0.00000,4218.93000,4213.01000,-592.0,-0.93,"",0,00:00:32:11,,,,,,,,,,,,
,12/08/2025 07:58,12/08/2025 08:06,XAUUSD,Buy,0.350,0.00000,0.00000,4216.59000,4216.54000,-5.0,-0.01,"",0,00:00:07:40,,,,,,,,,,,,
,12/05/2025 15:00,12/05/2025 15:02,XAUUSD,Buy,0.150,0.00000,0.00000,4231.63000,4225.43000,-620.0,-0.42,"",0,00:00:02:11,,,,,,,,,,,,
,12/04/2025 14:34,12/04/2025 14:44,XAUUSD,Sell,0.500,0.00000,0.00000,4191.03000,4192.75000,-172.0,-0.38,"",0,00:00:10:29,,,,,,,,,,,,
,12/04/2025 13:09,12/04/2025 13:21,XAUUSD,Buy,0.350,0.00000,0.00000,4203.50000,4201.04000,-246.0,-0.38,"",0,00:00:12:44,,,,,,,,,,,,
,12/04/2025 11:47,12/04/2025 12:03,XAUUSD,Buy,0.500,0.00000,0.00000,4197.92000,4199.95000,203.0,0.45,"",0,00:00:16:18,,,,,,,,,,,,
,12/04/2025 10:59,12/04/2025 11:29,XAUUSD,Sell,0.500,0.00000,0.00000,4185.23000,4191.05000,-582.0,-1.28,"",0,00:00:29:40,,,,,,,,,,,,
,12/03/2025 13:31,12/03/2025 13:56,XAUUSD,Buy,0.350,0.00000,0.00000,4207.18000,4206.55000,-63.0,-0.10,"",0,00:00:24:45,,,,,,,,,,,,
,12/03/2025 09:32,12/03/2025 10:01,XAUUSD,Sell,0.350,0.00000,0.00000,4202.11000,4208.11000,-600.0,-0.92,"",0,00:00:29:12,,,,,,,,,,,,
,12/02/2025 13:55,12/02/2025 14:02,XAUUSD,Buy,0.350,0.00000,0.00000,4204.48000,4204.87000,39.0,0.06,"",0,00:00:06:45,,,,,,,,,,,,
,12/02/2025 11:11,12/02/2025 11:21,XAUUSD,Sell,0.350,0.00000,0.00000,4205.33000,4201.24000,409.0,0.63,"",0,00:00:09:24,,,,,,,,,,,,
,12/02/2025 08:36,12/02/2025 08:48,XAUUSD,Sell,0.350,0.00000,0.00000,4203.52000,4211.10000,-758.0,-1.16,"",0,00:00:11:49,,,,,,,,,,,,
,12/01/2025 10:00,12/01/2025 10:10,XAUUSD,Buy,0.350,0.00000,0.00000,4246.59000,4250.70000,411.0,0.63,"",0,00:00:09:57,,,,,,,,,,,,
,11/27/2025 18:25,11/27/2025 18:48,XAUUSD,Sell,0.150,0.00000,0.00000,4152.58000,4155.93000,-335.0,-0.22,"",0,00:00:22:48,,,,,,,,,,,,
,11/27/2025 17:29,11/27/2025 17:35,XAUUSD,Buy,0.150,0.00000,0.00000,4161.70000,4158.75000,-295.0,-0.19,"",0,00:00:06:29,,,,,,,,,,,,
,11/27/2025 13:40,11/27/2025 13:57,XAUUSD,Buy,0.350,0.00000,0.00000,4162.27000,4157.83000,-444.0,-0.68,"",0,00:00:16:43,,,,,,,,,,,,
,11/26/2025 18:40,11/26/2025 18:54,XAUUSD,Buy,0.150,0.00000,0.00000,4166.37000,4165.27000,-110.0,-0.07,"",0,00:00:13:48,,,,,,,,,,,,
,11/26/2025 13:30,11/26/2025 13:33,XAUUSD,Buy,0.350,0.00000,0.00000,4165.29000,4171.51000,622.0,0.96,"",0,00:00:03:33,,,,,,,,,,,,
,11/26/2025 10:10,11/26/2025 10:32,XAUUSD,Buy,0.350,0.00000,0.00000,4166.64000,4164.95000,-169.0,-0.26,"",0,00:00:22:30,,,,,,,,,,,,
,11/25/2025 21:04,11/25/2025 21:24,XAUUSD,Sell,0.350,0.00000,4130.45000,4132.12000,4129.81000,231.0,0.36,"[tp 4130.45]",0,00:00:20:30,,,,,,,,,,,,
,11/25/2025 19:10,11/25/2025 19:33,XAUUSD,Buy,0.350,0.00000,0.00000,4151.39000,4156.80000,541.0,0.84,"",0,00:00:23:39,,,,,,,,,,,,
,11/24/2025 14:33,11/24/2025 14:44,XAUUSD,Buy,0.350,0.00000,0.00000,4074.25000,4079.94000,569.0,0.89,"",0,00:00:10:42,,,,,,,,,,,,
,11/24/2025 09:37,11/24/2025 09:45,XAUUSD,Buy,0.150,0.00000,0.00000,4059.72000,4064.00000,428.0,0.29,"",0,00:00:07:07,,,,,,,,,,,,
,11/21/2025 18:42,11/21/2025 18:51,XAUUSD,Buy,0.150,0.00000,0.00000,4077.70000,4093.53000,1583.0,1.09,"",0,00:00:09:00,,,,,,,,,,,,
,11/21/2025 14:30,11/21/2025 14:31,XAUUSD,Buy,0.150,0.00000,4059.86000,4050.31000,4059.69000,938.0,0.65,"[tp 4059.86]",0,00:00:01:29,,,,,,,,,,,,
,11/21/2025 12:22,11/21/2025 13:06,XAUUSD,Sell,0.350,0.00000,0.00000,4035.47000,4041.50000,-603.0,-0.96,"",0,00:00:43:52,,,,,,,,,,,,
,11/21/2025 10:03,11/21/2025 10:05,XAUUSD,Sell,0.350,0.00000,0.00000,4026.18000,4035.84000,-966.0,-1.51,"",0,00:00:01:57,,,,,,,,,,,,
,11/20/2025 18:31,11/20/2025 19:04,XAUUSD,Sell,0.150,0.00000,0.00000,4062.01000,4050.22000,1179.0,0.80,"",0,00:00:32:34,,,,,,,,,,,,
,11/19/2025 23:15,11/19/2025 23:34,XAUUSD,Sell,0.150,4082.81000,0.00000,4068.93000,4082.93000,-1400.0,-0.94,"[sl 4082.81]",0,00:00:18:47,,,,,,,,,,,,
,11/19/2025 16:59,11/19/2025 17:02,XAUUSD,Buy,0.150,0.00000,0.00000,4125.06000,4126.32000,126.0,0.08,"",0,00:00:03:20,,,,,,,,,,,,
,11/19/2025 11:43,11/19/2025 11:47,XAUUSD,Buy,0.350,0.00000,4104.11000,4094.12000,4104.11000,999.0,1.58,"[tp 4104.11]",0,00:00:04:39,,,,,,,,,,,,
,11/18/2025 20:46,11/18/2025 21:02,XAUUSD,Buy,0.100,0.00000,0.00000,4073.41000,4073.18000,-23.0,-0.01,"",0,00:00:16:02,,,,,,,,,,,,
,11/18/2025 19:40,11/18/2025 20:02,XAUUSD,Buy,0.200,0.00000,0.00000,4073.41000,4071.00000,-241.0,-0.22,"",0,00:00:21:45,,,,,,,,,,,,
,11/18/2025 18:02,11/18/2025 18:18,XAUUSD,Sell,0.150,4059.32000,0.00000,4047.23000,4059.42000,-1219.0,-0.82,"[sl 4059.32]",0,00:00:15:55,,,,,,,,,,,,
,11/18/2025 12:45,11/18/2025 12:51,XAUUSD,Buy,0.350,0.00000,0.00000,4043.86000,4046.75000,289.0,0.45,"",0,00:00:05:48,,,,,,,,,,,,
,11/18/2025 11:55,11/18/2025 12:06,XAUUSD,Buy,0.350,0.00000,0.00000,4043.29000,4038.34000,-495.0,-0.77,"",0,00:00:11:28,,,,,,,,,,,,
,11/18/2025 10:32,11/18/2025 10:35,XAUUSD,Buy,0.350,0.00000,4037.32000,4027.53000,4037.38000,985.0,1.56,"[tp 4037.32]",0,00:00:03:21,,,,,,,,,,,,
,11/18/2025 09:01,11/18/2025 09:47,XAUUSD,Sell,0.350,4015.52000,0.00000,4007.39000,4015.54000,-815.0,-1.27,"[sl 4015.52]",0,00:00:46:33,,,,,,,,,,,,
,11/18/2025 07:54,11/18/2025 07:58,XAUUSD,Buy,0.350,0.00000,0.00000,4025.06000,4015.91000,-915.0,-1.41,"",0,00:00:03:35,,,,,,,,,,,,
,11/17/2025 20:54,11/17/2025 21:06,XAUUSD,Sell,0.100,0.00000,4058.35000,4065.58000,4058.19000,739.0,0.33,"[tp 4058.35]",0,00:00:12:28,,,,,,,,,,,,
,11/17/2025 09:31,11/17/2025 09:41,XAUUSD,Buy,0.350,0.00000,0.00000,4079.67000,4081.84000,217.0,0.34,"",0,00:00:10:32,,,,,,,,,,,,
,11/14/2025 13:09,11/14/2025 13:17,XAUUSD,Sell,0.100,0.00000,4142.18000,4158.65000,4142.05000,1660.0,0.74,"[tp 4142.18]",0,00:00:08:04,,,,,,,,,,,,
,11/14/2025 12:31,11/14/2025 12:52,XAUUSD,Sell,0.100,0.00000,0.00000,4162.48000,4169.97000,-749.0,-0.33,"",0,00:00:21:13,,,,,,,,,,,,
,11/14/2025 11:31,11/14/2025 12:07,XAUUSD,Sell,0.100,0.00000,0.00000,4166.71000,4166.71000,0.0,0.00,"",0,00:00:36:46,,,,,,,,,,,,
,11/13/2025 20:31,11/13/2025 20:31,XAUUSD,Sell,0.100,0.00000,0.00000,4186.58000,4178.15000,843.0,0.38,"",0,00:00:00:16,,,,,,,,,,,,
,11/13/2025 09:32,11/13/2025 10:02,XAUUSD,Buy,0.400,0.00000,4223.00000,4218.08000,4223.42000,534.0,0.96,"[tp 4223.00]",0,00:00:29:58,,,,,,,,,,,,
,11/12/2025 16:38,11/12/2025 16:47,XAUUSD,Buy,0.100,0.00000,0.00000,4138.11000,4132.66000,-545.0,-0.25,"",0,00:00:08:52,,,,,,,,,,,,
,11/12/2025 13:12,11/12/2025 13:20,XAUUSD,Buy,0.400,0.00000,0.00000,4130.31000,4126.20000,-411.0,-0.74,"",0,00:00:08:01,,,,,,,,,,,,
,11/12/2025 10:22,11/12/2025 10:27,XAUUSD,Buy,0.400,0.00000,0.00000,4126.88000,4127.76000,88.0,0.16,"",0,00:00:04:15,,,,,,,,,,,,
,11/11/2025 17:16,11/11/2025 17:22,XAUUSD,Sell,0.100,0.00000,0.00000,4118.03000,4107.76000,1027.0,0.46,"",0,00:00:06:20,,,,,,,,,,,,
,11/11/2025 11:09,11/11/2025 12:34,XAUUSD,Buy,0.200,4136.91000,0.00000,4142.88000,4136.89000,-599.0,-0.54,"[sl 4136.91]",0,00:01:24:31,,,,,,,,,,,,
,11/10/2025 13:59,11/10/2025 14:02,XAUUSD,Buy,0.400,0.00000,0.00000,4085.55000,4086.93000,138.0,0.25,"",0,00:00:03:00,,,,,,,,,,,,
,11/06/2025 13:33,11/06/2025 13:43,XAUUSD,Buy,0.100,0.00000,4016.87000,4012.26000,4016.94000,468.0,0.21,"[tp 4016.87]",0,00:00:10:05,,,,,,,,,,,,
,11/06/2025 10:14,11/06/2025 10:17,XAUUSD,Buy,0.100,0.00000,0.00000,4009.30000,4012.55000,325.0,0.15,"",0,00:00:03:05,,,,,,,,,,,,
,11/06/2025 09:00,11/06/2025 09:00,XAUUSD,Buy,0.100,0.00000,0.00000,3993.16000,3994.50000,134.0,0.06,"",0,00:00:00:17,,,,,,,,,,,,
,11/05/2025 10:05,11/05/2025 10:05,XAUUSD,Buy,0.500,0.00000,3980.65000,3979.08000,3981.61000,253.0,0.58,"[tp 3980.65]",0,00:00:00:09,,,,,,,,,,,,
,11/04/2025 19:12,11/05/2025 03:25,XAUUSD,Sell,0.030,3947.06000,0.00000,3962.41000,3947.25000,1516.0,0.21,"[sl 3947.06]",0,00:08:13:15,,,,,,,,,,,,
,11/04/2025 17:20,11/05/2025 03:25,XAUUSD,Sell,0.030,3947.06000,0.00000,3944.16000,3947.25000,-309.0,-0.04,"[sl 3947.06]",0,00:10:04:59,,,,,,,,,,,,
,11/04/2025 09:51,11/04/2025 10:07,XAUUSD,Buy,0.500,0.00000,3997.29000,3996.29000,3997.42000,113.0,0.26,"[tp 3997.29]",0,00:00:16:38,,,,,,,,,,,,
,11/04/2025 07:35,11/04/2025 07:43,XAUUSD,Sell,0.500,0.00000,3976.55000,3978.43000,3976.51000,192.0,0.44,"[tp 3976.55]",0,00:00:07:14,,,,,,,,,,,,
,11/03/2025 18:16,11/03/2025 18:17,XAUUSD,Sell,0.500,0.00000,3999.64000,3999.98000,3999.27000,71.0,0.16,"[tp 3999.64]",0,00:00:00:51,,,,,,,,,,,,
,11/03/2025 11:41,11/03/2025 11:41,XAUUSD,Sell,0.500,0.00000,3999.00000,4000.55000,3998.84000,171.0,0.40,"[tp 3999.00]",0,00:00:00:18,,,,,,,,,,,,
,11/03/2025 09:03,11/03/2025 09:12,XAUUSD,Buy,0.540,0.00000,0.00000,4023.28000,4017.40000,-588.0,-1.44,"",0,00:00:08:32,,,,,,,,,,,,
,11/03/2025 08:24,11/03/2025 08:32,XAUUSD,Buy,1.000,4013.50000,0.00000,4018.50000,4013.32000,-518.0,-2.30,"[sl 4013.50]",0,00:00:07:50,,,,,,,,,,,,
,10/31/2025 15:48,10/31/2025 16:32,XAUUSD,Buy,0.030,4020.00000,0.00000,4035.45000,4019.87000,-1558.0,-0.21,"[sl 4020.00]",0,00:00:44:32,,,,,,,,,,,,
,10/31/2025 10:15,10/31/2025 10:20,XAUUSD,Buy,0.030,0.00000,0.00000,4017.02000,4019.53000,251.0,0.03,"",0,00:00:05:02,,,,,,,,,,,,
,10/31/2025 10:15,10/31/2025 10:17,XAUUSD,Buy,0.470,0.00000,4018.94000,4017.04000,4018.98000,194.0,0.41,"[tp 4018.94]",0,00:00:01:53,,,,,,,,,,,,
,10/30/2025 20:40,10/31/2025 06:13,XAUUSD,Buy,0.050,3992.00000,0.00000,4007.30000,3991.71000,-1559.0,-0.36,"[sl 3992.00]",0,00:09:33:21,,,,,,,,,,,,
,10/30/2025 20:40,10/30/2025 20:42,XAUUSD,Buy,0.450,0.00000,4009.17000,4007.28000,4009.18000,190.0,0.38,"[tp 4009.17]",0,00:00:02:02,,,,,,,,,,,,
,10/30/2025 01:07,10/30/2025 01:49,XAUUSD,Sell,0.050,3947.69000,0.00000,3927.91000,3947.71000,-1980.0,-0.44,"[sl 3947.69]",0,00:00:41:03,,,,,,,,,,,,
,10/29/2025 23:52,10/30/2025 01:04,XAUUSD,Sell,0.050,0.00000,3925.00000,3928.05000,3924.74000,331.0,0.11,"[tp 3925.00]",0,00:01:11:37,,,,,,,,,,,,
,10/29/2025 21:42,10/29/2025 23:07,XAUUSD,Sell,0.500,0.00000,0.00000,3943.20000,3935.54000,766.0,1.72,"",0,00:01:24:52,,,,,,,,,,,,
,10/29/2025 12:48,,,Deposit,0.000,0.00000,0.00000,0.00000,0.00000,0.0,0,"Google Pay-FSA 79413469",0,00:00:00:00,,,,,,,,,,,,
,10/29/2025 12:46,,,Deposit,0.000,0.00000,0.00000,0.00000,0.00000,0.0,0,"Google Pay-FSA 79413391",0,00:00:00:00,,,,,,,,,,,,
,10/29/2025 10:09,10/29/2025 10:10,XAUUSD,Buy,0.500,0.00000,3986.64000,3984.65000,3987.96000,331.0,1.57,"[tp 3986.64]",0,00:00:00:29,,,,,,,,,,,,
,10/28/2025 20:14,10/28/2025 20:48,GCZ25,Buy,0.010,0.00000,0.00000,3984.81000,3973.61000,-11.2,-0.11,"",0,00:00:34:28,,,,,,,,,,,,
,10/28/2025 20:26,10/28/2025 20:48,GCZ25,Buy,0.050,3976.50000,0.00000,3985.32000,3976.33000,-9.0,-0.42,"[sl 3976.50]",0,00:00:22:09,,,,,,,,,,,,
,10/28/2025 17:49,10/28/2025 17:50,XAUUSD,Buy,0.250,0.00000,3952.45000,3950.71000,3952.54000,183.0,0.43,"[tp 3952.45]",0,00:00:01:06,,,,,,,,,,,,
,10/27/2025 10:55,10/27/2025 11:03,XAUUSD,Sell,0.250,0.00000,0.00000,4065.94000,4065.31000,63.0,0.15,"",0,00:00:07:31,,,,,,,,,,,,
,10/27/2025 10:21,10/27/2025 10:21,XAUUSD,Sell,0.250,0.00000,4068.11000,4070.08000,4068.07000,201.0,0.48,"[tp 4068.11]",0,00:00:00:29,,,,,,,,,,,,
,10/25/2025 17:16,,,Deposit,0.000,0.00000,0.00000,0.00000,0.00000,0.0,0,"Google Pay-FSA 79259407",0,00:00:00:00,,,,,,,,,,,,
,10/25/2025 17:15,,,Deposit,0.000,0.00000,0.00000,0.00000,0.00000,0.0,0,"Google Pay-FSA 79259399",0,00:00:00:00,,,,,,,,,,,,

