Tags,Open Date,Close Date,Symbol,Action,Units/Lots,SL,TP,Open Price,Close Price,Commission,Swap,Pips,Profit,Gain,Comment,Magic Number,Duration (DD:HH:MM:SS),Profitable(%),Profitable(time duration),Drawdown,Risk:Reward,Max(pips),Max(USD),Min(pips),Min(USD),Entry Accuracy(%),Exit Accuracy(%),ProfitMissed(pips),ProfitMissed(USD)
,05/28/2026 17:13,05/29/2026 03:41,US500_,Buy,53.300,7025.12000,0.00000,7552.27000,7567.22000,-5.3300,-63.3100,1495.0,728.20,0.54,"Buy AI Trader 2.0",86257458,00:10:28:06,,,,,,,,,,,,
,05/21/2026 20:16,05/21/2026 21:01,US500_,Buy,53.780,6919.63000,0.00000,7440.84000,7456.71000,-5.3800,0.0000,1587.0,848.11,0.64,"Buy AI Trader 2.0",86257458,00:00:45:00,,,,,,,,,,,,
,05/18/2026 16:56,05/21/2026 11:20,US500_,Buy,53.910,6916.31000,0.00000,7437.52000,7439.45000,-5.3900,-184.3900,193.0,-85.73,-0.06,"Buy AI Trader 2.0",86257458,02:18:23:31,,,,,,,,,,,,
,05/18/2026 14:40,05/18/2026 16:30,US500_,Buy,53.720,6889.56000,0.00000,7408.53000,7422.63000,-5.3700,0.0000,1410.0,752.08,0.57,"Buy AI Trader 2.0",86257458,00:01:49:42,,,,,,,,,,,,
,05/15/2026 17:17,05/15/2026 21:18,US500_,Buy,53.460,6919.14000,0.00000,7440.32000,7442.69000,-5.3500,0.0000,237.0,121.35,0.09,"Buy AI Trader 2.0",86257458,00:04:01:22,,,,,,,,,,,,
,05/06/2026 17:45,05/07/2026 01:01,US500_,Buy,53.890,6834.14000,0.00000,7348.92000,7359.74000,-5.3900,-62.2200,1082.0,515.48,0.39,"Buy AI Trader 2.0",86257458,00:07:15:53,,,,,,,,,,,,
,05/06/2026 11:55,05/06/2026 14:44,US500_,Buy,53.970,6808.79000,0.00000,7321.68000,7329.78000,-5.4000,0.0000,810.0,431.76,0.33,"Buy AI Trader 2.0",86257458,00:02:48:25,,,,,,,,,,,,
,05/01/2026 17:00,05/06/2026 03:16,US500_,Buy,54.230,6761.78000,0.00000,7271.11000,7283.90000,-5.4200,-307.7200,1279.0,380.46,0.29,"Buy AI Trader 2.0",86257458,04:10:16:04,,,,,,,,,,,,
,04/30/2026 17:55,05/01/2026 01:53,US500_,Buy,53.720,6666.81000,0.00000,7169.49000,7224.81000,-5.3700,-60.9300,5532.0,2905.49,2.27,"Buy AI Trader 2.0",86257458,00:07:57:47,,,,,,,,,,,,
,04/29/2026 23:03,04/30/2026 16:30,US500_,Buy,53.530,6662.21000,0.00000,7163.38000,7171.69000,-5.3500,-60.0600,831.0,379.42,0.30,"Buy AI Trader 2.0",86257458,00:17:27:16,,,,,,,,,,,,
,04/24/2026 14:22,04/24/2026 18:46,US500_,Buy,53.690,6652.05000,0.00000,7153.14000,7153.38000,-5.3700,0.0000,24.0,7.52,0.01,"Buy AI Trader 2.0",86257458,00:04:24:11,,,,,,,,,,,,
,04/23/2026 20:53,04/23/2026 21:49,US500_,Buy,53.090,6589.76000,0.00000,7086.14000,7108.64000,-5.3100,0.0000,2250.0,1189.22,0.94,"Buy AI Trader 2.0",86257458,00:00:56:04,,,,,,,,,,,,
,04/23/2026 03:19,04/23/2026 04:30,US500_,Buy,53.100,6614.25000,0.00000,7113.31000,7114.35000,-5.3100,0.0000,104.0,49.91,0.04,"Buy AI Trader 2.0",86257458,00:01:11:08,,,,,,,,,,,,
,04/21/2026 20:43,04/22/2026 11:33,US500_,Buy,53.460,6604.91000,0.00000,7102.43000,7103.07000,-5.3500,-59.6600,64.0,-30.80,-0.02,"Buy AI Trader 2.0",86257458,00:14:49:17,,,,,,,,,,,,
,04/17/2026 15:50,04/17/2026 18:19,US500_,Buy,53.040,6603.52000,0.00000,7101.21000,7126.57000,-5.3000,0.0000,2536.0,1339.79,1.07,"Buy AI Trader 2.0",86257458,00:02:29:06,,,,,,,,,,,,
,04/13/2026 16:50,04/13/2026 19:42,US500_,Buy,54.870,6341.94000,0.00000,6819.67000,6834.29000,-5.4900,0.0000,1462.0,796.71,0.64,"Buy AI Trader 2.0",86257458,00:02:51:06,,,,,,,,,,,,
,04/08/2026 23:00,04/09/2026 19:38,US500_,Buy,54.400,6312.58000,0.00000,6788.10000,6819.83000,-5.4400,-58.0200,3173.0,1662.65,1.36,"Buy AI Trader 2.0",86257458,00:20:38:18,,,,,,,,,,,,
,04/08/2026 18:50,04/08/2026 20:27,US500_,Buy,54.350,6300.95000,0.00000,6775.35000,6776.97000,-5.4400,0.0000,162.0,82.61,0.07,"Buy AI Trader 2.0",86257458,00:01:37:19,,,,,,,,,,,,
,04/08/2026 02:25,04/08/2026 10:01,US500_,Buy,54.380,6304.75000,0.00000,6779.51000,6785.33000,-5.4400,0.0000,582.0,311.05,0.25,"Buy AI Trader 2.0",86257458,00:07:35:59,,,,,,,,,,,,
,04/08/2026 01:58,04/08/2026 02:06,US500_,Buy,54.000,6273.83000,0.00000,6746.51000,6747.80000,-5.4000,0.0000,129.0,64.26,0.05,"Buy AI Trader 2.0",86257458,00:00:07:58,,,,,,,,,,,,
,04/08/2026 01:32,04/08/2026 01:42,US500_,Buy,54.000,6231.17000,0.00000,6700.64000,6717.80000,-5.4000,0.0000,1716.0,921.24,0.76,"Buy AI Trader 2.0",86257458,00:00:09:47,,,,,,,,,,,,
,04/07/2026 23:41,04/08/2026 01:00,US500_,Buy,53.720,6167.31000,0.00000,6631.48000,6681.69000,-5.3700,-56.1000,5021.0,2635.81,2.22,"Buy AI Trader 2.0",86257458,00:01:18:44,,,,,,,,,,,,
,04/07/2026 15:55,04/07/2026 22:46,US500_,Buy,53.880,6134.91000,0.00000,6596.70000,6602.19000,-5.3900,0.0000,549.0,290.41,0.25,"Buy AI Trader 2.0",86257458,00:06:50:26,,,,,,,,,,,,
,04/06/2026 17:00,04/07/2026 13:09,US500_,Buy,53.800,6149.58000,0.00000,6613.08000,6610.68000,-5.3800,-55.9600,-240.0,-190.46,-0.16,"Buy AI Trader 2.0",86257458,00:20:08:55,,,,,,,,,,,,
,04/02/2026 04:11,04/02/2026 17:38,US500_,Buy,53.890,6124.88000,0.00000,6586.35000,6587.68000,-5.3900,0.0000,133.0,66.28,0.06,"Buy AI Trader 2.0",86257458,00:13:26:59,,,,,,,,,,,,
,04/01/2026 15:44,04/01/2026 20:57,US500_,Buy,53.850,6132.54000,0.00000,6594.53000,6596.77000,-5.3900,0.0000,224.0,115.23,0.10,"Buy AI Trader 2.0",86257458,00:05:12:13,,,,,,,,,,,,
,03/31/2026 20:03,03/31/2026 22:51,US500_,Buy,54.120,6050.59000,0.00000,6506.39000,6525.51000,-5.4100,0.0000,1912.0,1029.36,0.88,"Buy AI Trader 2.0",86257458,00:02:48:49,,,,,,,,,,,,
,03/31/2026 18:06,03/31/2026 19:42,US500_,Buy,53.220,5984.79000,0.00000,6435.64000,6500.26000,-5.3200,0.0000,6462.0,3433.76,3.02,"Buy AI Trader 2.0",86257458,00:01:35:29,,,,,,,,,,,,
,03/31/2026 16:49,03/31/2026 17:06,US500_,Buy,53.180,5988.05000,0.00000,6439.14000,6440.38000,-5.3200,0.0000,124.0,60.62,0.05,"Buy AI Trader 2.0",86257458,00:00:16:54,,,,,,,,,,,,
,03/31/2026 10:57,03/31/2026 15:10,US500_,Buy,53.320,5961.30000,0.00000,6410.40000,6412.75000,-5.3300,0.0000,235.0,119.97,0.11,"Buy AI Trader 2.0",86257458,00:04:13:13,,,,,,,,,,,,
,03/31/2026 04:25,03/31/2026 04:57,US500_,Buy,53.270,5940.35000,0.00000,6387.93000,6396.97000,-5.3300,0.0000,904.0,476.23,0.42,"Buy AI Trader 2.0",86257458,00:00:32:24,,,,,,,,,,,,
,03/30/2026 22:55,03/31/2026 03:51,US500_,Buy,53.590,5903.23000,0.00000,6347.94000,6371.22000,-5.3600,-53.4600,2328.0,1188.76,1.06,"Buy AI Trader 2.0",86257458,00:04:56:10,,,,,,,,,,,,
,03/23/2026 17:22,03/30/2026 22:29,US500_,Buy,59.730,6182.79000,0.00000,6648.29000,6315.56000,-5.9700,-424.2800,-33273.0,-20304.21,-15.36,"Buy AI Trader 2.0",86257458,07:05:06:08,,,,,,,,,,,,
,03/23/2026 16:42,03/23/2026 17:04,US500_,Buy,59.810,6158.95000,0.00000,6622.41000,6623.41000,-5.9800,0.0000,100.0,53.83,0.04,"Buy AI Trader 2.0",86257458,00:00:21:49,,,,,,,,,,,,
,03/23/2026 15:42,03/23/2026 16:02,US500_,Buy,59.960,6170.34000,0.00000,6635.17000,6635.40000,-6.0000,0.0000,23.0,7.79,0.01,"Buy AI Trader 2.0",86257458,00:00:19:18,,,,,,,,,,,,
,03/23/2026 11:23,03/23/2026 15:30,US500_,Buy,57.540,6014.45000,0.00000,6467.55000,6612.65000,-5.7500,0.0000,14510.0,8343.30,6.74,"Buy AI Trader 2.0",86257458,00:04:07:06,,,,,,,,,,,,
,03/11/2026 16:32,03/23/2026 09:55,US500_,Buy,65.030,6319.12000,0.00000,6795.15000,6454.52000,-6.5000,-813.2300,-34063.0,-22970.90,-15.65,"Buy AI Trader 2.0",86257458,11:17:23:44,,,,,,,,,,,,
,03/10/2026 11:00,03/10/2026 18:13,US500_,Buy,64.590,6338.81000,0.00000,6816.08000,6816.44000,-6.4600,0.0000,36.0,16.79,0.01,"Buy AI Trader 2.0",86257458,00:07:12:59,,,,,,,,,,,,
,03/09/2026 19:43,03/09/2026 23:03,US500_,Buy,63.960,6259.21000,0.00000,6730.71000,6789.79000,-6.4000,0.0000,5908.0,3772.36,2.64,"Buy AI Trader 2.0",86257458,00:03:20:06,,,,,,,,,,,,
,03/09/2026 17:38,03/09/2026 18:35,US500_,Buy,63.770,6207.13000,0.00000,6674.71000,6698.58000,-6.3800,0.0000,2387.0,1515.81,1.07,"Buy AI Trader 2.0",86257458,00:00:57:09,,,,,,,,,,,,
,03/09/2026 12:21,03/09/2026 12:49,US500_,Buy,63.680,6205.49000,0.00000,6672.97000,6676.82000,-6.3700,0.0000,385.0,238.80,0.17,"Buy AI Trader 2.0",86257458,00:00:28:09,,,,,,,,,,,,
,03/09/2026 02:00,03/09/2026 11:44,US500_,Buy,64.970,6176.28000,0.00000,6641.62000,6642.07000,-6.5000,0.0000,45.0,22.74,0.02,"Buy AI Trader 2.0",86257458,00:09:44:30,,,,,,,,,,,,
,02/11/2026 15:54,03/09/2026 01:05,US500_,Buy,72.810,6491.23000,0.00000,6980.22000,6631.16000,-7.2800,-2051.0700,-34906.0,-27473.41,-16.29,"Buy AI Trader 2.0",86257458,25:09:11:19,,,,,,,,,,,,
,02/09/2026 17:17,02/09/2026 20:21,US500_,Buy,72.540,6458.84000,0.00000,6945.37000,6960.24000,-7.2500,0.0000,1487.0,1071.42,0.64,"Buy AI Trader 2.0",86257458,00:03:04:01,,,,,,,,,,,,
,02/04/2026 17:25,02/06/2026 23:00,US500_,Buy,73.080,6442.33000,0.00000,6927.62000,6925.10000,-7.3100,-158.4500,-252.0,-349.92,-0.21,"Buy AI Trader 2.0",86257458,02:05:34:14,,,,,,,,,,,,
,02/03/2026 22:32,02/04/2026 10:26,US500_,Buy,72.790,6424.85000,0.00000,6908.82000,6921.48000,-7.2800,-79.6600,1266.0,834.58,0.50,"Buy AI Trader 2.0",86257458,00:11:54:27,,,,,,,,,,,,
,01/29/2026 23:30,02/02/2026 22:35,US500_,Buy,71.990,6484.64000,0.00000,6972.94000,6977.66000,-7.2000,-314.2200,472.0,18.37,0.01,"Buy AI Trader 2.0",86257458,03:23:04:08,,,,,,,,,,,,
,01/29/2026 18:20,01/29/2026 19:45,US500_,Buy,72.290,6422.13000,0.00000,6905.90000,6925.27000,-7.2300,0.0000,1937.0,1393.03,0.84,"Buy AI Trader 2.0",86257458,00:01:25:18,,,,,,,,,,,,
,01/28/2026 23:18,01/29/2026 12:56,US500_,Buy,71.390,6496.04000,0.00000,6985.45000,6988.01000,-7.1400,-78.6600,256.0,96.96,0.06,"Buy AI Trader 2.0",86257458,00:13:37:56,,,,,,,,,,,,
,01/26/2026 16:41,01/26/2026 22:55,US500_,Buy,71.590,6459.71000,0.00000,6946.18000,6950.93000,-7.1600,0.0000,475.0,332.89,0.20,"Buy AI Trader 2.0",86257458,00:06:13:53,,,,,,,,,,,,
,01/26/2026 01:58,01/26/2026 11:34,US500_,Buy,71.600,6402.95000,0.00000,6885.85000,6906.17000,-7.1600,0.0000,2032.0,1447.75,0.88,"Buy AI Trader 2.0",86257458,00:09:35:58,,,,,,,,,,,,
,01/20/2026 17:36,01/21/2026 22:09,US500_,Buy,70.930,6385.83000,0.00000,6866.86000,6897.44000,-7.0900,-76.0800,3058.0,2085.87,1.29,"Buy AI Trader 2.0",86257458,01:04:33:06,,,,,,,,,,,,
,01/14/2026 23:01,01/15/2026 16:51,US500_,Buy,69.490,6447.02000,0.00000,6932.74000,6958.74000,-6.9500,-75.5500,2600.0,1724.24,1.08,"Buy AI Trader 2.0",86257458,00:17:50:19,,,,,,,,,,,,
,01/12/2026 16:56,01/12/2026 23:51,US500_,Buy,68.980,6472.72000,0.00000,6960.29000,6971.12000,-6.9000,0.0000,1083.0,740.15,0.46,"Buy AI Trader 2.0",86257458,00:06:55:31,,,,,,,,,,,,
,01/09/2026 17:27,01/09/2026 23:12,US500_,Buy,68.650,6465.80000,0.00000,6952.85000,6961.68000,-6.8700,0.0000,883.0,599.31,0.38,"Buy AI Trader 2.0",86257458,00:05:45:27,,,,,,,,,,,,
,01/02/2026 21:30,01/05/2026 20:16,US500_,Buy,68.280,6375.14000,0.00000,6855.37000,6905.40000,-6.8300,-223.5100,5003.0,3185.71,2.05,"Buy AI Trader 2.0",86257458,02:22:46:06,,,,,,,,,,,,
,12/15/2025 18:20,12/22/2025 17:11,US500_,Buy,67.990,6359.18000,0.00000,6838.21000,6859.55000,-6.8000,-513.6200,2134.0,930.49,0.60,"Buy AI Trader 2.0",86257458,06:22:51:48,,,,,,,,,,,,
,12/12/2025 19:17,12/12/2025 20:44,US500_,Buy,67.850,6356.84000,0.00000,6835.69000,6839.06000,-6.7900,0.0000,337.0,221.86,0.14,"Buy AI Trader 2.0",86257458,00:01:26:41,,,,,,,,,,,,
,12/05/2025 17:06,12/12/2025 01:00,US500_,Buy,67.010,6409.25000,0.00000,6892.05000,6908.02000,-6.7000,-535.9700,1597.0,527.48,0.34,"Buy AI Trader 2.0",86257458,06:07:54:07,,,,,,,,,,,,
,12/02/2025 19:32,12/04/2025 02:55,US500_,Buy,67.480,6364.31000,0.00000,6843.72000,6850.32000,-6.7500,-158.6300,660.0,279.99,0.18,"Buy AI Trader 2.0",86257458,01:07:22:51,,,,,,,,,,,,
,11/26/2025 18:21,12/01/2025 01:40,US500_,Buy,67.280,6345.25000,0.00000,6823.23000,6839.93000,-6.7300,-386.3500,1670.0,730.50,0.48,"Buy AI Trader 2.0",86257458,04:07:18:44,,,,,,,,,,,,
,11/25/2025 19:05,11/25/2025 21:19,US500_,Buy,67.850,6268.55000,0.00000,6740.76000,6747.13000,-6.7900,0.0000,637.0,425.41,0.28,"Buy AI Trader 2.0",86257458,00:02:13:33,,,,,,,,,,,,
,11/25/2025 17:30,11/25/2025 17:51,US500_,Buy,68.440,6239.49000,0.00000,6709.51000,6707.50000,-6.8400,0.0000,-201.0,-144.40,-0.09,"Buy AI Trader 2.0",86257458,00:00:20:42,,,,,,,,,,,,
,11/24/2025 16:35,11/24/2025 19:03,US500_,Buy,68.380,6203.98000,0.00000,6671.08000,6688.20000,-6.8400,0.0000,1712.0,1163.83,0.77,"Buy AI Trader 2.0",86257458,00:02:28:15,,,,,,,,,,,,
,11/21/2025 20:37,11/21/2025 20:54,US500_,Buy,67.920,6153.56000,0.00000,6617.11000,6641.98000,-6.7900,0.0000,2487.0,1682.38,1.12,"Buy AI Trader 2.0",86257458,00:00:17:09,,,,,,,,,,,,
,11/20/2025 21:28,11/21/2025 19:19,US500_,Buy,67.750,6128.59000,0.00000,6590.26000,6613.23000,-6.7800,-73.5900,2297.0,1475.85,1.00,"Buy AI Trader 2.0",86257458,00:21:51:33,,,,,,,,,,,,
,10/30/2025 07:36,11/20/2025 20:50,US500_,Buy,76.500,6423.61000,0.00000,6907.20000,6561.63000,-7.6500,-1843.2100,-34557.0,-28286.97,-16.03,"Buy AI Trader 2.0",86257458,21:13:13:25,,,,,,,,,,,,
,10/29/2025 21:54,10/29/2025 23:02,US500_,Buy,76.210,6406.75000,0.00000,6889.48000,6901.85000,-7.6200,0.0000,1237.0,935.10,0.53,"Buy AI Trader 2.0",86257458,00:01:08:32,,,,,,,,,,,,
,10/23/2025 16:45,10/23/2025 22:50,US500_,Buy,78.070,6252.94000,0.00000,6723.97000,6738.34000,-7.8100,0.0000,1437.0,1114.06,0.64,"Buy AI Trader 2.0",86257458,00:06:04:41,,,,,,,,,,,,
,10/22/2025 19:37,10/23/2025 12:11,US500_,Buy,77.770,6228.54000,0.00000,6697.73000,6704.33000,-7.7800,-90.1500,660.0,415.35,0.24,"Buy AI Trader 2.0",86257458,00:16:34:41,,,,,,,,,,,,
,10/15/2025 17:06,10/21/2025 07:56,US500_,Buy,77.430,6247.34000,0.00000,6717.95000,6736.07000,-7.7400,-545.0700,1812.0,850.22,0.49,"Buy AI Trader 2.0",86257458,05:14:50:20,,,,,,,,,,,,
,10/14/2025 18:53,10/14/2025 20:00,US500_,Buy,78.010,6185.19000,0.00000,6651.12000,6666.24000,-7.8000,0.0000,1512.0,1171.71,0.68,"Buy AI Trader 2.0",86257458,00:01:07:04,,,,,,,,,,,,
,10/14/2025 16:55,10/14/2025 18:19,US500_,Buy,77.070,6125.20000,0.00000,6586.78000,6620.32000,-7.7100,0.0000,3354.0,2577.22,1.52,"Buy AI Trader 2.0",86257458,00:01:24:03,,,,,,,,,,,,
,10/13/2025 17:00,10/13/2025 20:16,US500_,Buy,76.570,6188.45000,0.00000,6654.63000,6656.50000,-7.6600,0.0000,187.0,135.53,0.08,"Buy AI Trader 2.0",86257458,00:03:16:20,,,,,,,,,,,,
,10/10/2025 18:44,10/13/2025 11:09,US500_,Buy,76.020,6183.31000,0.00000,6649.10000,6651.49000,-7.6000,-254.8700,239.0,-80.78,-0.05,"Buy AI Trader 2.0",86257458,02:16:24:21,,,,,,,,,,,,
,09/26/2025 17:00,09/29/2025 16:29,US500_,Buy,76.050,6184.42000,0.00000,6649.79000,6672.84000,-7.6100,-260.8200,2305.0,1484.52,0.88,"Buy AI Trader 2.0",86257458,02:23:28:49,,,,,,,,,,,,
,09/25/2025 17:15,09/26/2025 16:03,US500_,Buy,76.060,6148.93000,0.00000,6612.13000,6624.99000,-7.6100,-86.3300,1286.0,884.19,0.53,"Buy AI Trader 2.0",86257458,00:22:48:31,,,,,,,,,,,,
,09/18/2025 17:10,09/18/2025 17:44,US500_,Buy,75.510,6180.70000,0.00000,6646.29000,6646.16000,-7.5500,0.0000,-13.0,-17.37,-0.01,"Buy AI Trader 2.0",86257458,00:00:34:17,,,,,,,,,,,,
,09/17/2025 21:03,09/18/2025 15:10,US500_,Buy,75.000,6162.78000,0.00000,6627.03000,6648.15000,-7.5000,-91.0000,2112.0,1485.50,0.90,"Buy AI Trader 2.0",86257458,00:18:06:47,,,,,,,,,,,,
,09/11/2025 17:39,09/12/2025 09:38,US500_,Buy,75.610,6120.01000,0.00000,6581.04000,6582.17000,-7.5600,-89.7900,113.0,-11.91,-0.01,"Buy AI Trader 2.0",86257458,00:15:59:05,,,,,,,,,,,,
,09/05/2025 16:06,09/10/2025 16:30,US500_,Buy,75.970,6074.42000,0.00000,6532.03000,6540.92000,-7.6000,-444.6700,889.0,223.10,0.13,"Buy AI Trader 2.0",86257458,05:00:23:34,,,,,,,,,,,,
,09/03/2025 23:00,09/04/2025 17:04,US500_,Buy,77.240,6000.15000,0.00000,6452.31000,6453.49000,-7.7200,-88.9300,118.0,-5.51,0.00,"Buy AI Trader 2.0",86257458,00:18:04:37,,,,,,,,,,,,
,09/02/2025 16:55,09/03/2025 02:19,US500_,Buy,77.010,5958.12000,0.00000,6406.96000,6426.48000,-7.7000,-88.4800,1952.0,1407.06,0.86,"Buy AI Trader 2.0",86257458,00:09:24:46,,,,,,,,,,,,
,08/22/2025 18:04,08/27/2025 23:20,US500_,Buy,76.660,6024.40000,0.00000,6478.23000,6472.49000,-7.6700,-440.8600,-574.0,-888.56,-0.54,"Buy AI Trader 2.0",86257458,05:05:16:31,,,,,,,,,,,,
,08/20/2025 22:18,08/22/2025 17:19,US500_,Buy,75.590,5953.45000,0.00000,6401.94000,6455.10000,-7.5600,-172.1400,5316.0,3838.66,2.38,"Buy AI Trader 2.0",86257458,01:19:00:28,,,,,,,,,,,,
,08/20/2025 18:24,08/20/2025 19:57,US500_,Buy,76.000,5932.06000,0.00000,6378.94000,6379.31000,-7.6000,0.0000,37.0,20.52,0.01,"Buy AI Trader 2.0",86257458,00:01:32:23,,,,,,,,,,,,
,08/12/2025 17:51,08/13/2025 17:12,SP_ECN,Buy,1.470,5971.77000,0.00000,6421.64000,6470.60000,-7.3500,-97.8600,4896.0,3493.35,2.22,"Buy AI Trader 2.0",86257458,00:23:21:01,,,,,,,,,,,,
,08/12/2025 15:30,08/12/2025 16:01,SP_ECN,Buy,1.470,5956.06000,0.00000,6403.77000,6409.50000,-7.3500,0.0000,573.0,413.81,0.26,"Buy AI Trader 2.0",86257458,00:00:31:21,,,,,,,,,,,,
,08/08/2025 17:06,08/11/2025 10:48,SP_ECN,Buy,1.470,5940.27000,0.00000,6387.93000,6396.52000,-7.3500,-291.4600,859.0,332.56,0.21,"Buy AI Trader 2.0",86257458,02:17:41:44,,,,,,,,,,,,
,08/07/2025 23:13,08/08/2025 15:21,SP_ECN,Buy,1.480,5908.89000,0.00000,6354.22000,6355.13000,-7.4000,-97.0300,91.0,-37.09,-0.02,"Buy AI Trader 2.0",86257458,00:16:07:38,,,,,,,,,,,,
,07/31/2025 21:30,08/07/2025 13:31,SP_ECN,Buy,1.460,5924.61000,0.00000,6370.93000,6391.92000,-7.3000,-662.4300,2099.0,862.54,0.55,"Buy AI Trader 2.0",86257458,06:16:00:43,,,,,,,,,,,,
,07/30/2025 22:59,07/30/2025 23:03,SP_ECN,Buy,1.460,5925.49000,0.00000,6371.88000,6384.25000,-7.3000,0.0000,1237.0,895.71,0.58,"Buy AI Trader 2.0",86257458,00:00:04:17,,,,,,,,,,,,
,07/15/2025 04:52,07/18/2025 13:20,SP_ECN,Buy,1.470,5854.27000,0.00000,6295.62000,6308.37000,-7.3500,-284.6300,1275.0,645.15,0.42,"Buy AI Trader 2.0",86257458,03:08:28:01,,,,,,,,,,,,
,07/03/2025 17:03,07/03/2025 19:53,SP_ECN,Buy,1.470,5833.63000,0.00000,6272.85000,6274.72000,-7.3500,0.0000,187.0,130.10,0.08,"Buy AI Trader 2.0",86257458,00:02:50:01,,,,,,,,,,,,
,06/27/2025 22:50,06/30/2025 15:50,SP_ECN,Buy,1.480,5734.18000,0.00000,6166.17000,6195.62000,-7.4000,-282.8700,2945.0,1889.03,1.24,"Buy AI Trader 2.0",86257458,02:16:59:48,,,,,,,,,,,,
,06/11/2025 15:30,06/24/2025 10:29,SP_ECN,Buy,1.510,5635.60000,0.00000,6060.72000,6080.60000,-7.5500,-1204.5900,1988.0,288.80,0.19,"Buy AI Trader 2.0",86257458,12:18:59:19,,,,,,,,,,,,
,06/05/2025 15:49,06/06/2025 17:03,SP_ECN,Buy,1.520,5576.93000,0.00000,6001.50000,6005.04000,-7.6000,-92.3900,354.0,169.05,0.11,"Buy AI Trader 2.0",86257458,01:01:13:51,,,,,,,,,,,,
,06/03/2025 18:03,06/03/2025 21:01,SP_ECN,Buy,1.520,5542.23000,0.00000,5959.93000,5970.14000,-7.6000,0.0000,1021.0,768.36,0.51,"Buy AI Trader 2.0",86257458,00:02:58:16,,,,,,,,,,,,
,06/02/2025 17:23,06/02/2025 18:26,SP_ECN,Buy,1.540,5479.75000,0.00000,5892.58000,5895.45000,-7.7000,0.0000,287.0,213.29,0.14,"Buy AI Trader 2.0",86257458,00:01:03:43,,,,,,,,,,,,
,05/30/2025 20:52,05/30/2025 22:32,SP_ECN,Buy,1.520,5464.98000,0.00000,5876.70000,5907.82000,-7.6000,0.0000,3112.0,2357.52,1.59,"Buy AI Trader 2.0",86257458,00:01:40:02,,,,,,,,,,,,
,05/30/2025 15:34,05/30/2025 17:52,SP_ECN,Buy,1.500,5482.64000,0.00000,5895.71000,5897.32000,-7.5000,0.0000,161.0,113.25,0.08,"Buy AI Trader 2.0",86257458,00:02:18:19,,,,,,,,,,,,
,05/29/2025 19:16,05/29/2025 20:19,SP_ECN,Buy,1.510,5489.20000,0.00000,5902.91000,5904.87000,-7.5500,0.0000,196.0,140.43,0.09,"Buy AI Trader 2.0",86257458,00:01:02:37,,,,,,,,,,,,
,05/20/2025 22:54,05/29/2025 02:21,SP_ECN,Buy,1.480,5523.90000,0.00000,5940.06000,5974.33000,-7.4000,-795.2900,3427.0,1733.29,1.18,"Buy AI Trader 2.0",86257458,08:03:27:01,,,,,,,,,,,,
,05/19/2025 16:40,05/19/2025 17:26,SP_ECN,Buy,1.470,5500.74000,0.00000,5915.15000,5934.85000,-7.3500,0.0000,1970.0,1440.60,0.99,"Buy AI Trader 2.0",86257458,00:00:46:16,,,,,,,,,,,,
,05/15/2025 18:17,05/15/2025 20:55,SP_ECN,Buy,1.460,5484.73000,0.00000,5898.10000,5912.89000,-7.3000,0.0000,1479.0,1072.37,0.74,"Buy AI Trader 2.0",86257458,00:02:38:44,,,,,,,,,,,,
,05/12/2025 23:01,05/13/2025 17:30,SP_ECN,Buy,1.450,5444.11000,0.00000,5854.26000,5884.26000,-7.2500,-86.9000,3000.0,2080.85,1.47,"Buy AI Trader 2.0",86257458,00:18:28:18,,,,,,,,,,,,
,05/12/2025 17:53,05/12/2025 20:21,SP_ECN,Buy,1.450,5408.30000,0.00000,5815.92000,5829.38000,-7.2500,0.0000,1346.0,968.60,0.69,"Buy AI Trader 2.0",86257458,00:02:27:23,,,,,,,,,,,,
,05/12/2025 10:08,05/12/2025 13:45,SP_ECN,Buy,1.450,5416.78000,0.00000,5825.17000,5825.87000,-7.2500,0.0000,70.0,43.50,0.03,"Buy AI Trader 2.0",86257458,00:03:37:17,,,,,,,,,,,,
,05/12/2025 10:00,05/12/2025 10:01,SP_ECN,Buy,1.440,5367.02000,0.00000,5771.39000,5801.35000,-7.2000,0.0000,2996.0,2149.92,1.55,"Buy AI Trader 2.0",86257458,00:00:01:43,,,,,,,,,,,,
,05/02/2025 19:01,05/08/2025 18:52,SP_ECN,Buy,1.460,5290.06000,0.00000,5688.62000,5701.04000,-7.3000,-513.6500,1242.0,385.71,0.28,"Buy AI Trader 2.0",86257458,05:23:51:04,,,,,,,,,,,,
,05/02/2025 17:10,05/02/2025 17:38,SP_ECN,Buy,1.460,5269.49000,0.00000,5666.50000,5666.62000,-7.3000,0.0000,12.0,1.46,0.00,"Buy AI Trader 2.0",86257458,00:00:27:12,,,,,,,,,,,,
,05/01/2025 21:45,05/02/2025 16:26,SP_ECN,Buy,1.460,5247.32000,0.00000,5642.82000,5662.11000,-7.3000,-84.1800,1929.0,1316.69,0.96,"Buy AI Trader 2.0",86257458,00:18:40:26,,,,,,,,,,,,
,05/01/2025 17:23,05/01/2025 18:30,SP_ECN,Buy,1.450,5236.16000,0.00000,5630.66000,5644.78000,-7.2500,0.0000,1412.0,1016.45,0.75,"Buy AI Trader 2.0",86257458,00:01:07:12,,,,,,,,,,,,
,04/30/2025 23:01,04/30/2025 23:07,SP_ECN,Buy,1.460,5184.24000,0.00000,5575.33000,5578.54000,-7.3000,0.0000,321.0,227.03,0.17,"Buy AI Trader 2.0",86257458,00:00:06:07,,,,,,,,,,,,
,04/30/2025 21:07,04/30/2025 22:57,SP_ECN,Buy,1.450,5153.55000,0.00000,5541.83000,5568.41000,-7.2500,0.0000,2658.0,1919.80,1.43,"Buy AI Trader 2.0",86257458,00:01:50:37,,,,,,,,,,,,
,04/30/2025 20:28,04/30/2025 21:02,SP_ECN,Buy,1.450,5127.40000,0.00000,5513.87000,5514.08000,-7.2500,0.0000,21.0,7.98,0.01,"Buy AI Trader 2.0",86257458,00:00:34:19,,,,,,,,,,,,
,04/30/2025 18:03,04/30/2025 18:25,SP_ECN,Buy,1.460,5110.19000,0.00000,5495.21000,5500.83000,-7.3000,0.0000,562.0,402.96,0.30,"Buy AI Trader 2.0",86257458,00:00:22:06,,,,,,,,,,,,
,04/30/2025 17:11,04/30/2025 17:36,SP_ECN,Buy,1.450,5074.62000,0.00000,5456.71000,5473.91000,-7.2500,0.0000,1720.0,1239.75,0.94,"Buy AI Trader 2.0",86257458,00:00:24:48,,,,,,,,,,,,
,04/28/2025 16:47,04/29/2025 21:21,SP_ECN,Buy,1.430,5162.19000,0.00000,5551.12000,5558.82000,-7.1500,-80.8500,770.0,462.55,0.35,"Buy AI Trader 2.0",86257458,01:04:33:49,,,,,,,,,,,,
,04/25/2025 07:07,04/28/2025 01:00,SP_ECN,Buy,1.440,5134.60000,0.00000,5521.70000,5512.95000,-7.2000,-244.5900,-875.0,-881.79,-0.66,"Buy AI Trader 2.0",86257458,02:17:52:30,,,,,,,,,,,,
,04/24/2025 22:49,04/24/2025 23:01,SP_ECN,Buy,1.440,5103.90000,0.00000,5488.80000,5500.40000,-7.2000,0.0000,1160.0,828.00,0.63,"Buy AI Trader 2.0",86257458,00:00:12:07,,,,,,,,,,,,
,04/23/2025 17:00,04/24/2025 20:09,SP_ECN,Buy,1.450,5082.20000,0.00000,5465.00000,5465.10000,-7.2500,-80.0200,10.0,-80.02,-0.06,"Buy AI Trader 2.0",86257458,01:03:09:36,,,,,,,,,,,,
,04/23/2025 16:41,04/23/2025 16:52,SP_ECN,Buy,1.450,5070.80000,0.00000,5453.20000,5456.50000,-7.2500,0.0000,330.0,232.00,0.18,"Buy AI Trader 2.0",86257458,00:00:10:39,,,,,,,,,,,,
,04/23/2025 16:37,04/23/2025 16:38,SP_ECN,Buy,1.450,5060.40000,0.00000,5442.00000,5453.90000,-7.2500,0.0000,1190.0,855.50,0.65,"Buy AI Trader 2.0",86257458,00:00:00:23,,,,,,,,,,,,
,04/23/2025 13:47,04/23/2025 16:36,SP_ECN,Buy,1.450,5039.90000,0.00000,5420.10000,5422.20000,-7.2500,0.0000,210.0,145.00,0.11,"Buy AI Trader 2.0",86257458,00:02:49:03,,,,,,,,,,,,
,04/23/2025 01:02,04/23/2025 12:32,SP_ECN,Buy,1.450,5007.90000,0.00000,5385.50000,5395.30000,-7.2500,0.0000,980.0,703.25,0.54,"Buy AI Trader 2.0",86257458,00:11:29:09,,,,,,,,,,,,
,04/17/2025 10:18,04/23/2025 01:00,SP_ECN,Buy,1.450,4966.90000,0.00000,5341.50000,5360.20000,-7.2500,-470.4600,1870.0,878.04,0.68,"Buy AI Trader 2.0",86257458,05:14:42:29,,,,,,,,,,,,
,04/16/2025 21:26,04/17/2025 05:39,SP_ECN,Buy,1.460,4911.50000,0.00000,5281.90000,5293.10000,-7.3000,-79.3700,1120.0,730.93,0.57,"Buy AI Trader 2.0",86257458,00:08:13:07,,,,,,,,,,,,
,04/16/2025 17:40,04/16/2025 18:30,SP_ECN,Buy,1.430,4966.10000,0.00000,5340.60000,5356.90000,-7.1500,0.0000,1630.0,1158.30,0.91,"Buy AI Trader 2.0",86257458,00:00:49:53,,,,,,,,,,,,
,04/16/2025 11:41,04/16/2025 11:44,SP_ECN,Buy,1.410,4996.10000,0.00000,5372.90000,5379.80000,-7.0500,0.0000,690.0,479.40,0.38,"Buy AI Trader 2.0",86257458,00:00:03:04,,,,,,,,,,,,
,04/16/2025 11:27,04/16/2025 11:28,SP_ECN,Buy,1.410,4962.40000,0.00000,5336.60000,5356.80000,-7.0500,0.0000,2020.0,1417.05,1.13,"Buy AI Trader 2.0",86257458,00:00:00:31,,,,,,,,,,,,
,04/15/2025 17:22,04/15/2025 18:25,SP_ECN,Buy,1.380,5046.40000,0.00000,5426.90000,5427.20000,-6.9000,0.0000,30.0,13.80,0.01,"Buy AI Trader 2.0",86257458,00:01:03:20,,,,,,,,,,,,
,04/15/2025 16:42,04/15/2025 17:14,SP_ECN,Buy,1.380,5057.50000,0.00000,5438.90000,5439.60000,-6.9000,0.0000,70.0,41.40,0.03,"Buy AI Trader 2.0",86257458,00:00:31:38,,,,,,,,,,,,
,04/15/2025 16:06,04/15/2025 16:33,SP_ECN,Buy,1.380,5027.40000,0.00000,5406.50000,5415.10000,-6.9000,0.0000,860.0,586.50,0.47,"Buy AI Trader 2.0",86257458,00:00:26:58,,,,,,,,,,,,
,04/14/2025 23:49,04/15/2025 11:00,SP_ECN,Buy,1.360,5020.20000,0.00000,5398.80000,5418.20000,-6.8000,-75.7800,1940.0,1236.62,1.00,"Buy AI Trader 2.0",86257458,00:11:11:07,,,,,,,,,,,,
,04/14/2025 20:22,04/14/2025 22:16,SP_ECN,Buy,1.340,5024.30000,0.00000,5403.20000,5433.60000,-6.7000,0.0000,3040.0,2030.10,1.67,"Buy AI Trader 2.0",86257458,00:01:54:11,,,,,,,,,,,,
,04/14/2025 19:36,04/14/2025 20:00,SP_ECN,Buy,1.350,5019.20000,0.00000,5397.70000,5396.10000,-6.7500,0.0000,-160.0,-114.75,-0.09,"Buy AI Trader 2.0",86257458,00:00:24:11,,,,,,,,,,,,
,04/14/2025 19:17,04/14/2025 19:23,SP_ECN,Buy,1.350,5007.00000,0.00000,5384.70000,5385.70000,-6.7500,0.0000,100.0,60.75,0.05,"Buy AI Trader 2.0",86257458,00:00:06:18,,,,,,,,,,,,
,04/14/2025 17:33,04/14/2025 17:56,SP_ECN,Buy,1.330,5062.20000,0.00000,5443.90000,5446.70000,-6.6500,0.0000,280.0,179.55,0.15,"Buy AI Trader 2.0",86257458,00:00:23:26,,,,,,,,,,,,
,04/14/2025 16:54,04/14/2025 17:08,SP_ECN,Buy,1.320,5057.20000,0.00000,5438.60000,5442.20000,-6.6000,0.0000,360.0,231.00,0.19,"Buy AI Trader 2.0",86257458,00:00:13:57,,,,,,,,,,,,
,04/14/2025 15:36,04/14/2025 16:30,SP_ECN,Buy,1.330,5062.50000,0.00000,5444.30000,5452.70000,-6.6500,0.0000,840.0,551.95,0.46,"Buy AI Trader 2.0",86257458,00:00:53:54,,,,,,,,,,,,
,04/14/2025 09:36,04/14/2025 14:33,SP_ECN,Buy,1.330,5054.50000,0.00000,5435.70000,5438.00000,-6.6500,0.0000,230.0,146.30,0.12,"Buy AI Trader 2.0",86257458,00:04:57:20,,,,,,,,,,,,
,04/14/2025 02:19,04/14/2025 08:36,SP_ECN,Buy,1.330,5026.70000,0.00000,5405.80000,5412.40000,-6.6500,0.0000,660.0,432.25,0.36,"Buy AI Trader 2.0",86257458,00:06:17:36,,,,,,,,,,,,
,04/11/2025 20:43,04/14/2025 01:00,SP_ECN,Buy,1.310,4997.50000,0.00000,5374.40000,5413.40000,-6.5500,-218.9800,3900.0,2328.97,1.98,"Buy AI Trader 2.0",86257458,02:04:16:36,,,,,,,,,,,,
,04/11/2025 20:38,04/11/2025 20:41,SP_ECN,Buy,1.310,4959.60000,0.00000,5333.60000,5349.10000,-6.5500,0.0000,1550.0,1008.70,0.87,"Buy AI Trader 2.0",86257458,00:00:02:47,,,,,,,,,,,,
,04/11/2025 19:31,04/11/2025 19:40,SP_ECN,Buy,1.300,4936.40000,0.00000,5308.10000,5327.00000,-6.5000,0.0000,1890.0,1222.00,1.06,"Buy AI Trader 2.0",86257458,00:00:08:51,,,,,,,,,,,,
,04/11/2025 17:15,04/11/2025 19:08,SP_ECN,Buy,1.300,4917.10000,0.00000,5287.90000,5291.00000,-6.5000,0.0000,310.0,195.00,0.17,"Buy AI Trader 2.0",86257458,00:01:52:22,,,,,,,,,,,,
,04/11/2025 17:07,04/11/2025 17:08,SP_ECN,Buy,1.300,4908.30000,0.00000,5278.40000,5291.00000,-6.5000,0.0000,1260.0,812.50,0.71,"Buy AI Trader 2.0",86257458,00:00:01:36,,,,,,,,,,,,
,04/11/2025 16:46,04/11/2025 16:55,SP_ECN,Buy,1.290,4922.60000,0.00000,5294.10000,5294.00000,-6.4500,0.0000,-10.0,-12.90,-0.01,"Buy AI Trader 2.0",86257458,00:00:08:50,,,,,,,,,,,,
,04/11/2025 16:43,04/11/2025 16:43,SP_ECN,Buy,1.290,4896.20000,0.00000,5265.40000,5268.70000,-6.4500,0.0000,330.0,206.40,0.18,"Buy AI Trader 2.0",86257458,00:00:00:35,,,,,,,,,,,,
,04/11/2025 16:24,04/11/2025 16:39,SP_ECN,Buy,1.290,4889.90000,0.00000,5258.60000,5262.00000,-6.4500,0.0000,340.0,212.85,0.19,"Buy AI Trader 2.0",86257458,00:00:15:40,,,,,,,,,,,,
,04/11/2025 14:56,04/11/2025 15:30,SP_ECN,Buy,1.280,4917.70000,0.00000,5288.60000,5289.90000,-6.4000,0.0000,130.0,76.80,0.07,"Buy AI Trader 2.0",86257458,00:00:33:48,,,,,,,,,,,,
,04/11/2025 10:37,04/11/2025 13:38,SP_ECN,Buy,1.280,4937.30000,0.00000,5309.40000,5313.70000,-6.4000,0.0000,430.0,268.80,0.24,"Buy AI Trader 2.0",86257458,00:03:01:28,,,,,,,,,,,,
,04/11/2025 08:55,04/11/2025 09:11,SP_ECN,Buy,1.260,4949.90000,0.00000,5323.20000,5333.60000,-6.3000,0.0000,1040.0,648.90,0.57,"Buy AI Trader 2.0",86257458,00:00:16:28,,,,,,,,,,,,
,04/11/2025 07:18,04/11/2025 08:47,SP_ECN,Buy,1.270,4914.80000,0.00000,5285.40000,5300.10000,-6.3500,0.0000,1470.0,927.10,0.83,"Buy AI Trader 2.0",86257458,00:01:29:03,,,,,,,,,,,,
,04/11/2025 06:23,04/11/2025 06:24,SP_ECN,Buy,1.270,4891.50000,0.00000,5260.80000,5269.20000,-6.3500,0.0000,840.0,527.05,0.47,"Buy AI Trader 2.0",86257458,00:00:00:57,,,,,,,,,,,,
,04/11/2025 04:48,04/11/2025 05:32,SP_ECN,Buy,1.260,4865.90000,0.00000,5232.90000,5241.40000,-6.3000,0.0000,850.0,529.20,0.48,"Buy AI Trader 2.0",86257458,00:00:44:26,,,,,,,,,,,,
,04/11/2025 03:57,04/11/2025 04:21,SP_ECN,Buy,1.250,4834.60000,0.00000,5199.20000,5216.60000,-6.2500,0.0000,1740.0,1081.25,0.98,"Buy AI Trader 2.0",86257458,00:00:24:13,,,,,,,,,,,,
,04/10/2025 23:01,04/11/2025 01:48,SP_ECN,Buy,1.250,4910.10000,0.00000,5280.40000,5285.00000,-6.2500,-68.4600,460.0,212.79,0.19,"Buy AI Trader 2.0",86257458,00:02:46:32,,,,,,,,,,,,
,04/10/2025 22:32,04/10/2025 22:58,SP_ECN,Buy,1.210,4897.00000,0.00000,5266.20000,5272.30000,-6.0500,0.0000,610.0,363.00,0.33,"Buy AI Trader 2.0",86257458,00:00:26:12,,,,,,,,,,,,
,04/10/2025 22:19,04/10/2025 22:22,SP_ECN,Buy,1.210,4912.30000,0.00000,5282.40000,5293.50000,-6.0500,0.0000,1110.0,665.50,0.61,"Buy AI Trader 2.0",86257458,00:00:03:13,,,,,,,,,,,,
,04/10/2025 21:51,04/10/2025 22:04,SP_ECN,Buy,1.210,4929.00000,0.00000,5300.70000,5301.50000,-6.0500,0.0000,80.0,42.35,0.04,"Buy AI Trader 2.0",86257458,00:00:12:58,,,,,,,,,,,,
,04/10/2025 21:41,04/10/2025 21:45,SP_ECN,Buy,1.210,4928.10000,0.00000,5299.70000,5303.00000,-6.0500,0.0000,330.0,193.60,0.18,"Buy AI Trader 2.0",86257458,00:00:03:52,,,,,,,,,,,,
,04/10/2025 21:26,04/10/2025 21:33,SP_ECN,Buy,1.210,4928.50000,0.00000,5300.20000,5302.30000,-6.0500,0.0000,210.0,121.00,0.11,"Buy AI Trader 2.0",86257458,00:00:07:01,,,,,,,,,,,,
,04/10/2025 21:18,04/10/2025 21:24,SP_ECN,Buy,1.210,4879.00000,0.00000,5246.90000,5280.20000,-6.0500,0.0000,3330.0,2008.60,1.89,"Buy AI Trader 2.0",86257458,00:00:06:15,,,,,,,,,,,,
,04/10/2025 21:02,04/10/2025 21:06,SP_ECN,Buy,1.210,4909.50000,0.00000,5279.70000,5282.60000,-6.0500,0.0000,290.0,169.40,0.16,"Buy AI Trader 2.0",86257458,00:00:03:32,,,,,,,,,,,,
,04/10/2025 20:45,04/10/2025 20:57,SP_ECN,Buy,1.180,4889.90000,0.00000,5259.00000,5260.00000,-5.9000,0.0000,100.0,53.10,0.05,"Buy AI Trader 2.0",86257458,00:00:11:39,,,,,,,,,,,,
,04/10/2025 20:33,04/10/2025 20:44,SP_ECN,Buy,1.180,4859.70000,0.00000,5225.40000,5230.80000,-5.9000,0.0000,540.0,312.70,0.30,"Buy AI Trader 2.0",86257458,00:00:10:18,,,,,,,,,,,,
,04/10/2025 20:24,04/10/2025 20:30,SP_ECN,Buy,1.180,4808.80000,0.00000,5171.40000,5200.80000,-5.9000,0.0000,2940.0,1728.70,1.66,"Buy AI Trader 2.0",86257458,00:00:05:55,,,,,,,,,,,,
,04/10/2025 20:02,04/10/2025 20:02,SP_ECN,Buy,1.180,4866.90000,0.00000,5233.90000,5251.80000,-5.9000,0.0000,1790.0,1050.20,1.02,"Buy AI Trader 2.0",86257458,00:00:00:29,,,,,,,,,,,,
,04/10/2025 19:58,04/10/2025 20:01,SP_ECN,Buy,1.170,4850.40000,0.00000,5216.30000,5217.60000,-5.8500,0.0000,130.0,70.20,0.07,"Buy AI Trader 2.0",86257458,00:00:02:32,,,,,,,,,,,,
,04/10/2025 19:08,04/10/2025 19:50,SP_ECN,Buy,1.170,4835.10000,0.00000,5199.70000,5207.70000,-5.8500,0.0000,800.0,462.15,0.45,"Buy AI Trader 2.0",86257458,00:00:42:04,,,,,,,,,,,,
,04/10/2025 01:43,04/10/2025 18:57,SP_ECN,Buy,1.320,5097.20000,0.00000,5481.60000,5207.50000,-6.6000,0.0000,-27410.0,-18097.20,-15.01,"Buy AI Trader 2.0",86257458,00:17:13:40,,,,,,,,,,,,
,04/09/2025 22:59,04/10/2025 01:00,SP_ECN,Buy,1.260,5082.80000,0.00000,5466.10000,5468.30000,-6.3000,-71.2500,220.0,61.05,0.05,"Buy AI Trader 2.0",86257458,00:02:00:42,,,,,,,,,,,,
,04/09/2025 22:31,04/09/2025 22:53,SP_ECN,Buy,1.260,5063.80000,0.00000,5445.60000,5472.70000,-6.3000,0.0000,2710.0,1701.00,1.43,"Buy AI Trader 2.0",86257458,00:00:22:17,,,,,,,,,,,,
,04/09/2025 21:28,04/09/2025 22:26,SP_ECN,Buy,1.310,5036.30000,0.00000,5416.70000,5427.00000,-6.5500,0.0000,1030.0,668.10,0.57,"Buy AI Trader 2.0",86257458,00:00:58:33,,,,,,,,,,,,
,04/09/2025 21:03,04/09/2025 21:25,SP_ECN,Buy,1.310,5013.50000,0.00000,5391.20000,5391.30000,-6.5500,0.0000,10.0,0.00,0.00,"Buy AI Trader 2.0",86257458,00:00:21:15,,,,,,,,,,,,
,04/09/2025 21:00,04/09/2025 21:00,SP_ECN,Buy,1.110,5009.80000,0.00000,5387.60000,5389.90000,-5.5500,0.0000,230.0,122.10,0.10,"Buy AI Trader 2.0",86257458,00:00:00:15,,,,,,,,,,,,
,04/09/2025 20:52,04/09/2025 20:59,SP_ECN,Buy,1.110,4961.80000,0.00000,5336.00000,5366.70000,-5.5500,0.0000,3070.0,1698.30,1.46,"Buy AI Trader 2.0",86257458,00:00:06:58,,,,,,,,,,,,
,04/09/2025 20:48,04/09/2025 20:49,SP_ECN,Buy,1.110,4962.80000,0.00000,5337.00000,5340.30000,-5.5500,0.0000,330.0,177.60,0.15,"Buy AI Trader 2.0",86257458,00:00:01:02,,,,,,,,,,,,
,04/09/2025 20:45,04/09/2025 20:47,SP_ECN,Buy,1.110,4921.80000,0.00000,5293.00000,5324.90000,-5.5500,0.0000,3190.0,1764.90,1.54,"Buy AI Trader 2.0",86257458,00:00:02:12,,,,,,,,,,,,
,04/09/2025 20:40,04/09/2025 20:41,SP_ECN,Buy,1.110,4924.30000,0.00000,5294.20000,5301.80000,-5.5500,0.0000,760.0,416.25,0.37,"Buy AI Trader 2.0",86257458,00:00:00:32,,,,,,,,,,,,
,04/09/2025 20:37,04/09/2025 20:37,SP_ECN,Buy,1.110,4976.20000,0.00000,5351.40000,5355.70000,-5.5500,0.0000,430.0,233.10,0.21,"Buy AI Trader 2.0",86257458,00:00:00:11,,,,,,,,,,,,
,04/09/2025 20:32,04/09/2025 20:35,SP_ECN,Buy,1.110,4948.30000,0.00000,5321.50000,5377.00000,-5.5500,0.0000,5550.0,3074.70,2.78,"Buy AI Trader 2.0",86257458,00:00:03:07,,,,,,,,,,,,
,04/09/2025 20:29,04/09/2025 20:32,SP_ECN,Buy,1.110,4924.70000,0.00000,5296.10000,5308.50000,-5.5500,0.0000,1240.0,682.65,0.62,"Buy AI Trader 2.0",86257458,00:00:03:02,,,,,,,,,,,,
,04/09/2025 20:26,04/09/2025 20:27,SP_ECN,Buy,1.110,4937.70000,0.00000,5308.20000,5339.80000,-5.5500,0.0000,3160.0,1748.25,1.62,"Buy AI Trader 2.0",86257458,00:00:01:09,,,,,,,,,,,,
,04/09/2025 20:23,04/09/2025 20:25,SP_ECN,Buy,1.110,4887.10000,0.00000,5255.60000,5300.30000,-5.5500,0.0000,4470.0,2475.30,2.34,"Buy AI Trader 2.0",86257458,00:00:01:33,,,,,,,,,,,,
,04/09/2025 20:22,04/09/2025 20:23,SP_ECN,Buy,1.110,4863.40000,0.00000,5227.00000,5244.40000,-5.5500,0.0000,1740.0,960.15,0.92,"Buy AI Trader 2.0",86257458,00:00:00:21,,,,,,,,,,,,
,04/09/2025 20:22,04/09/2025 20:22,SP_ECN,Buy,1.110,4822.50000,0.00000,5186.50000,5212.70000,-5.5500,0.0000,2620.0,1448.55,1.40,"Buy AI Trader 2.0",86257458,00:00:00:13,,,,,,,,,,,,
,04/09/2025 20:21,04/09/2025 20:21,SP_ECN,Buy,1.110,4877.40000,0.00000,5246.10000,5249.20000,-5.5500,0.0000,310.0,166.50,0.16,"Buy AI Trader 2.0",86257458,00:00:00:20,,,,,,,,,,,,
,04/09/2025 20:20,04/09/2025 20:20,SP_ECN,Buy,1.110,4843.60000,0.00000,5208.90000,5226.50000,-5.5500,0.0000,1760.0,971.25,0.95,"Buy AI Trader 2.0",86257458,00:00:00:11,,,,,,,,,,,,
,04/09/2025 20:20,04/09/2025 20:20,SP_ECN,Buy,1.110,4783.80000,0.00000,5144.60000,5181.30000,-5.5500,0.0000,3670.0,2031.30,2.03,"Buy AI Trader 2.0",86257458,00:00:00:11,,,,,,,,,,,,
,04/09/2025 20:20,04/09/2025 20:20,SP_ECN,Buy,1.110,4762.30000,0.00000,5123.00000,5120.80000,-5.5500,0.0000,-220.0,-127.65,-0.13,"Buy AI Trader 2.0",86257458,00:00:00:06,,,,,,,,,,,,
,04/09/2025 20:16,04/09/2025 20:19,SP_ECN,Buy,1.110,4700.00000,0.00000,5054.50000,5161.00000,-5.5500,0.0000,10650.0,5905.20,6.26,"Buy AI Trader 2.0",86257458,00:00:03:22,,,,,,,,,,,,
,04/09/2025 20:02,04/09/2025 20:02,SP_ECN,Buy,1.110,4699.80000,0.00000,5054.20000,5065.00000,-5.5500,0.0000,1080.0,593.85,0.63,"Buy AI Trader 2.0",86257458,00:00:00:52,,,,,,,,,,,,
,04/09/2025 19:50,04/09/2025 19:58,SP_ECN,Buy,1.110,4677.80000,0.00000,5030.60000,5034.20000,-5.5500,0.0000,360.0,194.25,0.21,"Buy AI Trader 2.0",86257458,00:00:08:16,,,,,,,,,,,,
,04/09/2025 19:09,04/09/2025 19:16,SP_ECN,Buy,1.110,4640.50000,0.00000,4990.50000,5011.30000,-5.5500,0.0000,2080.0,1148.85,1.24,"Buy AI Trader 2.0",86257458,00:00:07:16,,,,,,,,,,,,
,04/09/2025 18:47,04/09/2025 18:49,SP_ECN,Buy,1.100,4641.90000,0.00000,4992.00000,4997.80000,-5.5000,0.0000,580.0,313.50,0.34,"Buy AI Trader 2.0",86257458,00:00:02:05,,,,,,,,,,,,
,04/09/2025 18:15,04/09/2025 18:22,SP_ECN,Buy,1.100,4650.90000,0.00000,5001.70000,5003.80000,-5.5000,0.0000,210.0,110.00,0.12,"Buy AI Trader 2.0",86257458,00:00:06:21,,,,,,,,,,,,
,04/09/2025 18:04,04/09/2025 18:07,SP_ECN,Buy,1.100,4624.20000,0.00000,4972.90000,4984.80000,-5.5000,0.0000,1190.0,649.00,0.71,"Buy AI Trader 2.0",86257458,00:00:02:09,,,,,,,,,,,,
,04/09/2025 17:11,04/09/2025 17:33,SP_ECN,Buy,1.080,4667.10000,0.00000,5020.50000,5022.80000,-5.4000,0.0000,230.0,118.80,0.13,"Buy AI Trader 2.0",86257458,00:00:22:38,,,,,,,,,,,,
,04/09/2025 17:00,04/09/2025 17:00,SP_ECN,Buy,1.080,4683.60000,0.00000,5037.00000,5038.80000,-5.4000,0.0000,180.0,91.80,0.10,"Buy AI Trader 2.0",86257458,00:00:00:25,,,,,,,,,,,,
,04/09/2025 16:49,04/09/2025 16:52,SP_ECN,Buy,1.050,4649.80000,0.00000,5000.50000,5015.60000,-5.2500,0.0000,1510.0,787.50,0.87,"Buy AI Trader 2.0",86257458,00:00:03:08,,,,,,,,,,,,
,04/09/2025 11:02,04/09/2025 16:42,SP_ECN,Buy,1.070,4666.80000,0.00000,5018.60000,5027.10000,-5.3500,0.0000,850.0,449.40,0.50,"Buy AI Trader 2.0",86257458,00:05:39:37,,,,,,,,,,,,
,04/09/2025 10:27,04/09/2025 10:42,SP_ECN,Buy,1.010,4636.60000,0.00000,4985.90000,5008.70000,-5.0500,0.0000,2280.0,1146.35,1.29,"Buy AI Trader 2.0",86257458,00:00:15:29,,,,,,,,,,,,
,04/09/2025 10:11,04/09/2025 10:15,SP_ECN,Buy,1.010,4627.00000,0.00000,4976.10000,4992.10000,-5.0500,0.0000,1600.0,802.95,0.91,"Buy AI Trader 2.0",86257458,00:00:03:34,,,,,,,,,,,,
,04/09/2025 10:03,04/09/2025 10:04,SP_ECN,Buy,1.010,4635.70000,0.00000,4985.30000,4998.60000,-5.0500,0.0000,1330.0,666.60,0.76,"Buy AI Trader 2.0",86257458,00:00:00:12,,,,,,,,,,,,
,04/08/2025 23:06,04/09/2025 10:03,SP_ECN,Buy,1.050,4645.90000,0.00000,4996.30000,4998.20000,-5.2500,-53.9100,190.0,40.59,0.05,"Buy AI Trader 2.0",86257458,00:10:56:14,,,,,,,,,,,,
,04/08/2025 22:54,04/08/2025 23:00,SP_ECN,Buy,1.110,4625.30000,0.00000,4974.10000,4976.40000,-5.5500,0.0000,230.0,122.10,0.14,"Buy AI Trader 2.0",86257458,00:00:05:30,,,,,,,,,,,,
,04/08/2025 22:41,04/08/2025 22:53,SP_ECN,Buy,1.110,4601.70000,0.00000,4948.80000,4950.40000,-5.5500,0.0000,160.0,83.25,0.10,"Buy AI Trader 2.0",86257458,00:00:11:42,,,,,,,,,,,,
,04/08/2025 18:58,04/08/2025 22:39,SP_ECN,Buy,1.170,4822.60000,0.00000,5186.30000,4926.40000,-5.8500,0.0000,-25990.0,-15210.00,-14.87,"Buy AI Trader 2.0",86257458,00:03:40:11,,,,,,,,,,,,
,04/08/2025 18:20,04/08/2025 18:42,SP_ECN,Buy,1.170,4823.40000,0.00000,5187.00000,5192.80000,-5.8500,0.0000,580.0,333.45,0.33,"Buy AI Trader 2.0",86257458,00:00:21:13,,,,,,,,,,,,
,04/08/2025 17:03,04/08/2025 17:18,SP_ECN,Buy,1.160,4887.20000,0.00000,5255.60000,5258.30000,-5.8000,0.0000,270.0,150.80,0.15,"Buy AI Trader 2.0",86257458,00:00:14:48,,,,,,,,,,,,
,04/08/2025 16:43,04/08/2025 16:54,SP_ECN,Buy,1.140,4857.70000,0.00000,5224.30000,5229.10000,-5.7000,0.0000,480.0,267.90,0.26,"Buy AI Trader 2.0",86257458,00:00:10:48,,,,,,,,,,,,
,04/08/2025 15:10,04/08/2025 16:20,SP_ECN,Buy,1.160,4848.30000,0.00000,5213.90000,5223.10000,-5.8000,0.0000,920.0,527.80,0.52,"Buy AI Trader 2.0",86257458,00:01:09:27,,,,,,,,,,,,
,04/07/2025 17:19,04/08/2025 15:01,SP_ECN,Buy,1.060,4818.80000,0.00000,5181.30000,5195.90000,-5.3000,-56.0200,1460.0,712.48,0.71,"Buy AI Trader 2.0",86257458,00:21:41:45,,,,,,,,,,,,
,04/07/2025 17:16,04/07/2025 17:17,SP_ECN,Buy,1.060,4857.90000,0.00000,5224.30000,5241.50000,-5.3000,0.0000,1720.0,906.30,0.91,"Buy AI Trader 2.0",86257458,00:00:00:25,,,,,,,,,,,,
,04/07/2025 17:16,04/07/2025 17:16,SP_ECN,Buy,1.060,4838.00000,0.00000,5201.90000,5204.60000,-5.3000,0.0000,270.0,137.80,0.14,"Buy AI Trader 2.0",86257458,00:00:00:09,,,,,,,,,,,,
,04/07/2025 17:15,04/07/2025 17:15,SP_ECN,Buy,1.060,4805.30000,0.00000,5167.70000,5197.80000,-5.3000,0.0000,3010.0,1590.00,1.63,"Buy AI Trader 2.0",86257458,00:00:00:43,,,,,,,,,,,,
,04/07/2025 17:11,04/07/2025 17:14,SP_ECN,Buy,1.060,4750.20000,0.00000,5108.70000,5183.80000,-5.3000,0.0000,7510.0,3975.00,4.24,"Buy AI Trader 2.0",86257458,00:00:02:18,,,,,,,,,,,,
,04/07/2025 13:44,04/07/2025 17:11,SP_ECN,Buy,1.050,4652.90000,0.00000,5003.80000,5082.70000,-5.2500,0.0000,7890.0,4137.00,4.62,"Buy AI Trader 2.0",86257458,00:03:27:15,,,,,,,,,,,,
,04/07/2025 13:36,04/07/2025 13:40,SP_ECN,Buy,1.050,4617.00000,0.00000,4965.20000,4990.80000,-5.2500,0.0000,2560.0,1338.75,1.52,"Buy AI Trader 2.0",86257458,00:00:04:24,,,,,,,,,,,,
,04/07/2025 13:12,04/07/2025 13:25,SP_ECN,Buy,1.050,4605.10000,0.00000,4952.30000,4959.10000,-5.2500,0.0000,680.0,351.75,0.40,"Buy AI Trader 2.0",86257458,00:00:12:55,,,,,,,,,,,,
,04/07/2025 11:34,04/07/2025 13:04,SP_ECN,Buy,1.040,4568.80000,0.00000,4913.40000,4928.00000,-5.2000,0.0000,1460.0,754.00,0.87,"Buy AI Trader 2.0",86257458,00:01:29:59,,,,,,,,,,,,
,04/07/2025 09:03,04/07/2025 11:20,SP_ECN,Buy,1.060,4560.00000,0.00000,4903.90000,4907.70000,-5.3000,0.0000,380.0,196.10,0.23,"Buy AI Trader 2.0",86257458,00:02:17:42,,,,,,,,,,,,
,04/07/2025 07:03,04/07/2025 08:21,SP_ECN,Buy,1.050,4569.60000,0.00000,4914.20000,4924.60000,-5.2500,0.0000,1040.0,540.75,0.63,"Buy AI Trader 2.0",86257458,00:01:18:21,,,,,,,,,,,,
,04/07/2025 04:47,04/07/2025 04:56,SP_ECN,Buy,1.040,4588.70000,0.00000,4934.80000,4949.80000,-5.2000,0.0000,1500.0,774.80,0.91,"Buy AI Trader 2.0",86257458,00:00:09:04,,,,,,,,,,,,
,04/07/2025 04:21,04/07/2025 04:27,SP_ECN,Buy,1.040,4590.70000,0.00000,4936.90000,4939.30000,-5.2000,0.0000,240.0,119.60,0.14,"Buy AI Trader 2.0",86257458,00:00:06:20,,,,,,,,,,,,
,04/07/2025 04:11,04/07/2025 04:14,SP_ECN,Buy,1.040,4572.80000,0.00000,4917.70000,4917.70000,-5.2000,0.0000,0.0,-5.20,-0.01,"Buy AI Trader 2.0",86257458,00:00:03:02,,,,,,,,,,,,
,04/07/2025 01:12,04/07/2025 04:02,SP_ECN,Buy,1.000,4553.00000,0.00000,4896.40000,4908.50000,-5.0000,0.0000,1210.0,600.00,0.71,"Buy AI Trader 2.0",86257458,00:02:49:18,,,,,,,,,,,,
,04/07/2025 01:04,04/07/2025 01:11,SP_ECN,Buy,1.000,4519.60000,0.00000,4860.50000,4887.10000,-5.0000,0.0000,2660.0,1325.00,1.59,"Buy AI Trader 2.0",86257458,00:00:06:31,,,,,,,,,,,,
,04/07/2025 01:04,04/07/2025 01:04,SP_ECN,Buy,1.000,4527.90000,0.00000,4869.40000,4870.30000,-5.0000,0.0000,90.0,40.00,0.05,"Buy AI Trader 2.0",86257458,00:00:00:11,,,,,,,,,,,,
,04/07/2025 01:03,04/07/2025 01:03,SP_ECN,Buy,1.000,4492.20000,0.00000,4831.00000,4844.60000,-5.0000,0.0000,1360.0,675.00,0.82,"Buy AI Trader 2.0",86257458,00:00:00:26,,,,,,,,,,,,
,04/07/2025 01:01,04/07/2025 01:01,SP_ECN,Buy,1.000,4542.80000,0.00000,4886.80000,4899.20000,-5.0000,0.0000,1240.0,615.00,0.75,"Buy AI Trader 2.0",86257458,00:00:00:26,,,,,,,,,,,,
,04/04/2025 13:25,04/07/2025 01:00,SP_ECN,Buy,1.150,4916.40000,0.00000,5287.10000,4924.00000,-5.7500,-180.2900,-36310.0,-21064.29,-20.40,"Buy AI Trader 2.0",86257458,02:11:35:03,,,,,,,,,,,,
,04/04/2025 08:29,04/04/2025 09:16,SP_ECN,Buy,1.150,4992.90000,0.00000,5369.40000,5378.50000,-5.7500,0.0000,910.0,517.50,0.50,"Buy AI Trader 2.0",86257458,00:00:46:13,,,,,,,,,,,,
,04/03/2025 19:03,04/03/2025 19:30,SP_ECN,Buy,1.120,5082.30000,0.00000,5465.50000,5469.80000,-5.6000,0.0000,430.0,235.20,0.23,"Buy AI Trader 2.0",86257458,00:00:27:38,,,,,,,,,,,,
,04/03/2025 18:16,04/03/2025 18:45,SP_ECN,Buy,1.120,5058.30000,0.00000,5439.70000,5448.50000,-5.6000,0.0000,880.0,487.20,0.48,"Buy AI Trader 2.0",86257458,00:00:29:20,,,,,,,,,,,,
,04/02/2025 23:16,04/03/2025 17:21,SP_ECN,Buy,1.250,5318.20000,0.00000,5719.20000,5432.80000,-6.2500,-72.0100,-28640.0,-17978.26,-14.98,"Buy AI Trader 2.0",86257458,00:18:04:39,,,,,,,,,,,,
,04/02/2025 23:13,04/02/2025 23:13,SP_ECN,Buy,1.250,5279.80000,0.00000,5677.70000,5702.50000,-6.2500,0.0000,2480.0,1543.75,1.30,"Buy AI Trader 2.0",86257458,00:00:00:16,,,,,,,,,,,,
,04/02/2025 21:42,04/02/2025 23:00,SP_ECN,Buy,1.250,5262.80000,0.00000,5659.30000,5665.00000,-6.2500,0.0000,570.0,350.00,0.30,"Buy AI Trader 2.0",86257458,00:01:17:36,,,,,,,,,,,,
,04/02/2025 19:15,04/02/2025 20:22,SP_ECN,Buy,1.240,5263.90000,0.00000,5660.80000,5684.40000,-6.2000,0.0000,2360.0,1457.00,1.25,"Buy AI Trader 2.0",86257458,00:01:06:16,,,,,,,,,,,,
,04/02/2025 17:31,04/02/2025 18:44,SP_ECN,Buy,1.230,5237.90000,0.00000,5633.30000,5647.60000,-6.1500,0.0000,1430.0,873.30,0.75,"Buy AI Trader 2.0",86257458,00:01:12:39,,,,,,,,,,,,
,04/02/2025 16:36,04/02/2025 16:54,SP_ECN,Buy,1.230,5203.00000,0.00000,5595.30000,5606.00000,-6.1500,0.0000,1070.0,651.90,0.57,"Buy AI Trader 2.0",86257458,00:00:17:22,,,,,,,,,,,,
,04/01/2025 22:27,04/01/2025 23:28,SP_ECN,Buy,1.220,5216.60000,0.00000,5610.00000,5623.30000,-6.1000,0.0000,1330.0,805.20,0.70,"Buy AI Trader 2.0",86257458,00:01:01:19,,,,,,,,,,,,
,04/01/2025 10:08,04/01/2025 18:20,SP_ECN,Buy,1.210,5222.20000,0.00000,5616.00000,5627.50000,-6.0500,0.0000,1150.0,689.70,0.61,"Buy AI Trader 2.0",86257458,00:08:12:40,,,,,,,,,,,,
,03/31/2025 22:12,03/31/2025 22:44,SP_ECN,Buy,1.210,5213.00000,0.00000,5605.80000,5615.90000,-6.0500,0.0000,1010.0,605.00,0.54,"Buy AI Trader 2.0",86257458,00:00:31:42,,,,,,,,,,,,
,03/31/2025 20:09,03/31/2025 21:15,SP_ECN,Buy,1.210,5177.40000,0.00000,5567.60000,5578.10000,-6.0500,0.0000,1050.0,629.20,0.56,"Buy AI Trader 2.0",86257458,00:01:05:50,,,,,,,,,,,,
,03/31/2025 18:00,03/31/2025 18:30,SP_ECN,Buy,1.210,5154.00000,0.00000,5542.60000,5543.60000,-6.0500,0.0000,100.0,54.45,0.05,"Buy AI Trader 2.0",86257458,00:00:29:29,,,,,,,,,,,,
,03/31/2025 16:55,03/31/2025 17:13,SP_ECN,Buy,1.210,5129.80000,0.00000,5516.30000,5524.40000,-6.0500,0.0000,810.0,484.00,0.43,"Buy AI Trader 2.0",86257458,00:00:18:20,,,,,,,,,,,,
,03/27/2025 16:54,03/27/2025 18:30,SP_ECN,Buy,1.160,5301.60000,0.00000,5701.50000,5719.20000,-5.8000,0.0000,1770.0,1020.80,0.92,"Buy AI Trader 2.0",86257458,00:01:35:46,,,,,,,,,,,,
,03/24/2025 17:15,03/24/2025 19:26,SP_ECN,Buy,1.150,5351.10000,0.00000,5754.30000,5756.60000,-5.7500,0.0000,230.0,126.50,0.11,"Buy AI Trader 2.0",86257458,00:02:10:37,,,,,,,,,,,,
,03/21/2025 22:56,03/24/2025 01:53,SP_ECN,Buy,1.160,5268.40000,0.00000,5665.50000,5691.90000,-5.8000,-202.1300,2640.0,1323.27,1.21,"Buy AI Trader 2.0",86257458,02:02:57:05,,,,,,,,,,,,
,03/21/2025 17:56,03/21/2025 20:15,SP_ECN,Buy,1.150,5235.10000,0.00000,5629.50000,5647.00000,-5.7500,0.0000,1750.0,1000.50,0.92,"Buy AI Trader 2.0",86257458,00:02:19:27,,,,,,,,,,,,
,03/20/2025 16:43,03/20/2025 17:35,SP_ECN,Buy,1.130,5262.10000,0.00000,5658.90000,5694.00000,-5.6500,0.0000,3510.0,1977.50,1.86,"Buy AI Trader 2.0",86257458,00:00:51:33,,,,,,,,,,,,
,03/19/2025 21:53,03/19/2025 22:12,SP_ECN,Buy,1.110,5288.00000,0.00000,5686.70000,5705.00000,-5.5500,0.0000,1830.0,1010.10,0.96,"Buy AI Trader 2.0",86257458,00:00:19:01,,,,,,,,,,,,
,03/19/2025 21:11,03/19/2025 21:34,SP_ECN,Buy,1.110,5262.60000,0.00000,5659.60000,5661.70000,-5.5500,0.0000,210.0,111.00,0.11,"Buy AI Trader 2.0",86257458,00:00:22:36,,,,,,,,,,,,
,03/19/2025 16:56,03/19/2025 19:15,SP_ECN,Buy,1.110,5254.60000,0.00000,5650.80000,5658.00000,-5.5500,0.0000,720.0,394.05,0.38,"Buy AI Trader 2.0",86257458,00:02:19:22,,,,,,,,,,,,
,03/17/2025 20:35,03/17/2025 22:10,SP_ECN,Buy,1.100,5272.30000,0.00000,5669.60000,5691.70000,-5.5000,0.0000,2210.0,1210.00,1.17,"Buy AI Trader 2.0",86257458,00:01:35:07,,,,,,,,,,,,
,03/17/2025 15:41,03/17/2025 16:49,SP_ECN,Buy,1.090,5246.50000,0.00000,5642.10000,5658.10000,-5.4500,0.0000,1600.0,866.55,0.84,"Buy AI Trader 2.0",86257458,00:01:07:55,,,,,,,,,,,,
,03/13/2025 15:30,03/14/2025 18:48,SP_ECN,Buy,1.090,5206.10000,0.00000,5598.70000,5618.80000,-5.4500,-61.7900,2010.0,1028.21,1.01,"Buy AI Trader 2.0",86257458,01:03:18:47,,,,,,,,,,,,
,03/13/2025 12:18,03/13/2025 13:57,SP_ECN,Buy,1.080,5191.60000,0.00000,5583.10000,5592.90000,-5.4000,0.0000,980.0,523.80,0.52,"Buy AI Trader 2.0",86257458,00:01:39:21,,,,,,,,,,,,
,03/12/2025 21:35,03/12/2025 21:53,SP_ECN,Buy,1.080,5221.20000,0.00000,5614.90000,5615.80000,-5.4000,0.0000,90.0,43.20,0.04,"Buy AI Trader 2.0",86257458,00:00:18:16,,,,,,,,,,,,
,03/12/2025 19:14,03/12/2025 20:45,SP_ECN,Buy,1.080,5220.00000,0.00000,5613.60000,5614.40000,-5.4000,0.0000,80.0,37.80,0.04,"Buy AI Trader 2.0",86257458,00:01:30:27,,,,,,,,,,,,
,03/12/2025 18:24,03/12/2025 18:56,SP_ECN,Buy,1.070,5182.40000,0.00000,5573.10000,5587.90000,-5.3500,0.0000,1480.0,786.45,0.78,"Buy AI Trader 2.0",86257458,00:00:32:27,,,,,,,,,,,,
,03/12/2025 15:30,03/12/2025 15:30,SP_ECN,Buy,1.060,5248.50000,0.00000,5644.20000,5651.70000,-5.3000,0.0000,750.0,392.20,0.39,"Buy AI Trader 2.0",86257458,00:00:00:08,,,,,,,,,,,,
,01/14/2025 13:53,,,Deposit,0.000,0.00000,0.00000,0.00000,0.00000,0.0000,0.0000,0.0,100000.00,0,"011 - Test deposit",0,00:00:00:00,,,,,,,,,,,,

