Tags,Open Date,Close Date,Symbol,Action,Units/Lots,SL,TP,Open Price,Close Price,Commission,Swap,Pips,Profit,Gain,Comment,Duration (DD:HH:MM:SS),Profitable(%),Profitable(time duration),Drawdown,Risk:Reward,Max(pips),Max(USD),Min(pips),Min(USD),Entry Accuracy(%),Exit Accuracy(%),ProfitMissed(pips),ProfitMissed(USD)
,05/26/2026 08:30,05/26/2026 12:35,XAUUSD,Sell,0.010,0.00000,0.00000,4532.68000,4516.92000,0.0000,0.0000,1576.0,15.76,0.68,"Hoko GOLD",00:04:05:14,84.5,3h 27m,1541.0,0.34,1592.0,15.92,-544.0,-5.44,74.5,99.3,-16.00,-0.16
,05/26/2026 08:00,05/26/2026 09:25,XAUUSD,Sell,0.010,0.00000,0.00000,4525.31000,4536.03000,0.0000,0.0000,-1072.0,-10.72,-0.46,"Hoko GOLD",00:01:25:27,3.5,2m,1183.0,9.66,111.0,1.11,-1072.0,-10.72,9.4,0.0,-1183.00,-11.83
,05/25/2026 22:55,,,Deposit,0.000,0.00000,0.00000,0.00000,0.00000,0.0000,0.0000,0.0,485.02,0,"Transfer In from 15545259",00:00:00:00,,,,,,,,,,,,
,05/25/2026 02:04,05/25/2026 02:07,XAUUSD,Sell,0.010,0.00000,0.00000,4567.96000,4572.16000,0.0000,0.0000,-420.0,-4.20,-0.23,"Hoko GOLD",00:00:02:55,,,,,,,,,,,,
,05/21/2026 02:32,05/21/2026 03:01,XAUUSD,Sell,0.010,0.00000,0.00000,4539.59000,4548.22000,0.0000,0.0000,-863.0,-8.63,-0.46,"Hoko GOLD",00:00:28:17,0.0,0s,863.0,909.09,0.0,0.0,-863.0,-8.63,0.0,0.0,-863.00,-8.63
,05/19/2026 16:31,05/19/2026 16:50,XAUUSD,Sell,0.010,0.00000,0.00000,4476.61000,4488.45000,0.0000,0.0000,-1184.0,-11.84,-0.63,"Hoko GOLD",00:00:19:00,31.6,6m,1484.0,3.95,300.0,3.0,-1184.0,-11.84,20.2,0.0,-1484.00,-14.84
,05/19/2026 16:04,05/19/2026 16:30,XAUUSD,Sell,0.010,0.00000,0.00000,4524.33000,4489.88000,0.0000,0.0000,3445.0,34.45,1.87,"Hoko GOLD",00:00:25:36,92.4,23m,891.0,0.05,3445.0,34.45,-163.0,-1.6300000000000001,95.5,100.0,0.00,0.00
,05/19/2026 15:03,05/19/2026 15:10,XAUUSD,Sell,0.010,0.00000,0.00000,4535.06000,4543.02000,0.0000,0.0000,-796.0,-7.96,-0.43,"Hoko GOLD",00:00:06:59,14.3,59s,880.0,9.48,84.0,0.84,-796.0,-7.96,9.5,0.0,-880.00,-8.80
,05/19/2026 04:35,05/19/2026 04:43,XAUUSD,Sell,0.010,0.00000,0.00000,4562.08000,4570.99000,0.0000,0.0000,-891.0,-8.91,-0.48,"Hoko GOLD",00:00:08:36,0.0,0s,891.0,909.09,0.0,0.0,-891.0,-8.91,0.0,0.0,-891.00,-8.91
,05/18/2026 14:41,05/18/2026 15:04,XAUUSD,Sell,0.010,0.00000,0.00000,4563.41000,4548.19000,0.0000,0.0000,1522.0,15.22,0.83,"Hoko GOLD",00:00:22:30,100.0,22m,318.0,0.00,1522.0,15.22,0.0,0.0,100.0,100.0,0.00,0.00
,05/18/2026 06:35,05/18/2026 06:36,XAUUSD,Sell,0.010,0.00000,0.00000,4525.35000,4536.18000,0.0000,0.0000,-1083.0,-10.83,-0.58,"Hoko GOLD",00:00:01:05,,,,,,,,,,,,
,05/18/2026 06:35,05/18/2026 06:36,XAUUSD,Sell,0.010,0.00000,0.00000,4525.34000,4535.73000,0.0000,0.0000,-1039.0,-10.39,-0.56,"Hoko GOLD",00:00:01:05,,,,,,,,,,,,
,05/15/2026 12:50,05/15/2026 12:56,XAUUSD,Sell,0.010,0.00000,0.00000,4533.35000,4543.52000,0.0000,0.0000,-1017.0,-10.17,-0.54,"Hoko GOLD",00:00:05:47,0.0,0s,1017.0,1111.11,0.0,0.0,-1017.0,-10.17,0.0,0.0,-1017.00,-10.17
,05/15/2026 12:50,05/15/2026 12:56,XAUUSD,Sell,0.010,0.00000,0.00000,4533.05000,4543.82000,0.0000,0.0000,-1077.0,-10.77,-0.57,"Hoko GOLD",00:00:05:46,0.0,0s,1077.0,1111.11,0.0,0.0,-1077.0,-10.77,0.0,0.0,-1077.00,-10.77
,05/15/2026 08:32,05/15/2026 09:00,XAUUSD,Sell,0.010,0.00000,0.00000,4573.56000,4559.72000,0.0000,0.0000,1384.0,13.84,0.74,"Hoko GOLD",00:00:27:46,100.0,27m,882.0,0.00,1488.0,14.88,0.0,0.0,100.0,93.0,-104.00,-1.04
,05/14/2026 19:14,05/14/2026 19:22,XAUUSD,Sell,0.010,0.00000,0.00000,4678.29000,4677.72000,0.0000,0.0000,57.0,0.57,0.03,"Hoko GOLD",00:00:07:25,25.0,1m,261.0,4.21,62.0,0.62,-261.0,-2.61,19.2,98.5,-5.00,-0.05
,05/14/2026 19:04,05/14/2026 19:15,XAUUSD,Buy,0.010,0.00000,0.00000,4678.80000,4680.02000,0.0000,0.0000,122.0,1.22,0.07,"Hoko GOLD",00:00:10:59,18.2,1m,401.0,3.29,122.0,1.22,-401.0,-4.01,23.3,100.0,0.00,0.00
,05/14/2026 19:06,05/14/2026 19:09,XAUUSD,Buy,0.010,0.00000,0.00000,4677.70000,4677.81000,0.0000,0.0000,11.0,0.11,0.01,"Hoko GOLD",00:00:02:54,,,,,,,,,,,,
,05/14/2026 17:07,05/14/2026 17:08,XAUUSD,Sell,0.010,0.00000,0.00000,4683.19000,4682.29000,0.0000,0.0000,90.0,0.90,0.05,"Hoko GOLD",00:00:00:56,,,,,,,,,,,,
,05/14/2026 10:00,05/14/2026 10:35,XAUUSD,Sell,0.010,0.00000,0.00000,4698.94000,4710.91000,0.0000,0.0000,-1197.0,-11.97,-0.64,"Hoko GOLD",00:00:35:03,36.2,12m,1561.0,3.29,364.0,3.64,-1197.0,-11.97,23.3,0.0,-1561.00,-15.61
,05/14/2026 03:17,05/14/2026 04:08,XAUUSD,Sell,0.010,0.00000,0.00000,4702.99000,4687.65000,0.0000,0.0000,1534.0,15.34,0.82,"Hoko GOLD",00:00:51:46,88.3,45m,1178.0,0.14,1620.0,16.2,-226.0,-2.2600000000000002,87.8,95.3,-86.00,-0.86
,05/14/2026 02:44,05/14/2026 02:45,XAUUSD,Buy,0.010,0.00000,0.00000,4695.32000,4695.56000,0.0000,0.0000,24.0,0.24,0.01,"Hoko GOLD",00:00:00:28,,,,,,,,,,,,
,05/13/2026 20:36,05/13/2026 20:39,XAUUSD,Buy,0.010,0.00000,0.00000,4692.19000,4690.72000,0.0000,0.0000,-147.0,-1.47,-0.08,"Hoko GOLD",00:00:03:41,,,,,,,,,,,,
,05/13/2026 20:34,05/13/2026 20:37,XAUUSD,Sell,0.010,0.00000,0.00000,4694.54000,4692.54000,0.0000,0.0000,200.0,2.00,0.11,"Hoko GOLD",00:00:02:54,,,,,,,,,,,,
,05/13/2026 02:00,05/13/2026 09:08,XAUUSD,Sell,0.010,0.00000,0.00000,4716.78000,4710.30000,0.0000,0.0000,648.0,6.48,0.35,"Hoko GOLD",00:07:08:04,74.8,5h 20m,2098.0,0.32,2746.0,27.46,-879.0,-8.790000000000001,75.8,42.1,-2098.00,-20.98
,05/12/2026 18:22,05/12/2026 18:33,XAUUSD,Sell,0.010,0.00000,0.00000,4651.64000,4661.41000,0.0000,0.0000,-977.0,-9.77,-0.52,"Hoko GOLD",00:00:10:34,36.4,3m,1845.0,1.13,868.0,8.68,-977.0,-9.77,47.0,0.0,-1845.00,-18.45
,05/12/2026 18:22,05/12/2026 18:33,XAUUSD,Sell,0.010,0.00000,0.00000,4651.64000,4661.54000,0.0000,0.0000,-990.0,-9.90,-0.53,"Hoko GOLD",00:00:10:34,36.4,3m,1858.0,1.14,868.0,8.68,-990.0,-9.9,46.7,0.0,-1858.00,-18.58
,05/12/2026 17:08,,,Deposit,0.000,0.00000,0.00000,0.00000,0.00000,0.0000,0.0000,0.0,1277.44,0,"Transfer In from 25007687",00:00:00:00,,,,,,,,,,,,
,05/12/2026 08:30,05/12/2026 09:16,XAUUSD,Sell,0.010,0.00000,0.00000,4717.48000,4702.78000,0.0000,0.0000,1470.0,14.70,2.51,"Hoko GOLD",00:00:45:53,91.4,41m,616.0,0.15,1509.0,15.09,-232.0,-2.32,86.7,97.8,-39.00,-0.39
,05/11/2026 21:25,05/11/2026 21:45,XAUUSD,Buy,0.010,0.00000,0.00000,4724.32000,4725.32000,0.0000,0.0000,100.0,1.00,0.17,"Hoko GOLD",00:00:20:17,100.0,20m,396.0,0.00,485.0,4.8500000000000005,0.0,0.0,100.0,20.6,-385.00,-3.85
,05/11/2026 21:22,05/11/2026 21:25,XAUUSD,Sell,0.010,0.00000,0.00000,4722.63000,4724.16000,0.0000,0.0000,-153.0,-1.53,-0.26,"Hoko GOLD",00:00:02:49,,,,,,,,,,,,
,05/11/2026 21:23,05/11/2026 21:25,XAUUSD,Sell,0.010,0.00000,0.00000,4721.91000,4724.34000,0.0000,0.0000,-243.0,-2.43,-0.41,"Hoko GOLD",00:00:01:24,,,,,,,,,,,,
,05/11/2026 18:00,05/11/2026 18:23,XAUUSD,Sell,0.010,0.00000,0.00000,4725.55000,4736.22000,0.0000,0.0000,-1067.0,-10.67,-1.78,"Hoko GOLD",00:00:23:17,0.0,0s,1067.0,1111.11,0.0,0.0,-1067.0,-10.67,0.0,0.0,-1067.00,-10.67
,05/11/2026 07:20,05/11/2026 09:00,XAUUSD,Sell,0.010,0.00000,0.00000,4671.77000,4653.76000,0.0000,0.0000,1801.0,18.01,3.10,"Hoko GOLD",00:01:39:43,28.1,28m,997.0,0.30,2324.0,23.240000000000002,-700.0,-7.0,76.9,82.7,-523.00,-5.23
,05/11/2026 04:33,05/11/2026 04:55,XAUUSD,Sell,0.010,0.00000,0.00000,4700.70000,4685.28000,0.0000,0.0000,1542.0,15.42,2.72,"Hoko GOLD",00:00:21:50,100.0,21m,318.0,0.00,1542.0,15.42,0.0,0.0,100.0,100.0,0.00,0.00
,05/08/2026 14:04,05/08/2026 15:07,XAUUSD,Sell,0.010,0.00000,0.00000,4726.24000,4710.93000,0.0000,0.0000,1531.0,15.31,2.78,"Hoko GOLD",00:01:02:20,100.0,1h 2m,506.0,0.00,1531.0,15.31,0.0,0.0,100.0,100.0,0.00,0.00
,05/08/2026 10:37,05/08/2026 11:21,XAUUSD,Sell,0.010,0.00000,0.00000,4711.69000,4720.53000,0.0000,0.0000,-884.0,-8.84,-1.58,"Hoko GOLD",00:00:44:21,72.8,32m,1335.0,1.96,451.0,4.51,-884.0,-8.84,33.8,0.0,-1335.00,-13.35
,05/07/2026 12:17,05/07/2026 12:57,XAUUSD,Buy,0.010,0.00000,0.00000,4736.41000,4727.63000,0.0000,0.0000,-878.0,-8.78,-1.54,"Hoko GOLD",00:00:40:22,32.5,13m,1137.0,3.39,259.0,2.59,-878.0,-8.78,22.8,0.0,-1137.00,-11.37
,05/07/2026 12:17,05/07/2026 12:57,XAUUSD,Buy,0.010,0.00000,0.00000,4736.55000,4727.52000,0.0000,0.0000,-903.0,-9.03,-1.56,"Hoko GOLD",00:00:40:22,32.5,13m,1148.0,3.69,245.0,2.45,-903.0,-9.03,21.3,0.0,-1148.00,-11.48
,05/07/2026 09:29,05/07/2026 10:02,XAUUSD,Buy,0.010,0.00000,0.00000,4717.83000,4736.80000,0.0000,0.0000,1897.0,18.97,3.40,"Hoko GOLD",00:00:32:47,100.0,32m,1241.0,0.00,3127.0,31.27,0.0,0.0,100.0,60.7,-1230.00,-12.30
,05/06/2026 20:01,05/06/2026 22:15,XAUUSD,Sell,0.010,0.00000,0.00000,4681.83000,4696.75000,0.0000,0.0000,-1492.0,-14.92,-2.60,"Hoko GOLD",00:02:13:44,20.9,27m,1727.0,6.35,235.0,2.35,-1492.0,-14.92,13.6,0.0,-1727.00,-17.27
,05/05/2026 17:48,05/05/2026 17:48,XAUUSD,Sell,0.010,0.00000,0.00000,4576.67000,4578.85000,0.0000,0.0000,-218.0,-2.18,-0.38,"Hoko GOLD",00:00:00:18,,,,,,,,,,,,
,05/05/2026 15:24,05/05/2026 16:09,XAUUSD,Sell,0.010,0.00000,0.00000,4571.18000,4580.64000,0.0000,0.0000,-946.0,-9.46,-1.62,"Hoko GOLD",00:00:44:35,73.4,32m,1816.0,1.09,870.0,8.700000000000001,-946.0,-9.46,47.9,0.0,-1816.00,-18.16
,05/05/2026 14:24,05/05/2026 14:33,XAUUSD,Sell,0.010,0.00000,0.00000,4554.21000,4558.13000,0.0000,0.0000,-392.0,-3.92,-0.67,"Hoko GOLD",00:00:08:21,0.0,0s,392.0,400.00,0.0,0.0,-392.0,-3.92,0.0,0.0,-392.00,-3.92
,05/05/2026 14:15,05/05/2026 14:20,XAUUSD,Sell,0.010,0.00000,0.00000,4552.90000,4551.75000,0.0000,0.0000,115.0,1.15,0.20,"Hoko GOLD",00:00:05:46,100.0,5m,168.0,0.00,283.0,2.83,0.0,0.0,100.0,40.6,-168.00,-1.68
,05/04/2026 20:47,05/04/2026 20:51,XAUUSD,Sell,0.010,0.00000,0.00000,4525.06000,4524.32000,0.0000,0.0000,74.0,0.74,0.13,"Hoko GOLD",00:00:04:21,100.0,4m,202.0,0.00,276.0,2.7600000000000002,0.0,0.0,100.0,26.8,-202.00,-2.02
,05/04/2026 19:22,05/04/2026 19:30,XAUUSD,Sell,0.010,0.00000,0.00000,4521.97000,4517.38000,0.0000,0.0000,459.0,4.59,0.79,"Hoko GOLD",00:00:08:40,75.0,6m,332.0,0.04,791.0,7.91,-30.0,-0.3,96.3,59.6,-332.00,-3.32
,05/04/2026 17:26,05/04/2026 17:30,XAUUSD,Sell,0.010,0.00000,0.00000,4573.14000,4576.34000,0.0000,0.0000,-320.0,-3.20,-0.55,"Hoko GOLD",00:00:04:21,25.0,1m,535.0,1.49,215.0,2.15,-320.0,-3.2,40.2,0.0,-535.00,-5.35
,05/04/2026 13:03,05/04/2026 13:29,XAUUSD,Sell,0.010,0.00000,0.00000,4556.76000,4545.37000,0.0000,0.0000,1139.0,11.39,1.98,"Hoko GOLD",00:00:26:05,100.0,26m,1558.0,0.00,2697.0,26.97,0.0,0.0,100.0,42.2,-1558.00,-15.58
,05/04/2026 13:21,05/04/2026 13:26,XAUUSD,Sell,0.010,0.00000,0.00000,4533.26000,4543.26000,0.0000,0.0000,-1000.0,-10.00,-1.71,"Hoko GOLD",00:00:05:00,20.0,1m,1193.0,5.18,193.0,1.93,-1000.0,-10.0,16.2,0.0,-1193.00,-11.93
,05/04/2026 13:21,05/04/2026 13:26,XAUUSD,Sell,0.010,0.00000,0.00000,4533.21000,4543.12000,0.0000,0.0000,-991.0,-9.91,-1.67,"Hoko GOLD",00:00:04:59,20.0,59s,1179.0,5.27,188.0,1.8800000000000001,-991.0,-9.91,15.9,0.0,-1179.00,-11.79
,05/01/2026 17:00,05/01/2026 17:11,XAUUSD,Sell,0.010,0.00000,0.00000,4635.69000,4643.19000,0.0000,0.0000,-750.0,-7.50,-1.25,"Hoko GOLD",00:00:11:05,45.5,5m,923.0,4.34,173.0,1.73,-750.0,-7.5,18.7,0.0,-923.00,-9.23
,04/30/2026 11:04,04/30/2026 11:04,XAUUSD,Sell,0.010,0.00000,0.00000,4609.80000,4618.79000,0.0000,0.0000,-899.0,-8.99,-1.47,"Hoko GOLD",00:00:00:25,,,,,,,,,,,,
,04/29/2026 16:25,04/29/2026 17:01,XAUUSD,Sell,0.010,0.00000,0.00000,4534.62000,4523.59000,0.0000,0.0000,1103.0,11.03,1.84,"Hoko GOLD",00:00:35:56,88.9,31m,1893.0,0.12,2410.0,24.1,-301.0,-3.0100000000000002,88.9,51.8,-1307.00,-13.07
,04/29/2026 11:35,04/29/2026 11:46,XAUUSD,Sell,0.010,0.00000,0.00000,4560.17000,4571.74000,0.0000,0.0000,-1157.0,-11.57,-1.89,"Hoko GOLD",00:00:10:42,9.1,58s,1368.0,5.49,211.0,2.11,-1157.0,-11.57,15.4,0.0,-1368.00,-13.68
,04/28/2026 08:40,04/28/2026 10:00,XAUUSD,Sell,0.010,0.00000,0.00000,4632.04000,4629.83000,0.0000,0.0000,221.0,2.21,0.36,"Hoko GOLD",00:01:20:17,67.5,54m,1744.0,1.12,843.0,8.43,-946.0,-9.46,47.1,65.2,-622.00,-6.22
,04/28/2026 08:00,04/28/2026 08:40,XAUUSD,Sell,0.010,0.00000,0.00000,4664.87000,4632.76000,0.0000,0.0000,3211.0,32.11,5.56,"Hoko GOLD",00:00:39:25,97.5,38m,835.0,0.04,3211.0,32.11,-117.0,-1.17,96.5,100.0,0.00,0.00
,04/28/2026 08:00,04/28/2026 08:40,XAUUSD,Sell,0.010,0.00000,0.00000,4664.92000,4633.50000,0.0000,0.0000,3142.0,31.42,5.76,"Hoko GOLD",00:00:39:24,97.5,38m,835.0,0.04,3142.0,31.42,-112.0,-1.12,96.6,100.0,0.00,0.00
,04/27/2026 18:00,04/28/2026 01:01,XAUUSD,Sell,0.010,0.00000,0.00000,4678.70000,4685.08000,0.0000,0.1900,-638.0,-6.19,-1.12,"Hoko GOLD",00:07:01:20,35.2,2h 28m,1829.0,0.60,1140.0,11.4,-689.0,-6.890000000000001,62.3,2.8,-1778.00,-17.78
,04/10/2026 16:00,04/10/2026 17:15,XAUUSD,Sell,0.010,0.00000,0.00000,4771.05000,4782.96000,0.0000,0.0000,-1191.0,-11.91,-2.11,"Hoko GOLD",00:01:15:16,21.4,16m,1547.0,3.35,356.0,3.56,-1191.0,-11.91,23.0,0.0,-1547.00,-15.47
,04/07/2026 17:04,04/07/2026 17:23,XAUUSD,Sell,0.010,0.00000,0.00000,4622.65000,4634.63000,0.0000,0.0000,-1198.0,-11.98,-2.08,"Hoko GOLD",00:00:18:27,57.9,10m,2514.0,0.91,1316.0,13.16,-1198.0,-11.98,52.3,0.0,-2514.00,-25.14
,04/07/2026 17:00,04/07/2026 17:02,XAUUSD,Buy,0.010,0.00000,0.00000,4643.55000,4632.76000,0.0000,0.0000,-1079.0,-10.79,-1.84,"Hoko GOLD",00:00:02:10,,,,,,,,,,,,
,04/02/2026 20:00,04/02/2026 21:48,XAUUSD,Sell,0.010,0.00000,0.00000,4658.99000,4668.48000,0.0000,0.0000,-949.0,-9.49,-1.59,"Hoko GOLD",00:01:48:13,64.3,1h 9m,2119.0,0.81,1170.0,11.700000000000001,-949.0,-9.49,55.2,0.0,-2119.00,-21.19
,04/02/2026 04:06,04/02/2026 04:07,XAUUSD,Sell,0.010,0.00000,0.00000,4735.32000,4725.63000,0.0000,0.0000,969.0,9.69,1.65,"Hoko GOLD",00:00:01:03,,,,,,,,,,,,
,04/01/2026 18:36,04/01/2026 19:00,XAUUSD,Buy,0.010,0.00000,0.00000,4781.97000,4785.46000,0.0000,0.0000,349.0,3.49,0.60,"Hoko GOLD",00:00:24:13,83.4,20m,328.0,0.44,538.0,5.38,-236.0,-2.36,69.5,75.6,-189.00,-1.89
,04/01/2026 09:48,04/01/2026 10:00,XAUUSD,Buy,0.010,0.00000,0.00000,4723.91000,4730.49000,0.0000,0.0000,658.0,6.58,1.14,"Hoko GOLD",00:00:12:02,83.4,10m,250.0,0.34,733.0,7.33,-250.0,-2.5,74.6,92.4,-75.00,-0.75
,03/23/2026 03:34,03/23/2026 03:35,XAUUSD,Sell,0.010,0.00000,0.00000,4403.35000,4377.76000,0.0000,0.0000,2559.0,25.59,4.65,"Hoko GOLD",00:00:00:40,,,,,,,,,,,,
,03/12/2026 04:01,03/12/2026 04:44,XAUUSD,Sell,0.010,0.00000,0.00000,5162.41000,5170.69000,0.0000,0.0000,-828.0,-8.28,-1.48,"Hoko GOLD",00:00:43:29,81.4,35m,1730.0,0.92,902.0,9.02,-828.0,-8.28,52.1,0.0,-1730.00,-17.30
,03/10/2026 14:08,03/10/2026 14:31,XAUUSD,Buy,0.010,0.00000,0.00000,5190.41000,5178.80000,0.0000,0.0000,-1161.0,-11.61,-2.03,"Hoko GOLD",00:00:22:21,4.4,59s,1226.0,17.89,65.0,0.65,-1161.0,-11.61,5.3,0.0,-1226.00,-12.26
,03/03/2026 13:28,03/03/2026 13:29,XAUUSD,Sell,0.010,0.00000,0.00000,5156.97000,5132.83000,0.0000,0.0000,2414.0,24.14,4.42,"Hoko GOLD",00:00:00:45,,,,,,,,,,,,
,03/03/2026 12:01,03/03/2026 12:03,XAUUSD,Sell,0.010,0.00000,0.00000,5271.07000,5282.49000,0.0000,0.0000,-1142.0,-11.42,-2.05,"Hoko GOLD",00:00:02:14,,,,,,,,,,,,
,03/02/2026 08:08,03/02/2026 09:01,XAUUSD,Buy,0.010,0.00000,0.00000,5377.72000,5385.54000,0.0000,0.0000,782.0,7.82,1.42,"Hoko GOLD",00:00:53:17,68.6,36m,568.0,0.27,1116.0,11.16,-306.0,-3.06,78.5,76.5,-334.00,-3.34
,02/26/2026 16:30,02/26/2026 16:34,XAUUSD,Sell,0.010,0.00000,0.00000,5150.13000,5163.66000,0.0000,0.0000,-1353.0,-13.53,-2.40,"Hoko GOLD",00:00:03:44,,,,,,,,,,,,
,02/24/2026 15:59,02/24/2026 16:00,XAUUSD,Sell,0.010,0.00000,0.00000,5115.97000,5115.63000,0.0000,0.0000,34.0,0.34,0.06,"Hoko GOLD",00:00:01:21,,,,,,,,,,,,
,02/23/2026 16:36,02/23/2026 17:00,XAUUSD,Buy,0.010,0.00000,0.00000,5176.72000,5190.64000,0.0000,0.0000,1392.0,13.92,2.53,"Hoko GOLD",00:00:23:56,100.0,23m,1086.0,0.00,2278.0,22.78,0.0,0.0,100.0,61.1,-886.00,-8.86
,02/17/2026 16:01,02/17/2026 16:01,XAUUSD,Sell,0.010,0.00000,0.00000,4843.96000,4851.69000,0.0000,0.0000,-773.0,-7.73,-1.39,"Hoko GOLD",00:00:00:08,,,,,,,,,,,,
,02/17/2026 11:00,02/17/2026 12:00,XAUUSD,Buy,0.010,0.00000,0.00000,4921.72000,4924.08000,0.0000,0.0000,236.0,2.36,0.43,"Hoko GOLD",00:01:00:07,47.6,28m,1201.0,0.71,741.0,7.41,-525.0,-5.25,58.5,60.1,-505.00,-5.05
,02/17/2026 07:14,02/17/2026 07:19,XAUUSD,Sell,0.010,0.00000,0.00000,4930.64000,4897.24000,0.0000,0.0000,3340.0,33.40,6.41,"Hoko GOLD",00:00:05:11,100.0,5m,157.0,0.00,3443.0,34.43,0.0,0.0,100.0,97.0,-103.00,-1.03
,02/09/2026 17:33,02/09/2026 17:50,XAUUSD,Buy,0.010,0.00000,0.00000,5050.39000,5059.88000,0.0000,0.0000,949.0,9.49,1.85,"Hoko GOLD",00:00:16:52,76.5,12m,387.0,0.24,975.0,9.75,-236.0,-2.36,80.5,97.9,-26.00,-0.26
,02/02/2026 05:41,02/02/2026 05:41,XAUUSD,Sell,0.010,0.00000,0.00000,4632.42000,4646.07000,0.0000,0.0000,-1365.0,-13.65,-2.60,"Hoko GOLD",00:00:00:37,,,,,,,,,,,,
,01/20/2026 15:59,01/20/2026 17:00,XAUUSD,Buy,0.010,0.00000,0.00000,4738.49000,4739.08000,0.0000,0.0000,59.0,0.59,0.11,"Hoko GOLD",00:01:00:19,62.3,37m,1995.0,0.69,1182.0,11.82,-813.0,-8.13,59.2,43.7,-1123.00,-11.23
,01/20/2026 10:02,01/20/2026 11:00,XAUUSD,Buy,0.010,0.00000,0.00000,4718.41000,4728.34000,0.0000,0.0000,993.0,9.93,1.93,"Hoko GOLD",00:00:58:31,93.2,54m,770.0,0.10,1162.0,11.620000000000001,-113.0,-1.1300000000000001,91.1,86.7,-169.00,-1.69
,01/16/2026 17:31,01/16/2026 17:46,XAUUSD,Sell,0.010,0.00000,0.00000,4555.07000,4564.34000,0.0000,0.0000,-927.0,-9.27,-1.77,"Hoko GOLD",00:00:14:45,80.0,11m,2180.0,0.74,1253.0,12.530000000000001,-927.0,-9.27,57.5,0.0,-2180.00,-21.80
,01/16/2026 11:00,01/16/2026 13:00,XAUUSD,Sell,0.010,0.00000,0.00000,4602.45000,4600.75000,0.0000,0.0000,170.0,1.70,0.33,"Hoko GOLD",00:02:00:11,31.7,38m,1136.0,3.07,279.0,2.79,-857.0,-8.57,24.6,90.4,-109.00,-1.09
,01/15/2026 13:00,01/15/2026 15:03,XAUUSD,Sell,0.010,0.00000,0.00000,4620.10000,4615.68000,0.0000,0.0000,442.0,4.42,0.85,"Hoko GOLD",00:02:03:10,87.1,1h 47m,506.0,0.25,948.0,9.48,-239.0,-2.39,79.9,57.4,-506.00,-5.06
,01/15/2026 10:00,01/15/2026 11:00,XAUUSD,Sell,0.010,0.00000,0.00000,4601.95000,4604.47000,0.0000,0.0000,-252.0,-2.52,-0.48,"Hoko GOLD",00:01:00:01,23.0,13m,822.0,1.30,358.0,3.58,-464.0,-4.64,43.6,25.8,-610.00,-6.10
,01/14/2026 10:47,01/14/2026 15:00,XAUUSD,Buy,0.010,0.00000,0.00000,4637.16000,4636.67000,0.0000,0.0000,-49.0,-0.49,-0.09,"Hoko GOLD",00:04:12:54,11.5,29m,1263.0,5.45,196.0,1.96,-1067.0,-10.67,15.5,80.6,-245.00,-2.45
,01/13/2026 16:47,01/13/2026 17:02,XAUUSD,Buy,0.010,0.00000,0.00000,4632.00000,4618.78000,0.0000,0.0000,-1322.0,-13.22,-2.47,"Hoko GOLD",00:00:15:03,6.7,1m,1529.0,8.62,159.0,1.59,-1370.0,-13.700000000000001,10.4,3.1,-1481.00,-14.81
,01/13/2026 16:45,01/13/2026 17:00,XAUUSD,Buy,0.010,0.00000,0.00000,4626.50000,4628.57000,0.0000,0.0000,207.0,2.07,0.39,"Hoko GOLD",00:00:15:22,66.7,10m,994.0,0.40,709.0,7.09,-285.0,-2.85,71.3,49.5,-502.00,-5.02
,01/12/2026 15:08,01/12/2026 16:00,XAUUSD,Buy,0.010,0.00000,0.00000,4603.22000,4613.87000,0.0000,0.0000,1065.0,10.65,2.04,"Hoko GOLD",00:00:52:10,98.1,51m,743.0,0.02,1642.0,16.42,-32.0,-0.32,98.1,65.5,-577.00,-5.77
,01/12/2026 15:07,01/12/2026 16:00,XAUUSD,Buy,0.010,0.00000,0.00000,4601.22000,4613.64000,0.0000,0.0000,1242.0,12.42,2.44,"Hoko GOLD",00:00:52:26,98.2,51m,743.0,0.01,1842.0,18.42,-22.0,-0.22,98.8,67.8,-600.00,-6.00
,01/09/2026 17:24,01/09/2026 17:55,XAUUSD,Buy,0.010,0.00000,0.00000,4510.43000,4511.51000,0.0000,0.0000,108.0,1.08,0.21,"Hoko GOLD",00:00:30:48,54.9,16m,695.0,1.12,485.0,4.8500000000000005,-542.0,-5.42,47.2,63.3,-377.00,-3.77
,01/09/2026 15:32,01/09/2026 17:00,XAUUSD,Buy,0.010,0.00000,0.00000,4485.51000,4492.62000,0.0000,0.0000,711.0,7.11,1.42,"Hoko GOLD",00:01:28:03,66.0,58m,1616.0,0.55,1097.0,10.97,-608.0,-6.08,64.3,77.4,-386.00,-3.86
,01/09/2026 15:32,01/09/2026 17:00,XAUUSD,Buy,0.010,0.00000,0.00000,4485.46000,4492.73000,0.0000,0.0000,727.0,7.27,1.47,"Hoko GOLD",00:01:27:55,66.0,58m,1616.0,0.55,1102.0,11.02,-603.0,-6.03,64.6,78.0,-375.00,-3.75
,01/08/2026 14:04,01/08/2026 14:39,XAUUSD,Sell,0.010,0.00000,0.00000,4415.70000,4428.04000,0.0000,0.0000,-1234.0,-12.34,-2.44,"Hoko GOLD",00:00:34:39,40.0,13m,1885.0,2.24,581.0,5.8100000000000005,-1304.0,-13.040000000000001,30.8,3.7,-1815.00,-18.15
,01/07/2026 15:06,01/07/2026 15:56,XAUUSD,Sell,0.010,0.00000,0.00000,4440.94000,4452.51000,0.0000,0.0000,-1157.0,-11.57,-2.24,"Hoko GOLD",00:00:50:25,34.0,17m,2310.0,1.00,1153.0,11.53,-1157.0,-11.57,49.9,0.0,-2310.00,-23.10
,01/07/2026 14:18,01/07/2026 14:30,XAUUSD,Sell,0.010,0.00000,0.00000,4441.02000,4452.76000,0.0000,0.0000,-1174.0,-11.74,-2.22,"Hoko GOLD",00:00:11:57,0.0,0s,1174.0,1250.00,0.0,0.0,-1174.0,-11.74,0.0,0.0,-1174.00,-11.74
,01/07/2026 13:00,01/07/2026 14:11,XAUUSD,Sell,0.010,0.00000,0.00000,4464.34000,4444.88000,0.0000,0.0000,1946.0,19.46,3.82,"Hoko GOLD",00:01:11:11,98.6,1h 10m,415.0,0.01,1946.0,19.46,-26.0,-0.26,98.7,100.0,0.00,0.00
,01/06/2026 16:33,01/06/2026 17:02,XAUUSD,Buy,0.010,0.00000,0.00000,4474.81000,4485.86000,0.0000,0.0000,1105.0,11.05,2.22,"Hoko GOLD",00:00:29:06,100.0,29m,443.0,0.00,1491.0,14.91,0.0,0.0,100.0,74.1,-386.00,-3.86
,01/05/2026 17:00,01/05/2026 17:55,XAUUSD,Buy,0.010,0.00000,0.00000,4444.66000,4445.03000,0.0000,0.0000,37.0,0.37,0.07,"Hoko GOLD",00:00:54:29,60.0,32m,1869.0,0.77,1054.0,10.540000000000001,-815.0,-8.15,56.4,45.6,-1017.00,-10.17
,01/05/2026 16:55,01/05/2026 17:55,XAUUSD,Buy,0.010,0.00000,0.00000,4440.95000,4444.93000,0.0000,0.0000,398.0,3.98,0.80,"Hoko GOLD",00:01:00:01,83.7,50m,1869.0,0.38,1425.0,14.25,-543.0,-5.43,72.4,47.8,-1027.00,-10.27
,01/05/2026 12:00,01/05/2026 13:01,XAUUSD,Buy,0.010,0.00000,0.00000,4435.45000,4434.10000,0.0000,0.0000,-135.0,-1.35,-0.27,"Hoko GOLD",00:01:01:20,44.3,27m,455.0,1.22,320.0,3.2,-389.0,-3.89,45.1,35.8,-455.00,-4.55
,01/02/2026 15:14,01/02/2026 15:21,XAUUSD,Buy,0.010,0.00000,0.00000,4401.09000,4387.28000,0.0000,0.0000,-1381.0,-13.81,-2.71,"Hoko GOLD",00:00:07:35,42.9,3m,1464.0,16.64,83.0,0.8300000000000001,-1381.0,-13.81,5.7,0.0,-1464.00,-14.64
,01/02/2026 15:14,01/02/2026 15:21,XAUUSD,Buy,0.010,0.00000,0.00000,4400.01000,4388.24000,0.0000,0.0000,-1177.0,-11.77,-2.26,"Hoko GOLD",00:00:07:13,42.9,3m,1368.0,6.17,191.0,1.9100000000000001,-1177.0,-11.77,14.0,0.0,-1368.00,-13.68
,01/02/2026 13:25,01/02/2026 14:41,XAUUSD,Buy,0.010,0.00000,0.00000,4399.21000,4386.14000,0.0000,0.0000,-1307.0,-13.07,-2.45,"Hoko GOLD",00:01:16:52,0.0,0s,1315.0,1428.57,0.0,0.0,-1315.0,-13.15,0.0,0.6,-1307.00,-13.07
,01/02/2026 11:00,01/02/2026 13:12,XAUUSD,Buy,0.010,0.00000,0.00000,4387.51000,4394.37000,0.0000,0.0000,686.0,6.86,1.30,"Hoko GOLD",00:02:11:56,75.6,1h 39m,751.0,0.37,1041.0,10.41,-387.0,-3.87,72.9,75.1,-355.00,-3.55
,01/02/2026 10:00,01/02/2026 11:21,XAUUSD,Buy,0.010,0.00000,0.00000,4383.97000,4385.28000,0.0000,0.0000,131.0,1.31,0.25,"Hoko GOLD",00:01:21:28,87.7,1h 11m,1062.0,0.16,1193.0,11.93,-186.0,-1.86,86.5,23.0,-1062.00,-10.62
,12/29/2025 15:50,12/29/2025 15:59,XAUUSD,Sell,0.010,0.00000,0.00000,4411.95000,4420.82000,0.0000,0.0000,-887.0,-8.87,-1.53,"Hoko GOLD",00:00:08:35,,,,,,,,,,,,
,12/18/2025 15:00,12/18/2025 15:30,XAUUSD,Sell,0.010,0.00000,0.00000,4320.23000,4330.77000,0.0000,0.0000,-1054.0,-10.54,-1.79,"Hoko GOLD",00:00:30:01,10.0,3m,1307.0,4.17,253.0,2.5300000000000002,-1054.0,-10.540000000000001,19.4,0.0,-1307.00,-13.07
,12/17/2025 15:58,12/17/2025 16:14,XAUUSD,Buy,0.010,0.00000,0.00000,4341.69000,4328.19000,0.0000,0.0000,-1350.0,-13.50,-2.24,"Hoko GOLD",00:00:16:42,0.0,0s,2531.0,3333.33,0.0,0.0,-2531.0,-25.310000000000002,0.0,46.7,-1350.00,-13.50
,12/16/2025 12:31,12/16/2025 14:14,XAUUSD,Sell,0.010,0.00000,0.00000,4274.83000,4288.71000,0.0000,0.0000,-1388.0,-13.88,-2.25,"Hoko GOLD",00:01:42:30,1.0,1m,1393.0,277.78,5.0,0.05,-1388.0,-13.88,0.4,0.0,-1393.00,-13.93
,12/15/2025 11:30,12/15/2025 17:55,XAUUSD,Buy,0.010,0.00000,0.00000,4348.12000,4323.62000,0.0000,0.0000,-2450.0,-24.50,-4.07,"Hoko GOLD",00:06:24:59,1.4,5m,2542.0,26.67,92.0,0.92,-2450.0,-24.5,3.6,0.0,-2542.00,-25.42
,12/12/2025 15:30,12/12/2025 17:55,XAUUSD,Buy,0.010,0.00000,0.00000,4337.34000,4299.99000,0.0000,0.0000,-3735.0,-37.35,-5.51,"Hoko GOLD",00:02:25:00,51.8,1h 15m,4958.0,3.05,1223.0,12.23,-3735.0,-37.35,24.7,0.0,-4958.00,-49.58
,12/12/2025 17:01,12/12/2025 17:18,XAUUSD,Buy,0.010,0.00000,0.00000,4347.28000,4332.86000,0.0000,0.0000,-1442.0,-14.42,-2.08,"Hoko GOLD",00:00:16:11,0.0,0s,1442.0,1666.67,0.0,0.0,-1442.0,-14.42,0.0,0.0,-1442.00,-14.42
,12/12/2025 15:30,12/12/2025 16:00,XAUUSD,Buy,0.010,0.00000,0.00000,4342.64000,4339.70000,0.0000,0.0000,-294.0,-2.94,-0.42,"Hoko GOLD",00:00:29:51,0.0,0s,1790.0,2000.00,0.0,0.0,-1790.0,-17.900000000000002,0.0,83.6,-294.00,-2.94
,12/11/2025 17:40,12/11/2025 17:55,XAUUSD,Buy,0.010,0.00000,0.00000,4249.95000,4257.18000,0.0000,0.0000,723.0,7.23,1.06,"Hoko GOLD",00:00:14:06,7.2,1m,1916.0,2.65,723.0,7.23,-1916.0,-19.16,27.4,100.0,0.00,0.00
,12/11/2025 17:34,12/11/2025 17:55,XAUUSD,Buy,0.010,0.00000,0.00000,4245.05000,4257.20000,0.0000,0.0000,1215.0,12.15,1.81,"Hoko GOLD",00:00:20:38,5.0,1m,1426.0,1.17,1215.0,12.15,-1426.0,-14.26,46.0,100.0,0.00,0.00
,12/10/2025 14:00,12/10/2025 16:26,XAUUSD,Buy,0.010,0.00000,0.00000,4197.51000,4198.39000,0.0000,0.0000,88.0,0.88,0.13,"Hoko GOLD",00:02:26:46,34.5,50m,592.0,0.86,347.0,3.47,-299.0,-2.99,53.7,59.9,-259.00,-2.59
,12/08/2025 17:00,12/08/2025 17:55,XAUUSD,Sell,0.010,0.00000,0.00000,4190.61000,4185.13000,0.0000,0.0000,548.0,5.48,0.82,"Hoko GOLD",00:00:54:09,,,,,,,,,,,,
,12/05/2025 17:35,12/05/2025 17:50,XAUUSD,Buy,0.010,0.00000,0.00000,4253.84000,4245.57000,0.0000,0.0000,-827.0,-8.27,-1.22,"Hoko GOLD",00:00:15:20,0.0,0s,2329.0,2500.00,0.0,0.0,-2329.0,-23.29,0.0,64.5,-827.00,-8.27
,12/05/2025 15:00,12/05/2025 16:00,XAUUSD,Buy,0.010,0.00000,0.00000,4231.43000,4233.33000,0.0000,0.0000,190.0,1.90,0.28,"Hoko GOLD",00:01:00:16,1.7,1m,785.0,4.13,190.0,1.9000000000000001,-785.0,-7.8500000000000005,19.5,100.0,0.00,0.00
,12/05/2025 15:00,12/05/2025 16:00,XAUUSD,Buy,0.010,0.00000,0.00000,4231.43000,4233.88000,0.0000,0.0000,245.0,2.45,0.36,"Hoko GOLD",00:01:00:15,1.7,1m,785.0,3.20,245.0,2.45,-785.0,-7.8500000000000005,23.8,100.0,0.00,0.00
,12/03/2025 15:52,12/03/2025 16:02,XAUUSD,Buy,0.010,0.00000,0.00000,4231.00000,4236.54000,0.0000,0.0000,554.0,5.54,0.83,"Hoko GOLD",00:00:10:08,10.0,1m,1912.0,3.45,554.0,5.54,-1912.0,-19.12,22.5,100.0,0.00,0.00
,12/03/2025 14:00,12/03/2025 15:52,XAUUSD,Buy,0.010,0.00000,0.00000,4208.69000,4228.70000,0.0000,0.0000,2001.0,20.01,3.09,"Hoko GOLD",00:01:52:28,25.0,28m,1058.0,0.53,2001.0,20.01,-1058.0,-10.58,65.4,100.0,0.00,0.00
,12/02/2025 17:36,12/02/2025 17:55,XAUUSD,Sell,0.010,0.00000,0.00000,4180.57000,4173.26000,0.0000,0.0000,731.0,7.31,1.14,"Hoko GOLD",00:00:18:28,5.3,58s,4409.0,6.04,731.0,7.3100000000000005,-4409.0,-44.09,14.2,100.0,0.00,0.00
,12/02/2025 12:30,12/02/2025 13:30,XAUUSD,Sell,0.010,0.00000,0.00000,4185.77000,4197.24000,0.0000,0.0000,-1147.0,-11.47,-1.76,"Hoko GOLD",00:00:59:54,10.2,6m,1449.0,3.80,302.0,3.02,-1147.0,-11.47,20.8,0.0,-1449.00,-14.49
,12/01/2025 10:10,12/01/2025 10:46,XAUUSD,Buy,0.010,0.00000,0.00000,4251.79000,4239.61000,0.0000,0.0000,-1218.0,-12.18,-1.83,"Hoko GOLD",00:00:35:57,0.0,0s,1959.0,2000.00,0.0,0.0,-1959.0,-19.59,0.0,37.8,-1218.00,-12.18
,11/28/2025 16:18,11/28/2025 17:00,XAUUSD,Buy,0.010,0.00000,0.00000,4194.61000,4196.24000,0.0000,0.0000,163.0,1.63,0.25,"Hoko GOLD",00:00:41:35,2.4,59s,2588.0,15.90,163.0,1.6300000000000001,-2588.0,-25.88,5.9,100.0,0.00,0.00
,11/28/2025 16:00,11/28/2025 16:18,XAUUSD,Sell,0.010,0.00000,0.00000,4182.69000,4193.78000,0.0000,0.0000,-1109.0,-11.09,-1.64,"Hoko GOLD",00:00:18:10,94.5,17m,2223.0,1.00,1114.0,11.14,-1109.0,-11.09,50.1,0.0,-2223.00,-22.23
,11/27/2025 11:00,11/27/2025 12:00,XAUUSD,Sell,0.010,0.00000,0.00000,4165.58000,4159.27000,0.0000,0.0000,631.0,6.31,0.94,"Hoko GOLD",00:01:00:00,83.4,50m,559.0,0.16,631.0,6.3100000000000005,-103.0,-1.03,86.0,100.0,0.00,0.00
,11/26/2025 13:32,11/26/2025 14:40,XAUUSD,Buy,0.010,0.00000,0.00000,4172.16000,4158.83000,0.0000,0.0000,-1333.0,-13.33,-1.96,"Hoko GOLD",00:01:08:36,0.0,0s,1498.0,1666.67,0.0,0.0,-1498.0,-14.98,0.0,11.0,-1333.00,-13.33
,11/25/2025 14:00,11/25/2025 15:00,XAUUSD,Sell,0.010,0.00000,0.00000,4133.70000,4130.71000,0.0000,0.0000,299.0,2.99,0.44,"Hoko GOLD",00:00:59:59,88.2,52m,815.0,0.45,561.0,5.61,-254.0,-2.54,68.8,67.9,-262.00,-2.62
,11/21/2025 10:00,11/21/2025 10:30,XAUUSD,Sell,0.010,0.00000,0.00000,4028.21000,4041.35000,0.0000,0.0000,-1314.0,-13.14,-1.90,"Hoko GOLD",00:00:29:10,3.4,59s,1537.0,5.89,223.0,2.23,-1314.0,-13.14,14.5,0.0,-1537.00,-15.37
,11/20/2025 16:23,11/20/2025 22:10,XAUUSD,Buy,0.010,0.00000,0.00000,4085.11000,4079.27000,0.0000,0.0000,-584.0,-5.84,-0.84,"",00:05:47:09,21.4,1h 14m,5965.0,1.98,2002.0,20.02,-3963.0,-39.63,33.6,56.6,-2586.00,-25.86
,11/20/2025 19:55,11/20/2025 20:14,BTCUSD,Buy,0.010,0.00000,0.00000,87141.19000,87570.09000,0.0000,0.0000,428.9,4.29,0.62,"",00:00:18:37,79.0,14m,1263.0,0.56,809.0,8.09,-454.0,-4.54,64.1,69.9,-380.10,-3.80
,11/20/2025 19:55,11/20/2025 20:07,BTCUSD,Buy,0.010,0.00000,0.00000,87105.63000,87320.83000,0.0000,0.0000,215.2,2.15,0.31,"",00:00:11:50,100.0,11m,719.0,0.00,844.0,8.44,0.0,0.0,100.0,25.5,-628.80,-6.29
,11/19/2025 15:00,11/19/2025 17:55,XAUUSD,Buy,0.010,0.00000,0.00000,4114.94000,4091.41000,0.0000,0.0000,-2353.0,-23.53,-3.29,"Hoko GOLD",00:02:54:59,36.3,1h 3m,2792.0,5.36,439.0,4.39,-2353.0,-23.53,15.7,0.0,-2792.00,-27.92
,11/19/2025 16:55,11/19/2025 17:02,XAUUSD,Buy,0.010,0.00000,0.00000,4121.29000,4125.91000,0.0000,0.0000,462.0,4.62,0.65,"Hoko GOLD",00:00:07:03,14.3,1m,1276.0,2.76,462.0,4.62,-1276.0,-12.76,26.6,100.0,0.00,0.00
,11/19/2025 11:46,11/19/2025 12:00,XAUUSD,Buy,0.010,0.00000,0.00000,4102.26000,4111.96000,0.0000,0.0000,970.0,9.70,1.39,"Hoko GOLD",00:00:13:46,7.2,59s,2100.0,2.17,970.0,9.700000000000001,-2100.0,-21.0,31.6,100.0,0.00,0.00
,11/14/2025 14:11,11/14/2025 15:00,XAUUSD,Sell,0.010,0.00000,0.00000,4129.34000,4117.51000,0.0000,0.0000,1183.0,11.83,1.72,"Hoko GOLD",00:00:48:52,2.1,1m,2825.0,2.39,1183.0,11.83,-2825.0,-28.25,29.5,100.0,0.00,0.00
,11/14/2025 13:21,11/14/2025 14:01,XAUUSD,Sell,0.010,0.00000,0.00000,4146.03000,4132.60000,0.0000,0.0000,1343.0,13.43,1.99,"",00:00:40:48,2.5,1m,2448.0,1.82,1343.0,13.43,-2448.0,-24.48,35.4,100.0,0.00,0.00
,11/14/2025 13:16,11/14/2025 13:18,XAUUSD,Sell,0.010,0.00000,0.00000,4149.15000,4144.38000,0.0000,0.0000,477.0,4.77,0.71,"Hoko GOLD",00:00:01:32,,,,,,,,,,,,
,11/13/2025 15:00,11/13/2025 16:00,XAUUSD,Sell,0.010,0.00000,0.00000,4240.77000,4232.55000,0.0000,0.0000,822.0,8.22,1.24,"Hoko GOLD",00:00:59:15,91.7,54m,1210.0,0.25,965.0,9.65,-245.0,-2.45,79.8,88.2,-143.00,-1.43
,11/12/2025 17:16,11/12/2025 17:55,XAUUSD,Buy,0.010,0.00000,0.00000,4164.90000,4175.76000,0.0000,0.0000,1086.0,10.86,1.67,"Hoko GOLD",00:00:38:53,2.7,1m,3783.0,3.48,1086.0,10.86,-3783.0,-37.83,22.3,100.0,0.00,0.00
,11/12/2025 17:10,11/12/2025 17:49,XAUUSD,Buy,0.010,0.00000,0.00000,4147.86000,4182.79000,0.0000,0.0000,3493.0,34.93,5.67,"Hoko GOLD",00:00:38:49,2.6,1m,2079.0,0.60,3493.0,34.93,-2079.0,-20.79,62.7,100.0,0.00,0.00
,11/12/2025 13:00,11/12/2025 14:05,XAUUSD,Sell,0.010,0.00000,0.00000,4128.02000,4128.79000,0.0000,0.0000,-77.0,-0.77,-0.12,"Hoko GOLD",00:01:05:35,90.8,59m,916.0,0.12,817.0,8.17,-99.0,-0.99,89.2,2.4,-894.00,-8.94
,11/10/2025 14:00,11/10/2025 15:39,XAUUSD,Buy,0.010,0.00000,0.00000,4086.26000,4096.40000,0.0000,0.0000,1014.0,10.14,1.67,"Hoko GOLD",00:01:39:41,37.4,37m,1016.0,0.99,1026.0,10.26,-1016.0,-10.16,50.2,99.4,-12.00,-0.12
,11/10/2025 11:00,11/10/2025 15:00,XAUUSD,Buy,0.010,0.00000,0.00000,4082.71000,4097.67000,0.0000,0.0000,1496.0,14.96,2.53,"Hoko GOLD",00:04:00:00,9.2,22m,1023.0,0.54,1496.0,14.96,-810.0,-8.1,64.9,100.0,0.00,0.00
,11/06/2025 12:30,11/06/2025 16:00,XAUUSD,Buy,0.010,0.00000,0.00000,4005.81000,4012.23000,0.0000,0.0000,642.0,6.42,1.10,"Hoko GOLD",00:03:30:01,92.9,3h 15m,1416.0,0.08,1328.0,13.280000000000001,-110.0,-1.1,92.4,52.3,-686.00,-6.86
,11/06/2025 14:03,11/06/2025 15:00,XAUUSD,Sell,0.010,0.00000,0.00000,4016.78000,4004.94000,0.0000,0.0000,1184.0,11.84,2.07,"Hoko GOLD",00:00:56:38,82.5,46m,1145.0,0.16,1184.0,11.84,-195.0,-1.95,85.9,100.0,0.00,0.00
,11/06/2025 14:00,11/06/2025 14:53,XAUUSD,Buy,0.010,0.00000,0.00000,4018.56000,4005.31000,0.0000,0.0000,-1325.0,-13.25,-2.26,"Hoko GOLD",00:00:53:25,0.0,0s,1325.0,1428.57,0.0,0.0,-1325.0,-13.25,0.0,0.0,-1325.00,-13.25
,11/05/2025 14:00,11/05/2025 15:05,XAUUSD,Buy,0.010,0.00000,0.00000,3966.99000,3967.56000,0.0000,0.0000,57.0,0.57,0.10,"Hoko GOLD",00:01:04:59,7.9,5m,1030.0,5.61,156.0,1.56,-874.0,-8.74,15.1,90.4,-99.00,-0.99
,11/04/2025 16:34,11/04/2025 16:54,XAUUSD,Sell,0.010,0.00000,0.00000,3937.79000,3947.52000,0.0000,0.0000,-973.0,-9.73,-1.63,"Hoko GOLD",00:00:20:16,0.0,0s,4341.0,5000.00,0.0,0.0,-4341.0,-43.410000000000004,0.0,77.6,-973.00,-9.73
,11/04/2025 16:03,11/04/2025 16:36,XAUUSD,Sell,0.010,0.00000,0.00000,3968.89000,3934.63000,0.0000,0.0000,3426.0,34.26,6.10,"Hoko GOLD",00:00:33:01,3.1,1m,2631.0,0.77,3426.0,34.26,-2631.0,-26.310000000000002,56.6,100.0,0.00,0.00
,11/03/2025 16:00,11/03/2025 17:00,XAUUSD,Sell,0.010,0.00000,0.00000,4015.91000,4027.47000,0.0000,0.0000,-1156.0,-11.56,-2.02,"Hoko GOLD",00:01:00:00,31.7,19m,1493.0,3.43,337.0,3.37,-1156.0,-11.56,22.6,0.0,-1493.00,-14.93
,11/03/2025 10:00,11/03/2025 11:07,XAUUSD,Sell,0.010,0.00000,0.00000,4025.43000,4022.40000,0.0000,0.0000,303.0,3.03,0.53,"Hoko GOLD",00:01:07:24,89.6,1h 0m,1391.0,0.19,1173.0,11.73,-218.0,-2.18,84.3,37.5,-870.00,-8.70
,10/29/2025 13:03,10/29/2025 14:00,XAUUSD,Sell,0.010,0.00000,0.00000,4021.51000,4023.69000,0.0000,0.0000,-218.0,-2.18,-0.38,"Hoko GOLD",00:00:56:29,8.8,4m,1102.0,2.65,302.0,3.02,-800.0,-8.0,27.4,52.8,-520.00,-5.20
,10/24/2025 14:30,10/24/2025 15:30,XAUUSD,Sell,0.010,0.00000,0.00000,4056.06000,4061.99000,0.0000,0.0000,-593.0,-5.93,-1.03,"Hoko GOLD",00:01:00:01,1.7,1m,2644.0,74.63,35.0,0.35000000000000003,-2609.0,-26.09,1.3,76.2,-628.00,-6.28
,10/24/2025 12:00,10/24/2025 13:56,XAUUSD,Buy,0.010,0.00000,0.00000,4065.09000,4053.94000,0.0000,0.0000,-1115.0,-11.15,-1.89,"Hoko GOLD",00:01:56:08,56.9,1h 6m,1952.0,1.34,834.0,8.34,-1118.0,-11.18,42.7,0.2,-1949.00,-19.49
,10/22/2025 13:55,10/22/2025 15:00,XAUUSD,Sell,0.010,0.00000,0.00000,4032.34000,4029.22000,0.0000,0.0000,312.0,3.12,0.53,"Hoko GOLD",00:01:04:38,73.9,47m,2865.0,0.74,1653.0,16.53,-1231.0,-12.31,57.3,53.5,-1341.00,-13.41
,10/21/2025 16:01,10/21/2025 16:06,XAUUSD,Sell,0.010,0.00000,0.00000,4200.38000,4209.07000,0.0000,0.0000,-869.0,-8.69,-1.46,"Hoko GOLD",00:00:05:21,,,,,,,,,,,,
,10/21/2025 15:00,10/21/2025 16:00,XAUUSD,Sell,0.010,0.00000,0.00000,4254.24000,4210.27000,0.0000,0.0000,4397.0,43.97,7.98,"Hoko GOLD",00:00:59:59,100.0,59m,599.0,0.00,4644.0,46.44,0.0,0.0,100.0,94.7,-247.00,-2.47
,10/21/2025 15:13,10/21/2025 15:20,XAUUSD,Sell,0.010,0.00000,0.00000,4220.47000,4232.95000,0.0000,0.0000,-1248.0,-12.48,-2.22,"Hoko GOLD",00:00:06:43,,,,,,,,,,,,
,10/20/2025 15:42,10/20/2025 15:50,XAUUSD,Buy,0.010,0.00000,0.00000,4322.30000,4313.29000,0.0000,0.0000,-901.0,-9.01,-1.57,"Hoko GOLD",00:00:08:14,,,,,,,,,,,,
,10/17/2025 17:04,10/17/2025 17:06,XAUUSD,Sell,0.010,0.00000,0.00000,4238.12000,4245.89000,0.0000,0.0000,-777.0,-7.77,-1.34,"Hoko GOLD",00:00:01:19,,,,,,,,,,,,
,10/16/2025 17:39,10/16/2025 17:55,XAUUSD,Sell,0.010,0.00000,0.00000,4258.91000,4263.18000,0.0000,0.0000,-427.0,-4.27,-0.73,"Hoko GOLD",00:00:15:14,,,,,,,,,,,,
,10/16/2025 17:00,10/16/2025 17:55,XAUUSD,Buy,0.010,0.00000,0.00000,4252.01000,4262.88000,0.0000,0.0000,1087.0,10.87,1.90,"Hoko GOLD",00:00:54:19,100.0,54m,720.0,0.00,1357.0,13.57,0.0,0.0,100.0,80.1,-270.00,-2.70
,10/16/2025 16:30,10/16/2025 17:00,XAUUSD,Sell,0.010,0.00000,0.00000,4251.01000,4245.73000,0.0000,0.0000,528.0,5.28,0.93,"Hoko GOLD",00:00:29:50,40.0,11m,645.0,1.22,528.0,5.28,-645.0,-6.45,45.0,100.0,0.00,0.00
,10/16/2025 10:30,10/16/2025 11:01,XAUUSD,Sell,0.010,0.00000,0.00000,4233.55000,4233.23000,0.0000,0.0000,32.0,0.32,0.06,"Hoko GOLD",00:00:31:31,85.8,27m,662.0,0.02,652.0,6.5200000000000005,-10.0,-0.1,98.5,6.3,-620.00,-6.20
,10/15/2025 16:45,10/15/2025 17:00,XAUUSD,Sell,0.010,0.00000,0.00000,4194.92000,4194.52000,0.0000,0.0000,40.0,0.40,0.07,"Hoko GOLD",00:00:15:11,,,,,,,,,,,,
,10/15/2025 12:30,10/15/2025 15:00,XAUUSD,Buy,0.010,0.00000,0.00000,4190.18000,4198.68000,0.0000,0.0000,850.0,8.50,1.52,"Hoko GOLD",00:02:29:59,100.0,2h 29m,1078.0,0.00,1281.0,12.81,0.0,0.0,100.0,66.4,-431.00,-4.31
,10/15/2025 11:59,10/15/2025 12:30,XAUUSD,Sell,0.010,0.00000,0.00000,4209.37000,4190.33000,0.0000,0.0000,1904.0,19.04,3.53,"Hoko GOLD",00:00:30:09,100.0,30m,636.0,0.00,2540.0,25.400000000000002,0.0,0.0,100.0,75.0,-636.00,-6.36
,10/14/2025 14:00,10/14/2025 14:15,XAUUSD,Sell,0.010,0.00000,0.00000,4131.97000,4132.32000,0.0000,0.0000,-35.0,-0.35,-0.06,"Hoko GOLD",00:00:15:32,,,,,,,,,,,,
,10/14/2025 12:30,10/14/2025 13:05,XAUUSD,Sell,0.010,0.00000,0.00000,4140.07000,4130.08000,0.0000,0.0000,999.0,9.99,1.88,"Hoko GOLD",00:00:35:43,100.0,35m,252.0,0.00,1251.0,12.51,0.0,0.0,100.0,79.9,-252.00,-2.52
,10/14/2025 11:45,10/14/2025 11:53,XAUUSD,Sell,0.010,0.00000,0.00000,4132.61000,4143.61000,0.0000,0.0000,-1100.0,-11.00,-2.03,"Hoko GOLD",00:00:08:14,,,,,,,,,,,,
,10/13/2025 16:35,10/13/2025 17:30,XAUUSD,Sell,0.010,0.00000,0.00000,4084.47000,4095.65000,0.0000,0.0000,-1118.0,-11.18,-2.02,"Hoko GOLD",00:00:54:09,,,,,,,,,,,,
,10/13/2025 16:35,10/13/2025 17:05,XAUUSD,Buy,0.010,0.00000,0.00000,4084.64000,4092.25000,0.0000,0.0000,761.0,7.61,1.40,"Hoko GOLD",00:00:29:54,,,,,,,,,,,,
,09/16/2025 17:00,09/17/2025 15:55,XAUUSD,Sell,0.010,0.00000,0.00000,3695.41000,3678.54000,0.0000,0.2500,1687.0,17.12,3.24,"Hoko GOLD",00:22:55:21,98.6,22h 36m,1722.0,0.20,3401.0,34.01,-670.0,-6.7,83.5,57.9,-1714.00,-17.14
,09/16/2025 14:28,09/16/2025 15:00,XAUUSD,Buy,0.010,0.00000,0.00000,3692.71000,3697.33000,0.0000,0.0000,462.0,4.62,0.88,"Hoko GOLD",00:00:31:10,96.8,30m,245.0,0.02,661.0,6.61,-13.0,-0.13,98.1,70.5,-199.00,-1.99
,09/16/2025 10:35,09/16/2025 11:30,XAUUSD,Sell,0.010,0.00000,0.00000,3689.44000,3694.70000,0.0000,0.0000,-526.0,-5.26,-1.00,"Hoko GOLD",00:00:54:48,61.2,33m,977.0,2.43,285.0,2.85,-692.0,-6.92,29.2,17.0,-811.00,-8.11
,09/15/2025 17:30,09/15/2025 17:55,XAUUSD,Buy,0.010,0.00000,0.00000,3659.50000,3663.12000,0.0000,0.0000,362.0,3.62,0.69,"Hoko GOLD",00:00:24:58,100.0,24m,33.0,0.00,395.0,3.95,0.0,0.0,100.0,91.6,-33.00,-0.33
,09/15/2025 17:02,09/15/2025 17:55,XAUUSD,Sell,0.010,0.00000,0.00000,3654.17000,3663.32000,0.0000,0.0000,-915.0,-9.15,-1.71,"Hoko GOLD",00:00:52:59,0.0,0s,915.0,1000.00,0.0,0.0,-915.0,-9.15,0.0,0.0,-915.00,-9.15
,09/15/2025 10:30,09/15/2025 11:09,XAUUSD,Buy,0.010,0.00000,0.00000,3636.48000,3642.30000,0.0000,0.0000,582.0,5.82,1.10,"Hoko GOLD",00:00:39:48,100.0,39m,152.0,0.00,734.0,7.34,0.0,0.0,100.0,79.3,-152.00,-1.52
,09/12/2025 16:45,09/12/2025 17:55,XAUUSD,Sell,0.010,0.00000,0.00000,3650.78000,3648.93000,0.0000,0.0000,185.0,1.85,0.35,"Hoko GOLD",00:01:10:00,42.9,30m,338.0,1.58,193.0,1.93,-304.0,-3.04,38.8,98.4,-8.00,-0.08
,09/12/2025 13:00,09/12/2025 15:30,XAUUSD,Sell,0.010,0.00000,0.00000,3646.51000,3642.49000,0.0000,0.0000,402.0,4.02,0.77,"Hoko GOLD",00:02:30:01,22.6,33m,497.0,0.66,755.0,7.55,-497.0,-4.97,60.3,71.8,-353.00,-3.53
,09/12/2025 12:00,09/12/2025 12:16,XAUUSD,Sell,0.010,0.00000,0.00000,3640.87000,3642.23000,0.0000,0.0000,-136.0,-1.36,-0.26,"Hoko GOLD",00:00:16:16,,,,,,,,,,,,
,09/11/2025 17:00,09/11/2025 17:33,XAUUSD,Buy,0.010,0.00000,0.00000,3630.63000,3632.83000,0.0000,0.0000,220.0,2.20,0.42,"Hoko GOLD",00:00:33:32,,,,,,,,,,,,
,09/11/2025 10:30,09/11/2025 11:11,XAUUSD,Buy,0.010,0.00000,0.00000,3626.24000,3627.96000,0.0000,0.0000,172.0,1.72,0.33,"Hoko GOLD",00:00:41:50,,,,,,,,,,,,
,09/09/2025 16:45,09/09/2025 17:00,XAUUSD,Sell,0.010,0.00000,0.00000,3663.13000,3674.47000,0.0000,0.0000,-1134.0,-11.34,-2.14,"Hoko GOLD",00:00:15:12,,,,,,,,,,,,
,09/09/2025 16:30,09/09/2025 17:00,XAUUSD,Sell,0.010,0.00000,0.00000,3658.57000,3666.44000,0.0000,0.0000,-787.0,-7.87,-1.46,"Hoko GOLD",00:00:29:47,,,,,,,,,,,,
,09/09/2025 12:00,09/09/2025 14:00,XAUUSD,Sell,0.010,0.00000,0.00000,3648.24000,3652.30000,0.0000,0.0000,-406.0,-4.06,-0.75,"Hoko GOLD",00:02:00:01,0.0,0s,572.0,588.24,0.0,0.0,-572.0,-5.72,0.0,29.0,-406.00,-4.06
,09/09/2025 10:15,09/09/2025 11:15,XAUUSD,Sell,0.010,0.00000,0.00000,3647.08000,3645.44000,0.0000,0.0000,164.0,1.64,0.30,"Hoko GOLD",00:01:00:16,100.0,1h 0m,268.0,0.00,420.0,4.2,0.0,0.0,100.0,39.0,-256.00,-2.56
,09/08/2025 16:31,09/08/2025 17:30,XAUUSD,Sell,0.010,0.00000,0.00000,3622.35000,3630.73000,0.0000,0.0000,-838.0,-8.38,-1.52,"Hoko GOLD",00:00:58:07,,,,,,,,,,,,
,09/08/2025 13:35,09/08/2025 14:30,XAUUSD,Sell,0.010,0.00000,0.00000,3617.19000,3617.06000,0.0000,0.0000,13.0,0.13,0.02,"Hoko GOLD",00:00:54:46,,,,,,,,,,,,
,09/05/2025 16:15,09/05/2025 16:30,XAUUSD,Sell,0.010,0.00000,0.00000,3581.43000,3580.87000,0.0000,0.0000,56.0,0.56,0.10,"Hoko GOLD",00:00:15:04,,,,,,,,,,,,
,09/05/2025 15:32,09/05/2025 16:02,XAUUSD,Buy,0.010,0.00000,0.00000,3579.21000,3578.05000,0.0000,0.0000,-116.0,-1.16,-0.21,"Hoko GOLD",00:00:29:24,,,,,,,,,,,,
,09/05/2025 15:30,09/05/2025 15:30,XAUUSD,Sell,0.010,0.00000,0.00000,3554.97000,3567.90000,0.0000,0.0000,-1293.0,-12.93,-2.30,"Hoko GOLD",00:00:00:03,,,,,,,,,,,,
,09/03/2025 16:08,09/03/2025 17:55,XAUUSD,Buy,0.010,0.00000,0.00000,3556.02000,3554.61000,0.0000,0.0000,-141.0,-1.41,-0.25,"Hoko GOLD",00:01:46:49,,,,,,,,,,,,
,09/03/2025 17:31,09/03/2025 17:55,XAUUSD,Sell,0.010,0.00000,0.00000,3561.18000,3555.03000,0.0000,0.0000,615.0,6.15,1.10,"Hoko GOLD",00:00:23:01,,,,,,,,,,,,
,09/03/2025 16:00,09/03/2025 17:00,XAUUSD,Sell,0.010,0.00000,0.00000,3549.76000,3554.00000,0.0000,0.0000,-424.0,-4.24,-0.75,"Hoko GOLD",00:00:59:57,,,,,,,,,,,,
,09/03/2025 14:00,09/03/2025 15:58,XAUUSD,Sell,0.010,0.00000,0.00000,3539.92000,3551.27000,0.0000,0.0000,-1135.0,-11.35,-1.98,"Hoko GOLD",00:01:58:53,,,,,,,,,,,,
,09/03/2025 11:45,09/03/2025 13:20,XAUUSD,Sell,0.010,0.00000,0.00000,3538.55000,3535.94000,0.0000,0.0000,261.0,2.61,0.46,"Hoko GOLD",00:01:35:57,,,,,,,,,,,,
,09/03/2025 10:15,09/03/2025 10:31,XAUUSD,Sell,0.010,0.00000,0.00000,3534.79000,3534.05000,0.0000,0.0000,74.0,0.74,0.13,"Hoko GOLD",00:00:16:25,,,,,,,,,,,,
,09/02/2025 17:47,09/02/2025 17:55,XAUUSD,Buy,0.010,0.00000,0.00000,3513.57000,3511.22000,0.0000,0.0000,-235.0,-2.35,-0.41,"Hoko GOLD",00:00:07:42,,,,,,,,,,,,
,09/02/2025 16:00,09/02/2025 16:15,XAUUSD,Buy,0.010,0.00000,0.00000,3483.41000,3483.30000,0.0000,0.0000,-11.0,-0.11,-0.02,"Hoko GOLD",00:00:15:01,,,,,,,,,,,,
,09/02/2025 14:45,09/02/2025 15:16,XAUUSD,Buy,0.010,0.00000,0.00000,3484.28000,3487.92000,0.0000,0.0000,364.0,3.64,0.64,"Hoko GOLD",00:00:31:38,,,,,,,,,,,,
,09/01/2025 17:45,09/01/2025 17:55,XAUUSD,Sell,0.010,0.00000,0.00000,3474.52000,3477.15000,0.0000,0.0000,-263.0,-2.63,-0.46,"Hoko GOLD",00:00:10:00,,,,,,,,,,,,
,09/01/2025 05:06,09/01/2025 06:01,XAUUSD,Buy,0.010,0.00000,0.00000,3460.10000,3485.81000,0.0000,0.0000,2571.0,25.71,4.71,"Hoko GOLD",00:00:55:39,,,,,,,,,,,,
,08/29/2025 17:05,08/29/2025 17:55,XAUUSD,Buy,0.010,0.00000,0.00000,3432.92000,3438.07000,0.0000,0.0000,515.0,5.15,0.95,"Hoko GOLD",00:00:49:47,,,,,,,,,,,,
,08/29/2025 15:45,08/29/2025 16:08,XAUUSD,Buy,0.010,0.00000,0.00000,3412.97000,3414.10000,0.0000,0.0000,113.0,1.13,0.21,"Hoko GOLD",00:00:23:29,,,,,,,,,,,,
,08/29/2025 11:30,08/29/2025 14:00,XAUUSD,Sell,0.010,0.00000,0.00000,3412.59000,3405.70000,0.0000,0.0000,689.0,6.89,1.29,"Hoko GOLD",00:02:30:00,100.0,2h 30m,178.0,0.00,705.0,7.05,0.0,0.0,100.0,97.7,-16.00,-0.16
,08/28/2025 16:45,08/28/2025 17:55,XAUUSD,Sell,0.010,0.00000,0.00000,3405.59000,3411.83000,0.0000,0.0000,-624.0,-6.24,-1.16,"Hoko GOLD",00:01:10:01,,,,,,,,,,,,
,08/28/2025 17:31,08/28/2025 17:55,XAUUSD,Sell,0.010,0.00000,0.00000,3410.23000,3411.76000,0.0000,0.0000,-153.0,-1.53,-0.28,"Hoko GOLD",00:00:23:17,,,,,,,,,,,,
,08/28/2025 17:40,08/28/2025 17:55,XAUUSD,Buy,0.010,0.00000,0.00000,3413.53000,3411.50000,0.0000,0.0000,-203.0,-2.03,-0.37,"Hoko GOLD",00:00:14:19,,,,,,,,,,,,
,08/28/2025 15:31,08/28/2025 16:30,XAUUSD,Sell,0.010,0.00000,0.00000,3401.47000,3404.98000,0.0000,0.0000,-351.0,-3.51,-0.64,"Hoko GOLD",00:00:58:29,,,,,,,,,,,,
,08/28/2025 12:30,08/28/2025 13:30,XAUUSD,Sell,0.010,0.00000,0.00000,3399.23000,3397.05000,0.0000,0.0000,218.0,2.18,0.40,"Hoko GOLD",00:00:59:57,,,,,,,,,,,,
,08/28/2025 10:15,08/28/2025 11:06,XAUUSD,Sell,0.010,0.00000,0.00000,3396.65000,3397.45000,0.0000,0.0000,-80.0,-0.80,-0.15,"Hoko GOLD",00:00:51:11,,,,,,,,,,,,
,08/27/2025 17:15,08/27/2025 17:55,XAUUSD,Buy,0.010,0.00000,0.00000,3380.07000,3385.33000,0.0000,0.0000,526.0,5.26,0.97,"Hoko GOLD",00:00:40:00,,,,,,,,,,,,
,08/26/2025 14:45,08/26/2025 15:00,XAUUSD,Sell,0.010,0.00000,0.00000,3378.88000,3377.81000,0.0000,0.0000,107.0,1.07,0.20,"Hoko GOLD",00:00:15:00,,,,,,,,,,,,
,08/22/2025 17:45,08/22/2025 17:55,XAUUSD,Sell,0.010,0.00000,0.00000,3373.33000,3374.19000,0.0000,0.0000,-86.0,-0.86,-0.16,"Hoko GOLD",00:00:10:00,,,,,,,,,,,,
,08/22/2025 17:02,08/22/2025 17:55,XAUUSD,Buy,0.010,0.00000,0.00000,3352.58000,3373.90000,0.0000,0.0000,2132.0,21.32,4.11,"Hoko GOLD",00:00:52:18,,,,,,,,,,,,
,08/22/2025 14:45,08/22/2025 17:01,XAUUSD,Buy,0.010,0.00000,0.00000,3329.42000,3348.84000,0.0000,0.0000,1942.0,19.42,3.89,"Hoko GOLD",00:02:16:05,,,,,,,,,,,,
,08/21/2025 14:15,08/21/2025 15:21,XAUUSD,Buy,0.010,0.00000,0.00000,3329.71000,3339.21000,0.0000,0.0000,950.0,9.50,1.94,"Hoko GOLD",00:01:06:58,,,,,,,,,,,,
,08/20/2025 15:19,08/20/2025 15:30,XAUUSD,Buy,0.010,0.00000,0.00000,3336.78000,3338.18000,0.0000,0.0000,140.0,1.40,0.29,"Hoko GOLD",00:00:10:07,,,,,,,,,,,,
,08/19/2025 17:15,08/19/2025 17:55,XAUUSD,Sell,0.010,0.00000,0.00000,3334.66000,3322.10000,0.0000,0.0000,1256.0,12.56,2.64,"Hoko GOLD",00:00:40:00,,,,,,,,,,,,
,08/18/2025 13:45,08/18/2025 14:15,XAUUSD,Sell,0.010,0.00000,0.00000,3349.28000,3348.87000,0.0000,0.0000,41.0,0.41,0.09,"Hoko GOLD",00:00:30:28,,,,,,,,,,,,
,08/15/2025 16:15,08/15/2025 17:05,XAUUSD,Sell,0.010,0.00000,0.00000,3341.25000,3338.28000,0.0000,0.0000,297.0,2.97,0.63,"Hoko GOLD",00:00:50:06,,,,,,,,,,,,
,08/14/2025 16:00,08/14/2025 16:15,XAUUSD,Buy,0.010,0.00000,0.00000,3350.84000,3351.42000,0.0000,0.0000,58.0,0.58,0.12,"Hoko GOLD",00:00:15:09,,,,,,,,,,,,
,08/14/2025 14:15,08/14/2025 15:18,XAUUSD,Buy,0.010,0.00000,0.00000,3354.53000,3352.92000,0.0000,0.0000,-161.0,-1.61,-0.34,"Hoko GOLD",00:01:03:08,,,,,,,,,,,,
,08/13/2025 13:13,08/13/2025 14:00,XAUUSD,Sell,0.010,0.00000,0.00000,3363.09000,3366.36000,0.0000,0.0000,-327.0,-3.27,-0.69,"Hoko GOLD",00:00:46:03,,,,,,,,,,,,
,08/13/2025 12:53,08/13/2025 13:30,XAUUSD,Buy,0.010,0.00000,0.00000,3366.72000,3364.63000,0.0000,0.0000,-209.0,-2.09,-0.44,"Hoko GOLD",00:00:36:48,,,,,,,,,,,,
,08/12/2025 17:17,08/12/2025 17:55,XAUUSD,Sell,0.010,0.00000,0.00000,3332.54000,3334.52000,0.0000,0.0000,-198.0,-1.98,-0.41,"Hoko GOLD",00:00:37:07,,,,,,,,,,,,
,08/12/2025 17:30,08/12/2025 17:47,XAUUSD,Buy,0.010,0.00000,0.00000,3335.02000,3333.74000,0.0000,0.0000,-128.0,-1.28,-0.27,"Hoko GOLD",00:00:17:08,,,,,,,,,,,,
,08/12/2025 15:45,08/12/2025 16:45,XAUUSD,Buy,0.010,0.00000,0.00000,3350.45000,3353.63000,0.0000,0.0000,318.0,3.18,0.66,"Hoko GOLD",00:01:00:04,,,,,,,,,,,,
,08/12/2025 12:00,08/12/2025 12:26,XAUUSD,Buy,0.010,0.00000,0.00000,3348.13000,3348.49000,0.0000,0.0000,36.0,0.36,0.08,"Hoko GOLD",00:00:26:02,,,,,,,,,,,,
,08/11/2025 17:01,08/11/2025 18:30,EURUSD,Sell,0.010,0.00000,0.00000,1.16141,1.16046,0.0000,0.0000,9.5,0.95,0.20,"",00:01:29:31,,,,,,,,,,,,
,08/11/2025 17:38,08/11/2025 17:55,XAUUSD,Sell,0.010,0.00000,0.00000,3345.17000,3347.25000,0.0000,0.0000,-208.0,-2.08,-0.43,"Hoko GOLD",00:00:16:28,,,,,,,,,,,,
,08/08/2025 22:22,08/11/2025 16:36,EURUSD,Sell,0.010,0.00000,0.00000,1.16470,1.16206,0.0000,0.0500,26.4,2.69,0.56,"",02:18:13:53,10.7,7h 5m,25.2,0.90,27.9,2.79,-25.1,-2.5100000000000002,52.6,97.2,-1.50,-0.15
,08/08/2025 15:17,08/11/2025 14:38,EURUSD,Sell,0.010,0.00000,1.16312,1.16426,1.16312,0.0000,0.0500,11.4,1.19,0.25,"[tp 1.16312]",02:23:20:34,76.1,2d 6h ,31.5,2.06,14.3,1.4300000000000002,-29.5,-2.95,32.6,93.4,-2.90,-0.29
,08/11/2025 13:30,08/11/2025 14:30,XAUUSD,Sell,0.010,0.00000,0.00000,3360.90000,3352.02000,0.0000,0.0000,888.0,8.88,1.90,"Hoko GOLD",00:01:00:01,,,,,,,,,,,,
,08/08/2025 17:45,08/08/2025 17:55,XAUUSD,Buy,0.010,0.00000,0.00000,3386.87000,3389.15000,0.0000,0.0000,228.0,2.28,0.49,"Hoko GOLD",00:00:10:00,,,,,,,,,,,,
,08/08/2025 16:23,,,Withdrawal,0.000,0.00000,0.00000,0.00000,0.00000,0.0000,0.0000,0.0,-300.00,0,"Transfer Out to 15545259",00:00:00:00,,,,,,,,,,,,
,08/07/2025 19:34,08/07/2025 22:09,GBPUSD,Sell,0.010,0.00000,0.00000,1.34285,1.34092,0.0000,0.0000,19.3,1.93,0.25,"",00:02:34:53,,,,,,,,,,,,
,08/05/2025 21:14,08/07/2025 17:29,USDCHF,Buy,0.010,0.00000,0.00000,0.80768,0.80801,0.0000,0.3200,3.3,0.73,0.10,"",01:20:15:34,18.2,8h 3m,42.9,2.64,11.8,1.416,-31.1,-3.732,27.5,80.2,-8.50,-1.02
,08/07/2025 16:45,08/07/2025 17:05,XAUUSD,Sell,0.010,0.00000,0.00000,3390.45000,3387.26000,0.0000,0.0000,319.0,3.19,0.42,"Hoko GOLD",00:00:20:35,,,,,,,,,,,,
,08/05/2025 19:43,08/07/2025 14:40,USDCHF,Buy,0.010,0.00000,0.80836,0.80717,0.80836,0.0000,0.3200,11.9,1.79,0.24,"[tp 0.80836]",01:18:57:13,34.9,14h 59m,42.9,1.54,16.9,2.0279999999999996,-26.0,-3.12,39.4,88.3,-5.00,-0.60
,08/06/2025 20:23,08/07/2025 14:39,USDCHF,Buy,0.010,0.00000,0.80820,0.80723,0.80819,0.0000,0.2400,9.6,1.43,0.19,"[tp 0.80820]",00:18:15:18,11.2,2h 2m,26.6,1.76,15.1,1.8119999999999998,-26.6,-3.192,36.2,86.8,-5.50,-0.66
,08/07/2025 11:05,08/07/2025 12:00,XAUUSD,Sell,0.010,0.00000,0.00000,3387.42000,3378.24000,0.0000,0.0000,918.0,9.18,1.23,"Hoko GOLD",00:00:54:09,,,,,,,,,,,,
,08/05/2025 16:26,08/05/2025 18:02,USDCHF,Sell,0.010,0.00000,0.00000,0.80877,0.80745,0.0000,0.0000,13.2,1.63,0.22,"",00:01:36:29,,,,,,,,,,,,
,08/05/2025 14:33,08/05/2025 15:26,XAUUSD,Sell,0.010,0.00000,0.00000,3351.26000,3360.13000,0.0000,0.0000,-887.0,-8.87,-1.18,"Hoko GOLD",00:00:52:50,,,,,,,,,,,,
,08/05/2025 11:00,08/05/2025 11:22,XAUUSD,Sell,0.010,0.00000,0.00000,3373.53000,3374.58000,0.0000,0.0000,-105.0,-1.05,-0.14,"Hoko GOLD",00:00:22:43,,,,,,,,,,,,
,08/04/2025 17:24,08/04/2025 23:11,USDCHF,Sell,0.010,0.00000,0.00000,0.80704,0.80840,0.0000,0.0000,-13.6,-1.68,-0.22,"",00:05:47:00,,,,,,,,,,,,
,08/04/2025 15:35,08/04/2025 23:11,USDCHF,Sell,0.010,0.00000,0.00000,0.80654,0.80840,0.0000,0.0000,-18.6,-2.30,-0.30,"",00:07:36:34,,,,,,,,,,,,
,08/04/2025 17:12,08/04/2025 17:55,XAUUSD,Sell,0.010,0.00000,0.00000,3377.33000,3372.45000,0.0000,0.0000,488.0,4.88,0.65,"Hoko GOLD",00:00:42:21,,,,,,,,,,,,
,08/04/2025 16:47,08/04/2025 17:04,XAUUSD,Buy,0.010,0.00000,0.00000,3382.16000,3380.88000,0.0000,0.0000,-128.0,-1.28,-0.17,"Hoko GOLD",00:00:16:08,,,,,,,,,,,,
,08/04/2025 16:00,08/04/2025 17:00,XAUUSD,Buy,0.010,0.00000,0.00000,3368.71000,3383.41000,0.0000,0.0000,1470.0,14.70,1.99,"Hoko GOLD",00:00:59:23,,,,,,,,,,,,
,08/04/2025 15:42,08/04/2025 16:30,XAUUSD,Buy,0.010,0.00000,0.00000,3363.36000,3375.13000,0.0000,0.0000,1177.0,11.77,1.62,"Hoko GOLD",00:00:47:20,,,,,,,,,,,,
,08/04/2025 14:39,08/04/2025 15:00,XAUUSD,Sell,0.010,0.00000,0.00000,3366.15000,3370.75000,0.0000,0.0000,-460.0,-4.60,-0.63,"Hoko GOLD",00:00:20:30,,,,,,,,,,,,
,08/04/2025 11:15,08/04/2025 13:45,XAUUSD,Sell,0.010,0.00000,0.00000,3356.25000,3358.29000,0.0000,0.0000,-204.0,-2.04,-0.28,"Hoko GOLD",00:02:30:01,,,,,,,,,,,,
,08/04/2025 10:15,08/04/2025 10:35,XAUUSD,Sell,0.010,0.00000,0.00000,3361.13000,3356.31000,0.0000,0.0000,482.0,4.82,0.66,"Hoko GOLD",00:00:19:59,,,,,,,,,,,,
,08/01/2025 17:01,08/01/2025 19:41,USDCHF,Buy,0.010,0.00000,0.00000,0.80352,0.80700,0.0000,0.0000,34.8,4.31,0.59,"",00:02:39:46,,,,,,,,,,,,
,08/01/2025 16:46,08/01/2025 18:26,USDCHF,Buy,0.010,0.00000,0.80703,0.80510,0.80706,0.0000,0.0000,19.6,2.43,0.34,"[tp 0.80703]",00:01:39:54,,,,,,,,,,,,
,08/01/2025 16:15,08/01/2025 16:45,XAUUSD,Sell,0.010,0.00000,0.00000,3350.84000,3349.91000,0.0000,0.0000,93.0,0.93,0.13,"Hoko GOLD",00:00:30:16,,,,,,,,,,,,
,08/01/2025 15:33,08/01/2025 16:05,XAUUSD,Buy,0.010,0.00000,0.00000,3323.30000,3344.57000,0.0000,0.0000,2127.0,21.27,3.03,"Hoko GOLD",00:00:32:33,,,,,,,,,,,,
,07/30/2025 22:08,08/01/2025 16:05,USDCHF,Sell,0.010,0.00000,0.00000,0.81314,0.80590,0.0000,-0.6900,72.4,8.29,1.20,"",01:17:57:11,54.6,22h 54m,43.1,0.42,72.4,8.688,-30.4,-3.6479999999999997,70.4,100.0,0.00,0.00
,08/01/2025 15:30,08/01/2025 16:00,XAUUSD,Buy,0.010,0.00000,0.00000,3310.53000,3341.09000,0.0000,0.0000,3056.0,30.56,4.61,"Hoko GOLD",00:00:29:44,,,,,,,,,,,,
,07/30/2025 21:45,08/01/2025 15:31,USDCHF,Sell,0.010,0.00000,0.81081,0.81135,0.81078,0.0000,-0.6900,5.7,0.01,0.00,"[tp 0.81081]",01:17:46:39,18.2,7h 36m,48.3,1.05,45.8,5.4959999999999996,-48.3,-5.795999999999999,48.7,57.4,-40.10,-4.81
,08/01/2025 11:00,08/01/2025 12:34,XAUUSD,Buy,0.010,0.00000,0.00000,3286.80000,3292.87000,0.0000,0.0000,607.0,6.07,0.93,"Hoko GOLD",00:01:34:20,,,,,,,,,,,,
,07/31/2025 17:16,07/31/2025 17:33,USDCHF,Sell,0.010,0.00000,0.00000,0.81325,0.81301,0.0000,0.0000,2.4,0.30,0.05,"",00:00:16:42,,,,,,,,,,,,
,07/31/2025 15:15,07/31/2025 17:17,XAUUSD,Sell,0.010,0.00000,0.00000,3307.39000,3303.22000,0.0000,0.0000,417.0,4.17,0.64,"Hoko GOLD",00:02:02:02,,,,,,,,,,,,
,07/31/2025 10:30,07/31/2025 11:30,XAUUSD,Sell,0.010,0.00000,0.00000,3300.95000,3311.08000,0.0000,0.0000,-1013.0,-10.13,-1.53,"Hoko GOLD",00:00:59:59,,,,,,,,,,,,
,07/30/2025 22:01,07/31/2025 09:17,USDCHF,Sell,0.010,0.00000,0.81205,0.81311,0.81205,0.0000,-0.5200,10.6,0.79,0.12,"[tp 0.81205]",00:11:16:32,,,,,,,,,,,,
,07/30/2025 22:01,07/31/2025 08:13,USDCHF,Sell,0.010,0.00000,0.81251,0.81297,0.81251,0.0000,-0.5200,4.6,0.05,0.01,"[tp 0.81251]",00:10:12:15,,,,,,,,,,,,
,07/30/2025 16:21,07/30/2025 21:10,USDCHF,Sell,0.010,0.00000,0.00000,0.81145,0.80940,0.0000,0.0000,20.5,2.53,0.38,"",00:04:49:28,,,,,,,,,,,,
,07/30/2025 16:26,07/30/2025 21:00,USDCHF,Sell,0.010,0.00000,0.80953,0.81139,0.80958,0.0000,0.0000,18.1,2.24,0.34,"[tp 0.80953]",00:04:34:06,,,,,,,,,,,,
,07/30/2025 16:21,07/30/2025 19:25,USDCHF,Sell,0.010,0.00000,0.00000,0.81150,0.81113,0.0000,0.0000,3.7,0.46,0.07,"",00:03:04:10,,,,,,,,,,,,
,07/30/2025 16:30,07/30/2025 17:24,XAUUSD,Buy,0.010,0.00000,0.00000,3305.33000,3304.13000,0.0000,0.0000,-120.0,-1.20,-0.18,"Hoko GOLD",00:00:54:18,,,,,,,,,,,,
,07/30/2025 16:28,07/30/2025 16:50,XAUUSD,Sell,0.010,0.00000,0.00000,3306.44000,3303.50000,0.0000,0.0000,294.0,2.94,0.45,"Hoko GOLD",00:00:22:53,,,,,,,,,,,,
,07/30/2025 15:30,07/30/2025 16:06,XAUUSD,Sell,0.010,0.00000,0.00000,3328.52000,3315.91000,0.0000,0.0000,1261.0,12.61,1.97,"Hoko GOLD",00:00:36:05,,,,,,,,,,,,
,07/30/2025 11:15,07/30/2025 11:50,XAUUSD,Sell,0.010,0.00000,0.00000,3331.01000,3332.60000,0.0000,0.0000,-159.0,-1.59,-0.25,"Hoko GOLD",00:00:35:13,,,,,,,,,,,,
,07/29/2025 15:45,07/29/2025 16:19,XAUUSD,Sell,0.010,0.00000,0.00000,3321.60000,3323.38000,0.0000,0.0000,-178.0,-1.78,-0.28,"Hoko GOLD",00:00:34:02,,,,,,,,,,,,
,07/29/2025 10:45,07/29/2025 11:39,XAUUSD,Buy,0.010,0.00000,0.00000,3317.11000,3325.14000,0.0000,0.0000,803.0,8.03,1.26,"Hoko GOLD",00:00:54:04,,,,,,,,,,,,
,07/21/2025 21:48,07/28/2025 17:11,USDCHF,Buy,0.010,0.00000,0.00000,0.79831,0.80171,0.0000,0.5600,34.0,4.80,0.76,"",06:19:22:31,9.8,16h 0m,65.0,1.54,42.3,5.076,-65.0,-7.8,39.4,92.3,-8.30,-1.00
,07/21/2025 21:48,07/28/2025 17:05,USDCHF,Buy,0.010,0.00000,0.00000,0.79831,0.80233,0.0000,0.5600,40.2,5.57,0.89,"",06:19:17:05,9.8,16h 0m,65.0,1.54,42.3,5.076,-65.0,-7.8,39.4,98.0,-2.10,-0.25
,07/28/2025 16:53,07/28/2025 17:00,XAUUSD,Sell,0.010,0.00000,0.00000,3311.85000,3304.69000,0.0000,0.0000,716.0,7.16,1.16,"Hoko GOLD",00:00:07:05,,,,,,,,,,,,
,07/21/2025 20:18,07/28/2025 15:58,USDCHF,Buy,0.010,0.00000,0.00000,0.79813,0.80072,0.0000,0.5600,25.9,3.79,0.62,"",06:19:40:19,12.2,19h 58m,65.0,1.43,44.1,5.292,-63.2,-7.584,41.1,83.0,-18.20,-2.18
,07/28/2025 11:45,07/28/2025 14:15,XAUUSD,Sell,0.010,0.00000,0.00000,3333.88000,3336.38000,0.0000,0.0000,-250.0,-2.50,-0.40,"Hoko GOLD",00:02:30:00,,,,,,,,,,,,
,07/24/2025 12:13,07/24/2025 13:00,XAUUSD,Sell,0.010,0.00000,0.00000,3366.61000,3363.83000,0.0000,0.0000,278.0,2.78,0.45,"Hoko GOLD",00:00:46:01,,,,,,,,,,,,
,07/23/2025 16:34,07/23/2025 17:00,XAUUSD,Sell,0.010,0.00000,0.00000,3405.63000,3415.06000,0.0000,0.0000,-943.0,-9.43,-1.51,"Hoko GOLD",00:00:26:21,,,,,,,,,,,,
,07/23/2025 12:30,07/23/2025 14:26,XAUUSD,Sell,0.010,0.00000,0.00000,3431.77000,3424.25000,0.0000,0.0000,752.0,7.52,1.22,"Hoko GOLD",00:01:56:32,,,,,,,,,,,,
,07/23/2025 10:45,07/23/2025 11:02,XAUUSD,Sell,0.010,0.00000,0.00000,3423.21000,3422.55000,0.0000,0.0000,66.0,0.66,0.11,"Hoko GOLD",00:00:17:08,,,,,,,,,,,,
,07/22/2025 17:00,07/22/2025 17:55,XAUUSD,Sell,0.010,0.00000,0.00000,3407.61000,3427.25000,0.0000,0.0000,-1964.0,-19.64,-3.09,"Hoko GOLD",00:00:54:34,,,,,,,,,,,,
,07/22/2025 16:27,07/22/2025 17:00,XAUUSD,Buy,0.010,0.00000,0.00000,3415.32000,3406.31000,0.0000,0.0000,-901.0,-9.01,-1.40,"Hoko GOLD",00:00:33:05,,,,,,,,,,,,
,07/18/2025 16:21,07/21/2025 19:20,USDCHF,Sell,0.010,0.00000,0.00000,0.79953,0.79772,0.0000,-0.1700,18.1,2.10,0.33,"",03:02:59:15,21.1,15h 49m,22.1,1.00,22.1,2.873,-22.1,-2.873,50.0,91.0,-4.00,-0.52
,07/18/2025 16:20,07/21/2025 19:20,USDCHF,Sell,0.010,0.00000,0.00000,0.79953,0.79772,0.0000,-0.1700,18.1,2.10,0.33,"",03:02:59:27,21.1,15h 49m,22.1,1.00,22.1,2.873,-22.1,-2.873,50.0,91.0,-4.00,-0.52
,07/21/2025 15:26,07/21/2025 16:00,XAUUSD,Buy,0.010,0.00000,0.00000,3383.08000,3385.44000,0.0000,0.0000,236.0,2.36,0.37,"Hoko GOLD",00:00:33:58,,,,,,,,,,,,
,07/18/2025 15:38,07/18/2025 16:30,XAUUSD,Sell,0.010,0.00000,0.00000,3357.68000,3358.45000,0.0000,0.0000,-77.0,-0.77,-0.12,"Hoko GOLD",00:00:51:23,,,,,,,,,,,,
,07/18/2025 13:03,07/18/2025 14:00,XAUUSD,Sell,0.010,0.00000,0.00000,3350.17000,3351.50000,0.0000,0.0000,-133.0,-1.33,-0.21,"Hoko GOLD",00:00:56:57,,,,,,,,,,,,
,07/18/2025 11:18,07/18/2025 12:00,XAUUSD,Sell,0.010,0.00000,0.00000,3346.51000,3347.69000,0.0000,0.0000,-118.0,-1.18,-0.18,"Hoko GOLD",00:00:41:50,,,,,,,,,,,,
,07/18/2025 10:00,07/18/2025 10:15,XAUUSD,Sell,0.010,0.00000,0.00000,3342.04000,3344.04000,0.0000,0.0000,-200.0,-2.00,-0.31,"Hoko GOLD",00:00:14:59,,,,,,,,,,,,
,07/17/2025 15:51,07/17/2025 16:20,XAUUSD,Sell,0.010,0.00000,0.00000,3310.38000,3319.27000,0.0000,0.0000,-889.0,-8.89,-1.36,"Hoko GOLD",00:00:28:53,,,,,,,,,,,,
,07/16/2025 18:35,07/16/2025 20:04,USDCHF,Buy,0.010,0.00000,0.00000,0.79692,0.80022,0.0000,0.0000,33.0,4.12,0.64,"",00:01:29:32,,,,,,,,,,,,
,07/16/2025 15:37,07/16/2025 18:35,USDCHF,Sell,0.010,0.00000,0.00000,0.80261,0.79679,0.0000,0.0000,58.2,7.30,1.14,"",00:02:57:58,,,,,,,,,,,,
,07/16/2025 15:36,07/16/2025 18:35,USDCHF,Sell,0.010,0.00000,0.00000,0.80267,0.79673,0.0000,0.0000,59.4,7.46,1.18,"",00:02:58:12,,,,,,,,,,,,
,07/14/2025 20:45,07/15/2025 20:36,USDCHF,Buy,0.010,0.00000,0.00000,0.79809,0.80217,0.0000,0.0800,40.8,5.17,0.82,"",00:23:51:31,50.0,11h 55m,22.2,0.54,40.8,4.896,-22.2,-2.6639999999999997,64.8,100.0,0.00,0.00
,07/14/2025 21:28,07/15/2025 18:54,EURUSD,Sell,0.010,0.00000,0.00000,1.16652,1.16140,0.0000,0.0500,51.2,5.17,0.83,"",00:21:26:03,40.0,8h 34m,24.3,0.47,51.2,5.120000000000001,-24.3,-2.43,67.8,100.0,0.00,0.00
,07/15/2025 11:30,07/15/2025 17:55,XAUUSD,Buy,0.010,0.00000,0.00000,3358.01000,3346.78000,0.0000,0.0000,-1123.0,-11.23,-1.77,"Hoko GOLD",00:06:25:01,,,,,,,,,,,,
,07/14/2025 20:44,07/15/2025 17:03,USDCHF,Buy,0.010,0.00000,0.00000,0.79809,0.80004,0.0000,0.0800,19.5,2.52,0.40,"",00:20:18:14,40.0,8h 7m,22.2,1.00,22.1,2.873,-22.2,-2.886,49.9,94.1,-2.60,-0.34
,07/14/2025 21:28,07/15/2025 16:44,GBPUSD,Sell,0.010,0.00000,0.00000,1.34280,1.34108,0.0000,0.0000,17.2,1.72,0.27,"",00:19:15:52,40.0,7h 42m,25.0,0.77,32.5,3.25,-25.0,-2.5,56.5,73.4,-15.30,-1.53
,07/14/2025 17:59,07/15/2025 16:36,USDCHF,Buy,0.010,0.00000,0.00000,0.79685,0.79811,0.0000,0.0800,12.6,1.66,0.26,"",00:22:37:08,50.0,11h 18m,22.5,0.28,34.5,4.485,-9.8,-1.2740000000000002,77.9,50.6,-21.90,-2.85
,07/15/2025 10:00,07/15/2025 11:00,XAUUSD,Buy,0.010,0.00000,0.00000,3358.53000,3363.89000,0.0000,0.0000,536.0,5.36,0.86,"Hoko GOLD",00:01:00:00,,,,,,,,,,,,
,07/03/2025 15:41,07/14/2025 20:45,USDCHF,Buy,0.010,0.00000,0.00000,0.79663,0.79790,0.0000,0.7100,12.7,2.30,0.37,"",11:05:03:13,29.9,3d 8h ,55.1,2.87,14.4,1.872,-41.3,-5.369,25.9,96.9,-1.70,-0.22
,07/14/2025 10:30,07/14/2025 12:21,XAUUSD,Sell,0.010,0.00000,0.00000,3374.60000,3368.79000,0.0000,0.0000,581.0,5.81,0.94,"Hoko GOLD",00:01:51:44,,,,,,,,,,,,
,07/14/2025 10:30,07/14/2025 11:00,XAUUSD,Sell,0.010,0.00000,0.00000,3373.96000,3372.00000,0.0000,0.0000,196.0,1.96,0.32,"Hoko GOLD",00:00:29:32,,,,,,,,,,,,
,07/11/2025 16:25,07/11/2025 17:00,XAUUSD,Sell,0.010,0.00000,0.00000,3350.40000,3352.43000,0.0000,0.0000,-203.0,-2.03,-0.33,"Hoko GOLD",00:00:34:37,,,,,,,,,,,,
,07/11/2025 15:35,07/11/2025 16:21,XAUUSD,Buy,0.010,0.00000,0.00000,3352.11000,3353.21000,0.0000,0.0000,110.0,1.10,0.18,"Hoko GOLD",00:00:46:25,,,,,,,,,,,,
,07/11/2025 14:08,07/11/2025 15:00,XAUUSD,Sell,0.010,0.00000,0.00000,3343.96000,3347.72000,0.0000,0.0000,-376.0,-3.76,-0.61,"Hoko GOLD",00:00:51:01,,,,,,,,,,,,
,07/11/2025 12:45,07/11/2025 13:30,XAUUSD,Sell,0.010,0.00000,0.00000,3335.72000,3345.99000,0.0000,0.0000,-1027.0,-10.27,-1.63,"Hoko GOLD",00:00:45:00,,,,,,,,,,,,
,07/11/2025 10:45,07/11/2025 12:17,XAUUSD,Sell,0.010,0.00000,0.00000,3338.29000,3335.65000,0.0000,0.0000,264.0,2.64,0.42,"Hoko GOLD",00:01:32:40,,,,,,,,,,,,
,07/10/2025 16:15,07/10/2025 16:37,XAUUSD,Sell,0.010,0.00000,0.00000,3327.12000,3326.82000,0.0000,0.0000,30.0,0.30,0.05,"Hoko GOLD",00:00:22:52,,,,,,,,,,,,
,07/10/2025 12:15,07/10/2025 13:30,XAUUSD,Sell,0.010,0.00000,0.00000,3328.08000,3326.51000,0.0000,0.0000,157.0,1.57,0.25,"Hoko GOLD",00:01:15:46,,,,,,,,,,,,
,07/09/2025 15:00,07/09/2025 15:21,XAUUSD,Buy,0.010,0.00000,0.00000,3285.31000,3289.21000,0.0000,0.0000,390.0,3.90,0.63,"Hoko GOLD",00:00:21:40,,,,,,,,,,,,
,07/08/2025 20:10,07/08/2025 22:25,BVSPX.,Sell,0.060,0.00000,0.00000,133972.64000,133928.64000,0.0000,0.0000,44.0,0.48,0.08,"Hoko GOLD",00:02:15:05,,,,,,,,,,,,
,07/08/2025 16:40,07/08/2025 19:59,BVSPX.,Sell,0.060,0.00000,0.00000,134082.64000,134083.64000,0.0000,0.0000,-1.0,-0.01,0.00,"Hoko GOLD",00:03:19:10,,,,,,,,,,,,
,07/08/2025 17:24,07/08/2025 17:55,XAUUSD,Sell,0.010,0.00000,0.00000,3301.54000,3295.30000,0.0000,0.0000,624.0,6.24,1.02,"Hoko GOLD",00:00:30:55,,,,,,,,,,,,
,07/04/2025 17:45,07/04/2025 22:25,BVSPX.,Buy,0.060,0.00000,0.00000,136408.64000,136692.64000,0.0000,0.0000,284.0,3.12,0.51,"Hoko GOLD",00:04:40:01,,,,,,,,,,,,
,07/04/2025 15:30,07/04/2025 17:38,BVSPX.,Buy,0.060,0.00000,0.00000,135813.64000,136462.64000,0.0000,0.0000,649.0,7.14,1.18,"Hoko GOLD",00:02:08:17,,,,,,,,,,,,
,07/04/2025 14:30,07/04/2025 15:09,XAUUSD,Sell,0.010,0.00000,0.00000,3337.26000,3336.82000,0.0000,0.0000,44.0,0.44,0.07,"Hoko GOLD",00:00:39:25,,,,,,,,,,,,
,07/04/2025 10:30,07/04/2025 11:30,XAUUSD,Buy,0.010,0.00000,0.00000,3337.58000,3342.90000,0.0000,0.0000,532.0,5.32,0.89,"Hoko GOLD",00:00:59:59,,,,,,,,,,,,
,07/03/2025 16:15,07/03/2025 16:46,XAUUSD,Buy,0.010,0.00000,0.00000,3328.03000,3335.07000,0.0000,0.0000,704.0,7.04,1.19,"Hoko GOLD",00:00:31:04,,,,,,,,,,,,
,07/03/2025 15:38,07/03/2025 16:23,XAUUSD,Sell,0.010,0.00000,0.00000,3323.24000,3332.28000,0.0000,0.0000,-904.0,-9.04,-1.51,"Hoko GOLD",00:00:45:19,,,,,,,,,,,,
,07/03/2025 16:05,07/03/2025 16:05,BVSPX.,Buy,0.060,0.00000,0.00000,134808.64000,134542.64000,0.0000,0.0000,-266.0,-2.91,-0.48,"Hoko GOLD",00:00:00:53,,,,,,,,,,,,
,07/02/2025 20:20,07/02/2025 21:31,BVSPX.,Buy,0.060,0.00000,0.00000,134593.64000,134267.64000,0.0000,0.0000,-326.0,-3.58,-0.59,"Hoko GOLD",00:01:11:00,,,,,,,,,,,,
,07/02/2025 10:00,07/02/2025 10:15,XAUUSD,Buy,0.010,0.00000,0.00000,3333.28000,3331.86000,0.0000,0.0000,-142.0,-1.42,-0.23,"Hoko GOLD",00:00:15:00,,,,,,,,,,,,
,07/01/2025 15:30,07/01/2025 15:34,BVSPX.,Buy,0.060,0.00000,0.00000,134883.64000,134522.64000,0.0000,0.0000,-361.0,-3.96,-0.65,"Hoko GOLD",00:00:04:46,,,,,,,,,,,,
,07/01/2025 15:30,07/01/2025 15:34,BVSPX.,Buy,0.060,0.00000,0.00000,134883.64000,134567.64000,0.0000,0.0000,-316.0,-3.46,-0.56,"Hoko GOLD",00:00:04:40,,,,,,,,,,,,
,07/01/2025 14:34,07/01/2025 15:30,XAUUSD,Sell,0.010,0.00000,0.00000,3349.66000,3352.36000,0.0000,0.0000,-270.0,-2.70,-0.44,"Hoko GOLD",00:00:55:01,,,,,,,,,,,,
,07/01/2025 13:02,07/01/2025 14:00,XAUUSD,Sell,0.010,0.00000,0.00000,3344.94000,3348.85000,0.0000,0.0000,-391.0,-3.91,-0.63,"Hoko GOLD",00:00:57:04,,,,,,,,,,,,
,07/01/2025 10:38,07/01/2025 11:30,XAUUSD,Sell,0.010,0.00000,0.00000,3334.43000,3340.08000,0.0000,0.0000,-565.0,-5.65,-0.90,"Hoko GOLD",00:00:51:34,,,,,,,,,,,,
,06/30/2025 18:06,06/30/2025 18:19,BVSPX.,Buy,0.060,0.00000,0.00000,133573.64000,133352.64000,0.0000,0.0000,-221.0,-2.41,-0.38,"Hoko GOLD",00:00:13:16,,,,,,,,,,,,
,06/30/2025 16:40,06/30/2025 18:05,BVSPX.,Buy,0.060,0.00000,0.00000,132743.64000,133547.64000,0.0000,0.0000,804.0,8.77,1.41,"Hoko GOLD",00:01:25:53,,,,,,,,,,,,
,06/30/2025 17:13,06/30/2025 18:05,BVSPX.,Buy,0.060,0.00000,0.00000,133148.64000,133557.64000,0.0000,0.0000,409.0,4.46,0.72,"Hoko GOLD",00:00:52:49,,,,,,,,,,,,
,06/30/2025 16:15,06/30/2025 17:15,XAUUSD,Sell,0.010,0.00000,0.00000,3280.22000,3282.60000,0.0000,0.0000,-238.0,-2.38,-0.38,"Hoko GOLD",00:01:00:01,,,,,,,,,,,,
,06/30/2025 17:00,06/30/2025 17:12,BVSPX.,Buy,0.060,0.00000,0.00000,133328.64000,133137.64000,0.0000,0.0000,-191.0,-2.08,-0.34,"Hoko GOLD",00:00:12:12,,,,,,,,,,,,
,06/27/2025 18:54,06/27/2025 20:02,BVSPX.,Buy,0.060,0.00000,0.00000,132548.64000,132282.64000,0.0000,0.0000,-266.0,-2.90,-0.47,"Hoko GOLD",00:01:08:39,,,,,,,,,,,,
,06/27/2025 19:05,06/27/2025 20:01,BVSPX.,Buy,0.060,0.00000,0.00000,132618.64000,132322.64000,0.0000,0.0000,-296.0,-3.22,-0.51,"Hoko GOLD",00:00:56:49,,,,,,,,,,,,
,06/27/2025 16:01,06/27/2025 16:31,XAUUSD,Sell,0.010,0.00000,0.00000,3266.32000,3258.89000,0.0000,0.0000,743.0,7.43,1.20,"Hoko GOLD",00:00:29:41,,,,,,,,,,,,
,06/27/2025 14:51,06/27/2025 16:31,XAUUSD,Sell,0.010,0.00000,0.00000,3277.94000,3258.57000,0.0000,0.0000,1937.0,19.37,3.23,"Hoko GOLD",00:01:39:47,,,,,,,,,,,,
,06/27/2025 13:00,06/27/2025 14:00,XAUUSD,Sell,0.010,0.00000,0.00000,3282.81000,3286.02000,0.0000,0.0000,-321.0,-3.21,-0.53,"Hoko GOLD",00:01:00:01,,,,,,,,,,,,
,06/27/2025 10:00,06/27/2025 11:00,XAUUSD,Sell,0.010,0.00000,0.00000,3295.32000,3285.37000,0.0000,0.0000,995.0,9.95,1.68,"Hoko GOLD",00:01:00:00,,,,,,,,,,,,
,06/26/2025 19:20,06/26/2025 21:33,BVSPX.,Buy,0.060,0.00000,0.00000,132748.64000,132460.97333,0.0000,0.0000,-287.7,-3.11,-0.52,"Hoko GOLD",00:02:13:01,,,,,,,,,,,,
,06/26/2025 17:32,06/26/2025 18:26,BVSPX.,Buy,0.060,0.00000,0.00000,132333.64000,132552.64000,0.0000,0.0000,219.0,2.36,0.40,"Hoko GOLD",00:00:54:34,,,,,,,,,,,,
,06/26/2025 17:09,06/26/2025 17:24,BVSPX.,Buy,0.060,0.00000,0.00000,132363.64000,132182.64000,0.0000,0.0000,-181.0,-1.95,-0.33,"Hoko GOLD",00:00:15:16,,,,,,,,,,,,
,06/26/2025 16:30,06/26/2025 17:02,BVSPX.,Buy,0.060,0.00000,0.00000,132168.64000,131917.64000,0.0000,0.0000,-251.0,-2.71,-0.45,"Hoko GOLD",00:00:32:56,,,,,,,,,,,,
,06/26/2025 14:00,06/26/2025 15:03,XAUUSD,Sell,0.010,0.00000,0.00000,3343.24000,3335.26000,0.0000,0.0000,798.0,7.98,1.35,"Hoko GOLD",00:01:03:28,,,,,,,,,,,,
,06/26/2025 12:01,06/26/2025 13:00,XAUUSD,Sell,0.010,0.00000,0.00000,3347.46000,3340.77000,0.0000,0.0000,669.0,6.69,1.15,"Hoko GOLD",00:00:58:55,,,,,,,,,,,,
,06/26/2025 10:00,06/26/2025 12:30,XAUUSD,Sell,0.010,0.00000,0.00000,3340.02000,3340.72000,0.0000,0.0000,-70.0,-0.70,-0.12,"Hoko GOLD",00:02:29:59,,,,,,,,,,,,
,06/25/2025 10:30,06/25/2025 11:30,XAUUSD,Sell,0.010,0.00000,0.00000,3334.27000,3329.80000,0.0000,0.0000,447.0,4.47,0.77,"Hoko GOLD",00:01:00:01,,,,,,,,,,,,
,06/25/2025 11:00,06/25/2025 11:27,XAUUSD,Sell,0.010,0.00000,0.00000,3330.64000,3329.98000,0.0000,0.0000,66.0,0.66,0.11,"Hoko GOLD",00:00:27:41,,,,,,,,,,,,
,06/24/2025 16:40,06/24/2025 17:15,XAUUSD,Sell,0.010,0.00000,0.00000,3299.80000,3308.84000,0.0000,0.0000,-904.0,-9.04,-1.54,"Hoko GOLD",00:00:34:59,,,,,,,,,,,,
,06/24/2025 16:00,06/24/2025 16:30,XAUUSD,Sell,0.010,0.00000,0.00000,3314.81000,3311.19000,0.0000,0.0000,362.0,3.62,0.62,"Hoko GOLD",00:00:30:00,,,,,,,,,,,,
,06/24/2025 13:00,06/24/2025 14:00,XAUUSD,Sell,0.010,0.00000,0.00000,3319.22000,3325.71000,0.0000,0.0000,-649.0,-6.49,-1.10,"Hoko GOLD",00:01:00:00,,,,,,,,,,,,
,06/23/2025 17:30,06/23/2025 17:55,XAUUSD,Buy,0.010,0.00000,0.00000,3378.85000,3384.98000,0.0000,0.0000,613.0,6.13,1.05,"Hoko GOLD",00:00:24:59,,,,,,,,,,,,
,06/23/2025 16:00,06/23/2025 16:43,XAUUSD,Buy,0.010,0.00000,0.00000,3360.28000,3380.05000,0.0000,0.0000,1977.0,19.77,3.50,"Hoko GOLD",00:00:43:22,,,,,,,,,,,,
,06/20/2025 15:30,06/20/2025 16:50,XAUUSD,Buy,0.010,0.00000,0.00000,3348.54000,3367.77000,0.0000,0.0000,1923.0,19.23,3.52,"Hoko GOLD",00:01:20:10,,,,,,,,,,,,
,06/18/2025 21:00,06/18/2025 21:13,BVSPX.,Buy,0.060,0.00000,0.00000,134931.14000,134657.64000,0.0000,0.0000,-273.5,-2.96,-0.54,"Hoko GOLD",00:00:13:05,,,,,,,,,,,,
,06/18/2025 16:45,06/18/2025 17:30,XAUUSD,Sell,0.010,0.00000,0.00000,3392.72000,3385.52000,0.0000,0.0000,720.0,7.20,1.33,"Hoko GOLD",00:00:45:16,,,,,,,,,,,,
,06/18/2025 15:00,06/18/2025 15:45,XAUUSD,Sell,0.010,0.00000,0.00000,3382.05000,3389.23000,0.0000,0.0000,-718.0,-7.18,-1.31,"Hoko GOLD",00:00:45:00,,,,,,,,,,,,
,06/18/2025 11:30,06/18/2025 13:33,XAUUSD,Sell,0.010,0.00000,0.00000,3387.12000,3379.27000,0.0000,0.0000,785.0,7.85,1.45,"Hoko GOLD",00:02:03:45,,,,,,,,,,,,
,06/17/2025 17:45,06/17/2025 17:55,XAUUSD,Buy,0.010,0.00000,0.00000,3375.94000,3384.27000,0.0000,0.0000,833.0,8.33,1.56,"Hoko GOLD",00:00:10:00,,,,,,,,,,,,
,06/17/2025 16:35,06/17/2025 17:08,BVSPX.,Buy,0.060,0.00000,0.00000,135278.64000,134982.64000,0.0000,0.0000,-296.0,-3.22,-0.60,"Hoko GOLD",00:00:33:41,,,,,,,,,,,,
,06/17/2025 15:45,06/17/2025 16:45,XAUUSD,Buy,0.010,0.00000,0.00000,3385.92000,3392.98000,0.0000,0.0000,706.0,7.06,1.33,"Hoko GOLD",00:01:00:37,,,,,,,,,,,,
,06/17/2025 11:30,06/17/2025 14:00,XAUUSD,Buy,0.010,0.00000,0.00000,3386.21000,3398.53000,0.0000,0.0000,1232.0,12.32,2.38,"Hoko GOLD",00:02:30:01,,,,,,,,,,,,
,06/16/2025 16:55,06/16/2025 17:00,XAUUSD,Sell,0.010,0.00000,0.00000,3389.46000,3390.23000,0.0000,0.0000,-77.0,-0.77,-0.15,"Hoko GOLD",00:00:05:16,,,,,,,,,,,,
,06/16/2025 16:32,06/16/2025 16:52,BVSPX.,Buy,0.060,0.00000,0.00000,134913.64000,135741.80667,0.0000,0.0000,828.2,8.96,1.76,"Hoko GOLD",00:00:20:43,,,,,,,,,,,,
,06/16/2025 12:30,06/16/2025 13:30,XAUUSD,Sell,0.010,0.00000,0.00000,3418.74000,3414.49000,0.0000,0.0000,425.0,4.25,0.84,"Hoko GOLD",00:01:00:00,,,,,,,,,,,,
,06/13/2025 17:10,06/13/2025 17:38,BVSPX.,Sell,0.060,0.00000,0.00000,132807.64000,133313.64000,0.0000,0.0000,-506.0,-5.43,-1.07,"Hoko GOLD",00:00:28:09,,,,,,,,,,,,
,06/12/2025 17:02,06/12/2025 17:54,BVSPX.,Buy,0.060,0.00000,0.00000,133168.64000,133152.64000,0.0000,0.0000,-16.0,-0.17,-0.03,"Hoko GOLD",00:00:52:00,,,,,,,,,,,,
,06/12/2025 16:40,06/12/2025 17:02,BVSPX.,Sell,0.060,0.00000,0.00000,132737.64000,133233.64000,0.0000,0.0000,-496.0,-5.34,-1.04,"Hoko GOLD",00:00:22:08,,,,,,,,,,,,
,06/12/2025 15:10,06/12/2025 15:34,BVSPX.,Sell,0.060,0.00000,0.00000,132502.64000,132478.64000,0.0000,0.0000,24.0,0.26,0.05,"Hoko GOLD",00:00:24:19,,,,,,,,,,,,
,06/12/2025 14:37,06/12/2025 15:30,XAUUSD,Sell,0.010,0.00000,0.00000,3377.37000,3383.46000,0.0000,0.0000,-609.0,-6.09,-1.17,"Hoko GOLD",00:00:52:58,,,,,,,,,,,,
,06/12/2025 12:00,06/12/2025 12:53,XAUUSD,Sell,0.010,0.00000,0.00000,3356.36000,3367.90000,0.0000,0.0000,-1154.0,-11.54,-2.17,"Hoko GOLD",00:00:53:58,,,,,,,,,,,,
,06/11/2025 17:08,06/11/2025 17:19,BVSPX.,Buy,0.060,0.00000,0.00000,133198.64000,132942.64000,0.0000,0.0000,-256.0,-2.76,-0.52,"Hoko GOLD",00:00:11:05,,,,,,,,,,,,
,06/11/2025 16:00,06/11/2025 16:54,XAUUSD,Sell,0.010,0.00000,0.00000,3337.72000,3334.92000,0.0000,0.0000,280.0,2.80,0.53,"Hoko GOLD",00:00:54:26,,,,,,,,,,,,
,06/10/2025 17:30,06/10/2025 17:55,XAUUSD,Buy,0.010,0.00000,0.00000,3333.13000,3327.91000,0.0000,0.0000,-522.0,-5.22,-0.97,"Hoko GOLD",00:00:25:01,,,,,,,,,,,,
,06/10/2025 17:18,06/10/2025 17:20,BVSPX.,Buy,0.060,0.00000,0.00000,133518.64000,133332.64000,0.0000,0.0000,-186.0,-2.00,-0.37,"Hoko GOLD",00:00:02:03,,,,,,,,,,,,
,06/10/2025 17:11,06/10/2025 17:16,BVSPX.,Buy,0.060,0.00000,0.00000,133628.64000,133467.64000,0.0000,0.0000,-161.0,-1.73,-0.32,"Hoko GOLD",00:00:05:11,,,,,,,,,,,,
,06/10/2025 17:02,06/10/2025 17:06,BVSPX.,Buy,0.060,0.00000,0.00000,133188.64000,133587.64000,0.0000,0.0000,399.0,4.28,0.80,"Hoko GOLD",00:00:04:22,,,,,,,,,,,,
,06/10/2025 14:42,06/10/2025 15:30,XAUUSD,Sell,0.010,0.00000,0.00000,3338.12000,3337.91000,0.0000,0.0000,21.0,0.21,0.04,"Hoko GOLD",00:00:47:32,,,,,,,,,,,,
,06/10/2025 10:30,06/10/2025 11:30,XAUUSD,Sell,0.010,0.00000,0.00000,3328.23000,3329.09000,0.0000,0.0000,-86.0,-0.86,-0.16,"Hoko GOLD",00:00:59:59,,,,,,,,,,,,
,06/09/2025 17:30,06/09/2025 17:49,XAUUSD,Sell,0.010,0.00000,0.00000,3322.07000,3320.80000,0.0000,0.0000,127.0,1.27,0.24,"Hoko GOLD",00:00:19:47,,,,,,,,,,,,
,06/06/2025 18:40,06/06/2025 22:25,BVSPX.,Sell,0.060,0.00000,0.00000,134819.82000,134325.82000,0.0000,0.0000,494.0,5.29,1.00,"Hoko GOLD",00:03:45:09,,,,,,,,,,,,
,06/06/2025 17:20,06/06/2025 18:28,BVSPX.,Sell,0.060,0.00000,0.00000,134664.82000,134665.82000,0.0000,0.0000,-1.0,-0.01,0.00,"Hoko GOLD",00:01:08:26,,,,,,,,,,,,
,06/06/2025 17:16,06/06/2025 17:55,XAUUSD,Sell,0.010,0.00000,0.00000,3327.77000,3326.56000,0.0000,0.0000,121.0,1.21,0.23,"Hoko GOLD",00:00:38:14,,,,,,,,,,,,
,06/06/2025 16:40,06/06/2025 16:50,BVSPX.,Sell,0.060,0.00000,0.00000,135274.82000,135230.82000,0.0000,0.0000,44.0,0.47,0.09,"Hoko GOLD",00:00:10:01,,,,,,,,,,,,
,06/06/2025 16:36,06/06/2025 16:45,BVSPX.,Buy,0.060,0.00000,0.00000,135385.82000,135119.82000,0.0000,0.0000,-266.0,-2.83,-0.53,"Hoko GOLD",00:00:09:27,,,,,,,,,,,,
,06/06/2025 10:15,06/06/2025 12:00,XAUUSD,Buy,0.010,0.00000,0.00000,3361.60000,3364.55000,0.0000,0.0000,295.0,2.95,0.56,"Hoko GOLD",00:01:45:24,,,,,,,,,,,,
,06/05/2025 16:00,06/05/2025 17:55,XAUUSD,Buy,0.010,0.00000,0.00000,3383.29000,3368.15000,0.0000,0.0000,-1514.0,-15.14,-2.78,"Hoko GOLD",00:01:55:00,,,,,,,,,,,,
,06/05/2025 12:32,06/05/2025 13:00,XAUUSD,Sell,0.010,0.00000,0.00000,3384.74000,3388.94000,0.0000,0.0000,-420.0,-4.20,-0.77,"Hoko GOLD",00:00:27:04,,,,,,,,,,,,
,06/05/2025 12:00,06/05/2025 12:28,XAUUSD,Sell,0.010,0.00000,0.00000,3375.22000,3386.24000,0.0000,0.0000,-1102.0,-11.02,-1.97,"Hoko GOLD",00:00:28:53,,,,,,,,,,,,
,06/04/2025 17:15,06/04/2025 17:51,XAUUSD,Buy,0.010,0.00000,0.00000,3366.91000,3380.27000,0.0000,0.0000,1336.0,13.36,2.44,"Hoko GOLD",00:00:36:03,,,,,,,,,,,,
,06/04/2025 17:18,06/04/2025 17:30,BVSPX.,Buy,0.060,0.00000,0.00000,137365.82000,137119.82000,0.0000,0.0000,-246.0,-2.61,-0.48,"Hoko GOLD",00:00:12:13,,,,,,,,,,,,
,06/04/2025 12:15,06/04/2025 14:40,XAUUSD,Sell,0.010,0.00000,0.00000,3361.29000,3349.22000,0.0000,0.0000,1207.0,12.07,2.25,"Hoko GOLD",00:02:25:34,,,,,,,,,,,,
,06/04/2025 10:45,06/04/2025 11:12,XAUUSD,Sell,0.010,0.00000,0.00000,3360.50000,3357.06000,0.0000,0.0000,344.0,3.44,0.64,"Hoko GOLD",00:00:27:00,,,,,,,,,,,,
,06/03/2025 18:40,06/03/2025 21:05,BVSPX.,Sell,0.060,0.00000,0.00000,135879.82000,136240.82000,0.0000,0.0000,-361.0,-3.82,-0.71,"Hoko GOLD",00:02:25:32,,,,,,,,,,,,
,06/03/2025 17:15,06/03/2025 17:46,XAUUSD,Buy,0.010,0.00000,0.00000,3338.64000,3347.34000,0.0000,0.0000,870.0,8.70,1.65,"Hoko GOLD",00:00:31:30,,,,,,,,,,,,
,06/02/2025 16:30,06/02/2025 17:00,XAUUSD,Buy,0.010,0.00000,0.00000,3356.04000,3372.03000,0.0000,0.0000,1599.0,15.99,3.12,"Hoko GOLD",00:00:30:00,,,,,,,,,,,,
,06/02/2025 12:30,06/02/2025 15:30,XAUUSD,Buy,0.010,0.00000,0.00000,3347.30000,3360.87000,0.0000,0.0000,1357.0,13.57,2.72,"Hoko GOLD",00:03:00:01,,,,,,,,,,,,
,05/27/2025 17:30,05/27/2025 18:02,BVSPX.,Buy,0.060,0.00000,0.00000,139190.82000,138834.82000,0.0000,0.0000,-356.0,-3.75,-0.75,"Hoko GOLD",00:00:32:06,,,,,,,,,,,,
,05/27/2025 16:51,05/27/2025 17:07,BVSPX.,Buy,0.060,0.00000,0.00000,138625.82000,138984.82000,0.0000,0.0000,359.0,3.78,0.76,"Hoko GOLD",00:00:16:49,,,,,,,,,,,,
,05/27/2025 16:45,05/27/2025 16:50,BVSPX.,Buy,0.060,0.00000,0.00000,138900.82000,138709.82000,0.0000,0.0000,-191.0,-2.01,-0.40,"Hoko GOLD",00:00:05:24,,,,,,,,,,,,
,05/27/2025 15:15,05/27/2025 16:10,BVSPX.,Buy,0.060,0.00000,0.00000,138665.82000,138772.32000,0.0000,0.0000,106.5,1.12,0.22,"Hoko GOLD",00:00:55:29,,,,,,,,,,,,
,05/26/2025 19:53,,,Deposit,0.000,0.00000,0.00000,0.00000,0.00000,0.0000,0.0000,0.0,200.00,0,"CC Deposit-Bridger-solid_pay",00:00:00:00,,,,,,,,,,,,
,05/26/2025 19:42,,,Deposit,0.000,0.00000,0.00000,0.00000,0.00000,0.0000,0.0000,0.0,300.00,0,"CC Deposit-Bridger-solid_pay",00:00:00:00,,,,,,,,,,,,

