Open Date,Close Date,Symbol,Action,Units/Lots,SL,TP,Open Price,Close Price,Commission,Swap,Pips,Profit,Gain,Comment,Duration (DD:HH:MM:SS),Profitable(%),Profitable(time duration),Drawdown,Risk:Reward,Max(pips),Max(USD),Min(pips),Min(USD),Entry Accuracy(%),Exit Accuracy(%),ProfitMissed(pips),ProfitMissed(USD)
05/28/2026 05:12,05/28/2026 05:49,XAUUSD,Sell,0.010,4399.01000,0.00000,4400.45000,4399.04000,-0.0600,0.0000,141.0,1.35,0.20,"Super Gold V4",00:00:36:31,100.0,36m,2645.0,0.00,2786.0,27.86,0.0,0.0,100.0,5.1,-2645.00,-26.45
05/27/2026 13:46,05/27/2026 14:42,XAUUSD,Sell,0.020,4443.59000,0.00000,4450.92000,4443.93000,-0.1200,0.0000,699.0,13.86,2.10,"Gold G system[sl 4443.59]",00:00:56:33,1.8,1m,0.0,0.00,699.0,13.98,0.0,0.0,100.0,100.0,0.00,0.00
05/27/2026 09:31,05/27/2026 09:47,XAUUSD,Sell,0.020,4489.09000,0.00000,4479.87000,4489.20000,-0.1200,0.0000,-933.0,-18.78,-2.76,"Gold G system[sl 4489.09]",00:00:16:23,0.0,0s,1132.0,1250.00,0.0,0.0,-1132.0,-22.64,0.0,17.6,-933.00,-18.66
05/26/2026 02:18,05/26/2026 02:26,XAUUSD,Buy,0.020,4570.64000,0.00000,4579.82000,4570.37000,-0.1200,0.0000,-945.0,-19.02,-2.72,"Gold G system",00:00:08:25,,,,,,,,,,,,
05/25/2026 02:07,05/25/2026 02:58,XAUUSD,Buy,0.020,4569.87000,0.00000,4571.78000,4569.86000,-0.1200,0.0000,-192.0,-3.96,-0.56,"Gold G system[sl 4569.87]",00:00:51:18,0.0,0s,192.0,192.31,0.0,0.0,-192.0,-3.84,0.0,0.0,-192.00,-3.84
05/20/2026 04:36,05/20/2026 04:48,XAUUSD,Sell,0.020,4469.95000,0.00000,4463.54000,4470.16000,-0.1200,0.0000,-662.0,-13.36,-1.87,"Gold G system[sl 4469.95]",00:00:12:34,,,,,,,,,,,,
05/19/2026 16:31,05/19/2026 16:32,XAUUSD,Sell,0.020,4479.74000,0.00000,4479.00000,4480.37000,-0.1200,0.0000,-137.0,-2.86,-0.40,"Gold G system",00:00:01:29,,,,,,,,,,,,
05/19/2026 02:13,05/19/2026 03:04,XAUUSD,Buy,0.020,4579.91000,0.00000,4586.10000,4579.52000,-0.1200,0.0000,-658.0,-13.28,-1.81,"Gold G system[sl 4579.91]",00:00:50:37,0.0,0s,3907.0,5000.00,0.0,0.0,-3907.0,-78.14,0.0,83.2,-658.00,-13.16
05/18/2026 03:33,05/18/2026 03:36,XAUUSD,Sell,0.020,4502.09000,0.00000,4511.38000,4502.31000,-0.1200,0.0000,907.0,18.02,2.52,"Gold G system[sl 4502.09]",00:00:02:53,,,,,,,,,,,,
05/15/2026 03:25,05/15/2026 03:46,XAUUSD,Sell,0.020,4624.53000,0.00000,4636.71000,4624.54000,-0.1200,0.0000,1217.0,24.22,3.51,"Gold G system",00:00:21:03,100.0,21m,1537.0,0.00,2754.0,55.08,0.0,0.0,100.0,44.2,-1537.00,-30.74
05/14/2026 16:42,05/14/2026 16:44,XAUUSD,Sell,0.020,4677.15000,0.00000,4667.64000,4677.11000,-0.1200,0.0000,-947.0,-19.06,-2.69,"Gold G system[sl 4677.15]",00:00:02:15,,,,,,,,,,,,
05/12/2026 18:22,05/12/2026 18:26,XAUUSD,Sell,0.020,4651.73000,0.00000,4647.26000,4651.76000,-0.1200,0.0000,-450.0,-9.12,-1.27,"Gold G system",00:00:03:24,,,,,,,,,,,,
05/12/2026 02:52,05/12/2026 03:01,XAUUSD,Buy,0.020,4759.72000,0.00000,4765.17000,4759.64000,-0.1200,0.0000,-553.0,-11.18,-1.53,"Gold G system",00:00:08:33,0.0,0s,3618.0,5000.00,0.0,0.0,-3618.0,-72.36,0.0,84.7,-553.00,-11.06
05/11/2026 03:52,05/11/2026 03:59,XAUUSD,Sell,0.020,4684.45000,0.00000,4675.01000,4684.46000,-0.1200,0.0000,-945.0,-19.02,-2.54,"Gold G system[sl 4684.45]",00:00:07:02,0.0,0s,945.0,1000.00,0.0,0.0,-945.0,-18.900000000000002,0.0,0.0,-945.00,-18.90
05/07/2026 09:31,05/07/2026 09:47,XAUUSD,Buy,0.020,4740.34000,0.00000,4723.99000,4740.10000,-0.1200,0.0000,1611.0,32.10,4.48,"Gold G system",00:00:16:12,6.3,1m,0.0,0.00,1611.0,32.22,0.0,0.0,100.0,100.0,0.00,0.00
05/06/2026 08:56,05/06/2026 10:14,XAUUSD,Buy,0.020,4660.52000,0.00000,4660.16000,4660.36000,-0.1200,0.0000,20.0,0.28,0.04,"Gold G system",00:01:17:36,1.3,1m,0.0,0.05,20.0,0.4,0.0,0.0,100.0,100.0,0.00,0.00
05/04/2026 19:08,05/04/2026 19:12,XAUUSD,Sell,0.020,4514.72000,0.00000,4509.51000,4514.72000,-0.1200,0.0000,-521.0,-10.54,-1.45,"Gold G system",00:00:04:14,0.0,0s,521.0,526.32,0.0,0.0,-521.0,-10.42,0.0,0.0,-521.00,-10.42
05/01/2026 17:12,05/01/2026 17:19,XAUUSD,Buy,0.020,4649.85000,0.00000,4648.75000,4649.77000,-0.1200,0.0000,102.0,1.92,0.27,"Gold G system",00:00:06:55,14.3,59s,1097.0,10.76,102.0,2.04,-1097.0,-21.94,8.5,100.0,0.00,0.00
04/29/2026 12:50,04/29/2026 13:03,XAUUSD,Sell,0.020,4561.44000,0.00000,4554.38000,4561.55000,-0.1200,0.0000,-717.0,-14.46,-1.96,"Gold G system",00:00:12:49,,,,,,,,,,,,
04/28/2026 08:06,04/28/2026 08:55,XAUUSD,Sell,0.020,4633.91000,0.00000,4652.52000,4633.91000,-0.1200,0.0000,1861.0,37.10,5.29,"Gold G system",00:00:48:50,100.0,48m,1808.0,0.00,3543.0,70.86,0.0,0.0,100.0,52.5,-1682.00,-33.64
04/28/2026 05:02,04/28/2026 05:05,XAUUSD,Sell,0.020,4676.08000,0.00000,4666.92000,4676.45000,-0.1200,0.0000,-953.0,-19.18,-2.66,"Gold G system",00:00:02:58,,,,,,,,,,,,
04/27/2026 18:02,04/27/2026 18:21,XAUUSD,Sell,0.020,4678.70000,0.00000,4670.83000,4678.69000,-0.1200,0.0000,-786.0,-15.84,-2.15,"Gold G system[sl 4678.70]",00:00:18:49,0.0,0s,1252.0,1428.57,0.0,0.0,-1252.0,-25.04,0.0,37.2,-786.00,-15.72
04/27/2026 15:41,04/27/2026 17:36,XAUUSD,Sell,0.020,4694.76000,0.00000,4698.53000,4694.56000,-0.1200,0.0000,397.0,7.82,1.07,"Gold G system",00:01:54:29,100.0,1h 54m,2726.0,0.00,3123.0,62.46,0.0,0.0,100.0,12.7,-2726.00,-54.52
04/24/2026 16:48,04/24/2026 16:51,XAUUSD,Buy,0.020,4707.75000,0.00000,4717.24000,4707.72000,-0.1200,0.0000,-952.0,-19.16,-2.56,"Gold G system[sl 4707.75]",00:00:03:06,,,,,,,,,,,,
04/24/2026 07:22,04/24/2026 07:44,XAUUSD,Sell,0.020,4668.49000,0.00000,4663.13000,4668.52000,-0.1200,0.0000,-539.0,-10.90,-1.44,"Gold G system",00:00:22:20,0.0,0s,2238.0,2500.00,0.0,0.0,-2238.0,-44.76,0.0,75.9,-539.00,-10.78
04/23/2026 20:46,04/23/2026 20:47,XAUUSD,Sell,0.020,4677.11000,0.00000,4667.59000,4677.34000,-0.1200,0.0000,-975.0,-19.62,-2.52,"Gold G system[sl 4677.11]",00:00:00:53,,,,,,,,,,,,
04/23/2026 20:42,04/23/2026 20:42,XAUUSD,Sell,0.020,4692.73000,0.00000,4683.21000,4692.77000,-0.1200,0.0000,-956.0,-19.24,-2.41,"Gold G system[sl 4692.73]",00:00:00:16,,,,,,,,,,,,
04/23/2026 13:09,04/23/2026 13:40,XAUUSD,Sell,0.020,4695.37000,0.00000,4692.06000,4695.42000,-0.1200,0.0000,-336.0,-6.84,-0.85,"Gold G system[sl 4695.37]",00:00:30:23,0.0,0s,4131.0,5000.00,0.0,0.0,-4131.0,-82.62,0.0,91.9,-336.00,-6.72
04/23/2026 08:30,04/23/2026 08:32,XAUUSD,Sell,0.020,4703.16000,0.00000,4693.64000,4703.14000,-0.1200,0.0000,-950.0,-19.12,-2.32,"Gold G system[sl 4703.16]",00:00:01:20,,,,,,,,,,,,
04/23/2026 03:01,04/23/2026 03:17,XAUUSD,Sell,0.020,4706.05000,0.00000,4723.30000,4706.05000,-0.1200,0.0000,1725.0,34.38,4.36,"Gold G system[sl 4706.05]",00:00:16:16,,,,,,,,,,,,
04/22/2026 15:48,04/22/2026 16:09,XAUUSD,Sell,0.020,4750.05000,0.00000,4745.44000,4750.44000,-0.1200,0.0000,-500.0,-10.12,-1.27,"Gold G system[sl 4750.05]",00:00:21:03,75.0,15m,2274.0,0.28,1774.0,35.480000000000004,-500.0,-10.0,78.0,0.0,-2274.00,-45.48
04/21/2026 17:46,04/21/2026 17:53,XAUUSD,Sell,0.020,4737.06000,0.00000,4735.90000,4736.96000,-0.1200,0.0000,-106.0,-2.24,-0.28,"Gold G system",00:00:06:25,85.8,5m,2727.0,0.04,2621.0,52.42,-106.0,-2.12,96.1,0.0,-2727.00,-54.54
04/21/2026 15:30,04/21/2026 15:32,XAUUSD,Sell,0.020,4779.54000,0.00000,4769.92000,4779.35000,-0.1200,0.0000,-943.0,-18.98,-2.31,"Gold G system",00:00:01:42,,,,,,,,,,,,
04/21/2026 01:02,04/21/2026 02:45,XAUUSD,Buy,0.020,4823.12000,0.00000,4828.61000,4823.08000,-0.1200,0.0000,-553.0,-11.18,-1.34,"Gold G system",00:01:43:43,0.0,0s,2532.0,3333.33,0.0,0.0,-2532.0,-50.64,0.0,78.2,-553.00,-11.06
04/17/2026 14:45,04/17/2026 16:02,XAUUSD,Buy,0.020,4837.34000,0.00000,4806.43000,4836.30000,-0.1200,0.0000,2987.0,59.62,7.72,"Gold G system",00:01:16:16,100.0,1h 16m,4392.0,0.00,7379.0,147.58,0.0,0.0,100.0,40.5,-4392.00,-87.84
04/17/2026 07:42,04/17/2026 08:44,XAUUSD,Buy,0.020,4796.62000,0.00000,4801.58000,4796.41000,-0.1200,0.0000,-517.0,-10.46,-1.34,"Gold G system[sl 4796.62]",00:01:01:26,0.0,0s,2101.0,2500.00,0.0,0.0,-2101.0,-42.02,0.0,75.4,-517.00,-10.34
04/17/2026 04:12,04/17/2026 04:13,XAUUSD,Sell,0.020,4781.66000,0.00000,4771.99000,4781.70000,-0.1200,0.0000,-971.0,-19.54,-2.44,"Gold G system[sl 4781.66]",00:00:01:15,,,,,,,,,,,,
04/16/2026 16:52,04/16/2026 17:08,XAUUSD,Sell,0.020,4798.02000,0.00000,4803.33000,4798.18000,-0.1200,0.0000,515.0,10.18,1.29,"Gold G system[sl 4798.02]",00:00:15:55,6.3,1m,0.0,0.00,515.0,10.3,0.0,0.0,100.0,100.0,0.00,0.00
04/16/2026 16:55,04/16/2026 16:56,XAUUSD,Sell,0.020,4795.62000,0.00000,4786.23000,4795.89000,-0.1200,0.0000,-966.0,-19.44,-2.40,"Gold G system",00:00:00:40,,,,,,,,,,,,
04/16/2026 08:06,04/16/2026 08:34,XAUUSD,Buy,0.020,4828.14000,0.00000,4837.90000,4828.05000,-0.1200,0.0000,-985.0,-19.82,-2.38,"Gold G system",00:00:28:08,0.0,0s,3008.0,3333.33,0.0,0.0,-3008.0,-60.160000000000004,0.0,67.3,-985.00,-19.70
04/16/2026 03:00,04/16/2026 04:16,XAUUSD,Buy,0.020,4827.50000,0.00000,4830.68000,4827.48000,-0.1200,0.0000,-320.0,-6.52,-0.78,"Gold G system[sl 4827.50]",00:01:15:46,0.0,0s,850.0,909.09,0.0,0.0,-850.0,-17.0,0.0,62.4,-320.00,-6.40
04/15/2026 08:37,04/15/2026 08:56,XAUUSD,Sell,0.020,4823.98000,0.00000,4816.47000,4824.01000,-0.1200,0.0000,-754.0,-15.20,-1.78,"Gold G system[sl 4823.98]",00:00:19:04,94.8,18m,1467.0,1.06,713.0,14.26,-754.0,-15.08,48.6,0.0,-1467.00,-29.34
04/15/2026 04:11,04/15/2026 04:20,XAUUSD,Buy,0.020,4861.16000,0.00000,4852.95000,4860.80000,-0.1200,0.0000,785.0,15.58,1.86,"Gold G system[sl 4861.16]",00:00:08:43,11.2,58s,0.0,0.00,785.0,15.700000000000001,0.0,0.0,100.0,100.0,0.00,0.00
04/14/2026 16:37,04/14/2026 16:39,XAUUSD,Buy,0.020,4790.58000,0.00000,4796.78000,4790.07000,-0.1200,0.0000,-671.0,-13.54,-1.59,"Gold G system[sl 4790.58]",00:00:02:14,,,,,,,,,,,,
04/14/2026 09:52,04/14/2026 10:20,XAUUSD,Buy,0.020,4784.77000,0.00000,4777.11000,4784.31000,-0.1200,0.0000,720.0,14.28,1.71,"Gold G system[sl 4784.77]",00:00:27:39,100.0,27m,424.0,0.00,987.0,19.740000000000002,0.0,0.0,100.0,72.9,-267.00,-5.34
04/14/2026 01:02,04/14/2026 02:29,XAUUSD,Buy,0.020,4756.74000,0.00000,4751.85000,4756.45000,-0.1200,0.0000,460.0,9.08,1.10,"Gold G system",00:01:27:13,100.0,1h 27m,2025.0,0.00,2485.0,49.7,0.0,0.0,100.0,18.5,-2025.00,-40.50
04/13/2026 19:47,04/13/2026 19:53,XAUUSD,Buy,0.020,4736.40000,0.00000,4746.01000,4736.27000,-0.1200,0.0000,-974.0,-19.60,-2.31,"Gold G system[sl 4736.40]",00:00:06:30,0.0,0s,974.0,1000.00,0.0,0.0,-974.0,-19.48,0.0,0.0,-974.00,-19.48
04/13/2026 18:05,04/13/2026 18:12,XAUUSD,Sell,0.020,4710.82000,0.00000,4701.21000,4710.85000,-0.1200,0.0000,-964.0,-19.40,-2.24,"Gold G system[sl 4710.82]",00:00:06:25,0.0,0s,3086.0,3333.33,0.0,0.0,-3086.0,-61.72,0.0,68.8,-964.00,-19.28
04/13/2026 16:49,04/13/2026 16:52,XAUUSD,Buy,0.020,4730.52000,0.00000,4740.09000,4730.23000,-0.1200,0.0000,-986.0,-19.84,-2.24,"Gold G system[sl 4730.52]",00:00:02:43,,,,,,,,,,,,
04/10/2026 11:47,04/10/2026 11:58,XAUUSD,Sell,0.020,4743.03000,0.00000,4735.55000,4742.98000,-0.1200,0.0000,-743.0,-14.98,-1.66,"Gold G system[sl 4743.03]",00:00:10:45,0.0,0s,3015.0,3333.33,0.0,0.0,-3015.0,-60.300000000000004,0.0,75.4,-743.00,-14.86
04/09/2026 11:44,04/09/2026 12:07,XAUUSD,Buy,0.020,4723.92000,0.00000,4733.44000,4723.67000,-0.1200,0.0000,-977.0,-19.66,-2.13,"Gold G system[sl 4723.92]",00:00:22:49,95.7,21m,3346.0,0.41,2369.0,47.38,-977.0,-19.54,70.8,0.0,-3346.00,-66.92
04/09/2026 03:07,04/09/2026 03:21,XAUUSD,Sell,0.020,4708.72000,0.00000,4699.35000,4708.75000,-0.1200,0.0000,-940.0,-18.92,-2.01,"Gold G system[sl 4708.72]",00:00:14:15,0.0,0s,1881.0,2000.00,0.0,0.0,-1881.0,-37.62,0.0,50.0,-940.00,-18.80
04/08/2026 20:55,04/08/2026 21:05,XAUUSD,Sell,0.030,4741.68000,0.00000,4732.65000,4741.72000,-0.1800,0.0000,-907.0,-27.39,-2.83,"Gold G system[sl 4741.68]",00:00:09:20,,,,,,,,,,,,
04/08/2026 01:54,04/08/2026 02:00,XAUUSD,Buy,0.030,4809.62000,0.00000,4800.53000,4809.14000,-0.1800,0.0000,861.0,25.65,2.72,"Gold G system",00:00:06:01,,,,,,,,,,,,
04/07/2026 22:45,04/07/2026 22:49,XAUUSD,Buy,0.030,4705.00000,0.00000,4709.50000,4704.36000,-0.1800,0.0000,-514.0,-15.60,-1.63,"Gold G system",00:00:03:51,,,,,,,,,,,,
04/07/2026 22:20,04/07/2026 22:21,XAUUSD,Buy,0.030,4692.35000,0.00000,4696.06000,4692.30000,-0.1800,0.0000,-376.0,-11.46,-1.18,"Gold G system[sl 4692.35]",00:00:01:04,,,,,,,,,,,,
04/07/2026 17:06,04/07/2026 17:10,XAUUSD,Sell,0.030,4619.56000,0.00000,4615.69000,4619.85000,-0.1800,0.0000,-416.0,-12.66,-1.29,"Gold G system[sl 4619.56]",00:00:04:09,,,,,,,,,,,,
04/07/2026 04:00,04/07/2026 04:02,XAUUSD,Sell,0.030,4652.31000,0.00000,4642.90000,4652.71000,-0.1800,0.0000,-981.0,-29.61,-2.93,"Gold G system",00:00:02:03,,,,,,,,,,,,
04/07/2026 04:00,04/07/2026 04:01,XAUUSD,Sell,0.030,4650.53000,0.00000,4642.90000,4649.90000,-0.1800,0.0000,-700.0,-21.18,-2.05,"Gold G system[sl 4650.53]",00:00:01:55,,,,,,,,,,,,
04/06/2026 12:00,04/06/2026 12:50,XAUUSD,Buy,0.030,4696.23000,0.00000,4701.48000,4694.87000,-0.1800,0.0000,-661.0,-20.01,-1.90,"Gold G system[sl 4696.23]",00:00:50:05,0.0,0s,4059.0,5000.00,0.0,0.0,-4059.0,-121.77,0.0,83.7,-661.00,-19.83
04/06/2026 10:51,04/06/2026 11:08,XAUUSD,Buy,0.030,4684.39000,0.00000,4678.92000,4684.29000,-0.1800,0.0000,537.0,15.93,1.54,"Gold G system[sl 4684.39]",00:00:16:45,100.0,16m,1102.0,0.00,1639.0,49.17,0.0,0.0,100.0,32.8,-1102.00,-33.06
04/02/2026 08:33,04/02/2026 08:34,XAUUSD,Sell,0.030,4649.73000,0.00000,4648.83000,4649.80000,-0.1800,0.0000,-97.0,-3.09,-0.30,"Gold G system",00:00:00:49,,,,,,,,,,,,
04/02/2026 02:15,04/02/2026 02:35,XAUUSD,Buy,0.030,4791.44000,0.00000,4793.05000,4791.46000,-0.1800,0.0000,-159.0,-4.95,-0.47,"Gold G system[sl 4791.44]",00:00:20:36,0.0,0s,12560.0,0.00,0.0,0.0,-12560.0,-376.8,0.0,98.7,-159.00,-4.77
04/01/2026 17:52,04/01/2026 17:58,XAUUSD,Buy,0.030,4760.30000,0.00000,4762.94000,4760.26000,-0.1800,0.0000,-268.0,-8.22,-0.78,"Gold G system[sl 4760.30]",00:00:05:25,83.4,4m,1938.0,0.16,1670.0,50.1,-268.0,-8.04,86.2,0.0,-1938.00,-58.14
04/01/2026 14:30,04/01/2026 14:47,XAUUSD,Buy,0.030,4754.36000,0.00000,4749.66000,4754.23000,-0.1800,0.0000,457.0,13.53,1.30,"Gold G system[sl 4754.36]",00:00:16:49,53.0,8m,1006.0,1.37,732.0,21.96,-1006.0,-30.18,42.1,84.2,-275.00,-8.25
04/01/2026 09:48,04/01/2026 10:03,XAUUSD,Buy,0.030,4724.55000,0.00000,4724.23000,4724.18000,-0.1800,0.0000,-5.0,-0.33,-0.03,"Gold G system[sl 4724.55]",00:00:15:05,,,,,,,,,,,,
03/31/2026 17:02,03/31/2026 17:03,XAUUSD,Buy,0.030,4616.77000,0.00000,4621.17000,4616.64000,-0.1800,0.0000,-453.0,-13.77,-1.31,"Gold G system",00:00:00:46,,,,,,,,,,,,
03/31/2026 04:24,03/31/2026 04:27,XAUUSD,Buy,0.030,4577.20000,0.00000,4581.59000,4576.96000,-0.1800,0.0000,-463.0,-14.07,-1.32,"Gold G system",00:00:02:37,,,,,,,,,,,,
03/31/2026 03:20,03/31/2026 03:20,XAUUSD,Sell,0.030,4493.90000,0.00000,4486.57000,4493.90000,-0.1800,0.0000,-733.0,-22.17,-2.04,"Gold G system",00:00:00:30,,,,,,,,,,,,
03/30/2026 20:57,03/30/2026 21:02,XAUUSD,Sell,0.030,4521.17000,0.00000,4512.45000,4521.26000,-0.1800,0.0000,-881.0,-26.61,-2.38,"Gold G system[sl 4521.17]",00:00:04:26,0.0,0s,881.0,909.09,0.0,0.0,-881.0,-26.43,0.0,0.0,-881.00,-26.43
03/30/2026 14:42,03/30/2026 14:53,XAUUSD,Buy,0.030,4572.38000,0.00000,4551.53000,4571.92000,-0.1800,0.0000,2039.0,60.99,5.78,"Gold G system[sl 4572.38]",00:00:10:39,9.1,58s,2857.0,1.40,2039.0,61.169999999999995,-2857.0,-85.71,41.6,100.0,0.00,0.00
03/30/2026 14:44,03/30/2026 14:53,XAUUSD,Buy,0.030,4572.30000,0.00000,4558.00000,4571.92000,-0.1800,0.0000,1392.0,41.58,4.10,"Gold G system[sl 4572.30]",00:00:08:25,11.2,56s,2894.0,2.08,1392.0,41.76,-2894.0,-86.82,32.5,100.0,0.00,0.00
03/27/2026 17:47,03/27/2026 17:54,XAUUSD,Buy,0.030,4491.15000,0.00000,4474.77000,4491.14000,-0.1800,0.0000,1637.0,48.93,5.07,"Gold G system[sl 4491.15]",00:00:06:57,100.0,6m,627.0,0.00,2264.0,67.92,0.0,0.0,100.0,72.3,-627.00,-18.81
03/27/2026 17:50,03/27/2026 17:54,XAUUSD,Buy,0.030,4491.11000,0.00000,4479.34000,4491.06000,-0.1800,0.0000,1172.0,34.98,3.76,"Gold G system[sl 4491.11]",00:00:03:51,,,,,,,,,,,,
03/26/2026 22:54,03/26/2026 23:11,XAUUSD,Sell,0.030,4360.24000,0.00000,4365.09000,4364.43000,-0.1800,0.0000,66.0,1.80,0.19,"Gold G system[sl 4360.24]",00:00:17:00,,,,,,,,,,,,
03/26/2026 19:21,03/26/2026 19:23,XAUUSD,Sell,0.030,4399.20000,0.00000,4411.35000,4399.80000,-0.1800,0.0000,1155.0,34.47,3.86,"Gold G system[sl 4399.20]",00:00:01:59,,,,,,,,,,,,
03/26/2026 11:43,03/26/2026 11:44,XAUUSD,Sell,0.030,4421.82000,0.00000,4412.79000,4421.84000,-0.1800,0.0000,-905.0,-27.33,-2.97,"Gold G system[sl 4421.82]",00:00:00:20,,,,,,,,,,,,
03/26/2026 08:30,03/26/2026 08:37,XAUUSD,Sell,0.030,4495.24000,0.00000,4485.01000,4495.45000,-0.1800,0.0000,-1044.0,-31.50,-3.31,"Gold G system[sl 4495.24]",00:00:07:26,,,,,,,,,,,,
03/25/2026 22:08,03/25/2026 22:12,XAUUSD,Sell,0.030,4496.15000,0.00000,4518.99000,4496.31000,-0.1800,0.0000,2268.0,67.86,7.67,"Gold G system",00:00:03:30,,,,,,,,,,,,
03/25/2026 15:31,03/25/2026 15:32,XAUUSD,Sell,0.030,4533.18000,0.00000,4524.28000,4533.41000,-0.1800,0.0000,-913.0,-27.57,-3.02,"Gold G system[sl 4533.18]",00:00:00:39,,,,,,,,,,,,
03/25/2026 02:36,03/25/2026 02:40,XAUUSD,Buy,0.020,4536.23000,0.00000,4513.31000,4535.56000,-0.1200,0.0000,2225.0,44.38,5.12,"Gold G system",00:00:04:13,100.0,4m,5838.0,0.00,8063.0,161.26,0.0,0.0,100.0,27.6,-5838.00,-116.76
03/24/2026 23:24,03/24/2026 23:27,XAUUSD,Buy,0.020,4471.85000,0.00000,4441.81000,4471.76000,-0.1200,0.0000,2995.0,59.78,7.40,"Gold G system",00:00:03:08,,,,,,,,,,,,
03/24/2026 13:16,03/24/2026 13:26,XAUUSD,Buy,0.020,4423.47000,0.00000,4432.48000,4423.38000,-0.1200,0.0000,-910.0,-18.32,-2.22,"Gold G system[sl 4423.47]",00:00:09:42,0.0,0s,6015.0,10000.00,0.0,0.0,-6015.0,-120.3,0.0,84.9,-910.00,-18.20
03/23/2026 08:51,03/23/2026 08:55,XAUUSD,Sell,0.020,4313.24000,0.00000,4317.35000,4313.34000,-0.1200,0.0000,401.0,7.90,0.97,"Gold G system[sl 4313.24]",00:00:04:00,,,,,,,,,,,,
03/20/2026 16:51,03/20/2026 17:03,XAUUSD,Sell,0.020,4620.47000,0.00000,4633.44000,4620.84000,-0.1200,0.0000,1260.0,25.08,3.16,"Gold G system[sl 4620.47]",00:00:11:19,100.0,11m,4140.0,0.00,5400.0,108.0,0.0,0.0,100.0,23.3,-4140.00,-82.80
03/20/2026 04:06,03/20/2026 04:09,XAUUSD,Buy,0.020,4667.44000,0.00000,4677.17000,4667.04000,-0.1200,0.0000,-1013.0,-20.38,-2.51,"Gold G system",00:00:03:07,,,,,,,,,,,,
03/19/2026 09:35,03/19/2026 09:39,XAUUSD,Sell,0.020,4800.27000,0.00000,4801.87000,4800.48000,-0.1200,0.0000,139.0,2.66,0.33,"Gold G system",00:00:03:57,,,,,,,,,,,,
03/18/2026 23:11,03/18/2026 23:38,XAUUSD,Sell,0.020,4819.66000,0.00000,4834.16000,4819.87000,-0.1200,0.0000,1429.0,28.46,3.64,"Gold G system[sl 4819.66]",00:00:26:18,37.1,9m,972.0,0.34,1429.0,28.580000000000002,-480.0,-9.6,74.9,100.0,0.00,0.00
03/18/2026 13:35,03/18/2026 13:39,XAUUSD,Sell,0.020,4976.56000,0.00000,4969.04000,4976.67000,-0.1200,0.0000,-763.0,-15.38,-1.93,"Gold G system[sl 4976.56]",00:00:03:28,,,,,,,,,,,,
03/18/2026 13:35,03/18/2026 13:37,XAUUSD,Sell,0.020,4970.97000,0.00000,4972.57000,4971.31000,-0.1200,0.0000,126.0,2.40,0.30,"Gold G system[sl 4970.97]",00:00:02:18,,,,,,,,,,,,
03/18/2026 11:45,03/18/2026 12:05,XAUUSD,Sell,0.020,4990.80000,0.00000,4980.70000,4990.83000,-0.1200,0.0000,-1013.0,-20.38,-2.50,"Gold G system[sl 4990.80]",00:00:19:41,95.0,18m,6866.0,0.17,5853.0,117.06,-1013.0,-20.26,85.2,0.0,-6866.00,-137.32
03/18/2026 09:36,03/18/2026 10:35,XAUUSD,Buy,0.020,5005.69000,0.00000,5015.79000,5005.47000,-0.1200,0.0000,-1032.0,-20.76,-2.48,"Gold G system[sl 5005.69]",00:00:58:59,0.0,0s,4925.0,5000.00,0.0,0.0,-4925.0,-98.5,0.0,79.0,-1032.00,-20.64
03/17/2026 18:35,03/17/2026 18:37,XAUUSD,Sell,0.020,4989.55000,0.00000,4991.15000,4989.59000,-0.1200,0.0000,156.0,3.00,0.36,"Gold G system[sl 4989.55]",00:00:01:38,,,,,,,,,,,,
03/17/2026 07:44,03/17/2026 08:44,XAUUSD,Buy,0.020,5032.12000,0.00000,5038.25000,5032.10000,-0.1200,0.0000,-615.0,-12.42,-1.47,"Gold G system",00:01:00:03,0.0,0s,1891.0,2000.00,0.0,0.0,-1891.0,-37.82,0.0,67.5,-615.00,-12.30
03/16/2026 17:08,03/16/2026 17:15,XAUUSD,Buy,0.020,5025.64000,0.00000,5035.88000,5025.64000,-0.1200,0.0000,-1024.0,-20.60,-2.38,"Gold G system",00:00:06:54,0.0,0s,3760.0,5000.00,0.0,0.0,-3760.0,-75.2,0.0,72.8,-1024.00,-20.48
03/13/2026 17:52,03/13/2026 17:58,XAUUSD,Sell,0.020,5048.24000,0.00000,5060.64000,5048.46000,-0.1200,0.0000,1218.0,24.24,2.88,"Gold G system",00:00:05:43,100.0,5m,430.0,0.00,1648.0,32.96,0.0,0.0,100.0,73.9,-430.00,-8.60
03/13/2026 17:55,03/13/2026 17:58,XAUUSD,Sell,0.020,5048.37000,0.00000,5053.83000,5048.61000,-0.1200,0.0000,522.0,10.32,1.24,"Gold G system",00:00:03:13,,,,,,,,,,,,
03/12/2026 20:41,03/12/2026 21:01,XAUUSD,Sell,0.020,5107.42000,0.00000,5109.02000,5107.72000,-0.1200,0.0000,130.0,2.48,0.30,"Gold G system",00:00:19:32,100.0,19m,3647.0,0.00,3777.0,75.54,0.0,0.0,100.0,3.4,-3647.00,-72.94
03/12/2026 18:11,03/12/2026 18:13,XAUUSD,Sell,0.020,5119.54000,0.00000,5121.14000,5119.26000,-0.1200,0.0000,188.0,3.64,0.44,"Gold G system",00:00:02:29,,,,,,,,,,,,
03/12/2026 01:56,03/12/2026 02:00,XAUUSD,Sell,0.020,5142.46000,0.00000,5147.37000,5142.48000,-0.1200,0.0000,489.0,9.66,1.18,"Gold G system[sl 5142.46]",00:00:04:03,25.0,1m,2123.0,4.34,489.0,9.78,-2123.0,-42.46,18.7,100.0,0.00,0.00
03/11/2026 16:49,03/11/2026 16:52,XAUUSD,Sell,0.020,5157.98000,0.00000,5159.58000,5158.33000,-0.1200,0.0000,125.0,2.38,0.29,"Gold G system[sl 5157.98]",00:00:02:48,,,,,,,,,,,,
03/11/2026 15:36,03/11/2026 16:03,XAUUSD,Sell,0.020,5172.72000,0.00000,5174.32000,5173.22000,-0.1200,0.0000,110.0,2.08,0.26,"Gold G system[sl 5172.72]",00:00:26:22,100.0,26m,712.0,0.00,822.0,16.44,0.0,0.0,100.0,13.4,-712.00,-14.24
03/10/2026 16:00,03/10/2026 16:30,XAUUSD,Buy,0.020,5217.88000,0.00000,5195.95000,5217.79000,-0.1200,0.0000,2184.0,43.56,5.67,"Gold G system",00:00:29:22,100.0,29m,1640.0,0.00,3824.0,76.48,0.0,0.0,100.0,57.1,-1640.00,-32.80
03/10/2026 16:01,03/10/2026 16:30,XAUUSD,Buy,0.020,5217.79000,0.00000,5197.76000,5217.64000,-0.1200,0.0000,1988.0,39.64,5.44,"Gold G system",00:00:28:55,100.0,28m,1655.0,0.00,3643.0,72.86,0.0,0.0,100.0,54.6,-1655.00,-33.10
03/10/2026 11:30,03/10/2026 11:44,XAUUSD,Buy,0.020,5189.15000,0.00000,5187.55000,5189.12000,-0.1200,0.0000,157.0,3.02,0.42,"Gold G system",00:00:13:15,7.2,57s,1335.0,8.50,157.0,3.14,-1335.0,-26.7,10.5,100.0,0.00,0.00
03/09/2026 22:24,03/09/2026 22:30,XAUUSD,Buy,0.020,5133.31000,0.00000,5143.56000,5133.14000,-0.1200,0.0000,-1042.0,-20.96,-2.81,"Gold G system",00:00:06:38,0.0,0s,1765.0,2000.00,0.0,0.0,-1765.0,-35.300000000000004,0.0,41.0,-1042.00,-20.84
03/09/2026 16:42,03/09/2026 16:46,XAUUSD,Sell,0.020,5077.58000,0.00000,5079.18000,5077.85000,-0.1200,0.0000,133.0,2.54,0.34,"Gold G system[sl 5077.58]",00:00:03:21,,,,,,,,,,,,
03/09/2026 02:42,03/09/2026 02:43,XAUUSD,Sell,0.020,5057.14000,0.00000,5048.88000,5057.58000,-0.1200,0.0000,-870.0,-17.52,-2.30,"Gold G system[sl 5057.14]",00:00:00:42,,,,,,,,,,,,
03/09/2026 02:42,03/09/2026 02:43,XAUUSD,Sell,0.020,5056.97000,0.00000,5061.79000,5057.58000,-0.1200,0.0000,421.0,8.30,1.10,"Gold G system[sl 5056.97]",00:00:00:43,,,,,,,,,,,,
03/06/2026 17:01,03/06/2026 17:03,XAUUSD,Buy,0.020,5147.22000,0.00000,5144.00000,5147.06000,-0.1200,0.0000,306.0,6.00,0.80,"Gold G system[sl 5147.22]",00:00:01:39,,,,,,,,,,,,
03/05/2026 15:20,03/05/2026 15:24,XAUUSD,Sell,0.020,5097.38000,0.00000,5119.85000,5098.04000,-0.1200,0.0000,2181.0,43.50,6.18,"Gold G system[sl 5097.38]",00:00:03:15,,,,,,,,,,,,
03/05/2026 15:22,03/05/2026 15:24,XAUUSD,Sell,0.010,5097.35000,0.00000,5107.14000,5098.04000,-0.0600,0.0000,910.0,9.04,1.30,"Gold G system",00:00:02:00,,,,,,,,,,,,
03/04/2026 19:23,03/04/2026 19:25,XAUUSD,Sell,0.010,5135.41000,0.00000,5127.33000,5135.58000,-0.0600,0.0000,-825.0,-8.31,-1.18,"Gold G system[sl 5135.41]",00:00:01:45,,,,,,,,,,,,
03/04/2026 12:08,03/04/2026 12:19,XAUUSD,Buy,0.010,5192.01000,0.00000,5190.41000,5191.89000,-0.0600,0.0000,148.0,1.42,0.20,"Gold G system",00:00:11:04,63.7,7m,1687.0,1.03,833.0,8.33,-854.0,-8.540000000000001,49.4,59.4,-685.00,-6.85
03/03/2026 16:44,03/03/2026 16:46,XAUUSD,Sell,0.010,5069.83000,0.00000,5071.43000,5069.85000,-0.0600,0.0000,158.0,1.52,0.22,"Gold G system[sl 5069.83]",00:00:02:40,,,,,,,,,,,,
03/03/2026 13:09,03/03/2026 13:09,XAUUSD,Sell,0.020,5178.05000,0.00000,5164.99000,5177.26000,-0.1200,0.0000,-1227.0,-24.66,-3.40,"Gold G system[sl 5178.05]",00:00:00:10,,,,,,,,,,,,
03/03/2026 11:25,03/03/2026 11:30,XAUUSD,Sell,0.010,5244.19000,0.00000,5276.85000,5245.74000,-0.0600,0.0000,3111.0,31.05,4.48,"Gold G system[sl 5244.19]",00:00:04:55,100.0,4m,12027.0,0.00,15138.0,151.38,0.0,0.0,100.0,20.6,-12027.00,-120.27
03/03/2026 11:25,03/03/2026 11:30,XAUUSD,Sell,0.010,5244.13000,0.00000,5260.45000,5245.74000,-0.0600,0.0000,1471.0,14.65,2.16,"Gold G system",00:00:04:39,100.0,4m,12027.0,0.00,13498.0,134.98,0.0,0.0,100.0,10.9,-12027.00,-120.27
03/02/2026 09:07,03/02/2026 09:08,XAUUSD,Buy,0.010,5394.68000,0.00000,5393.08000,5394.60000,-0.0600,0.0000,152.0,1.46,0.22,"Gold G system",00:00:00:31,,,,,,,,,,,,
02/27/2026 17:52,02/27/2026 17:59,XAUUSD,Buy,0.010,5241.93000,0.00000,5240.33000,5241.77000,-0.0600,0.0000,144.0,1.38,0.20,"Gold G system[sl 5241.93]",00:00:07:06,14.3,1m,672.0,4.67,144.0,1.44,-672.0,-6.72,17.6,100.0,0.00,0.00
02/27/2026 15:07,02/27/2026 15:30,XAUUSD,Buy,0.010,5227.67000,0.00000,5201.14000,5227.72000,-0.0600,0.0000,2658.0,26.52,4.08,"Gold G system",00:00:22:53,100.0,22m,1961.0,0.00,3695.0,36.95,0.0,0.0,100.0,71.9,-1037.00,-10.37
02/27/2026 15:07,02/27/2026 15:30,XAUUSD,Buy,0.010,5227.89000,0.00000,5205.37000,5227.68000,-0.0600,0.0000,2231.0,22.25,3.55,"Gold G system",00:00:22:37,100.0,22m,1961.0,0.00,3272.0,32.72,0.0,0.0,100.0,68.2,-1041.00,-10.41
02/27/2026 15:07,02/27/2026 15:30,XAUUSD,Buy,0.010,5228.49000,0.00000,5201.14000,5227.88000,-0.0600,0.0000,2674.0,26.68,4.44,"Gold G system",00:00:22:52,100.0,22m,1961.0,0.00,3695.0,36.95,0.0,0.0,100.0,72.4,-1021.00,-10.21
02/27/2026 07:58,02/27/2026 08:51,XAUUSD,Buy,0.010,5190.15000,0.00000,5200.56000,5190.12000,-0.0600,0.0000,-1044.0,-10.50,-1.72,"Gold G system",00:00:53:18,0.0,0s,2566.0,3333.33,0.0,0.0,-2566.0,-25.66,0.0,59.3,-1044.00,-10.44
02/26/2026 21:48,02/26/2026 22:29,XAUUSD,Buy,0.010,5194.11000,0.00000,5192.51000,5194.03000,-0.0600,0.0000,152.0,1.46,0.24,"Gold G system[sl 5194.11]",00:00:41:24,2.5,1m,902.0,5.93,152.0,1.52,-902.0,-9.02,14.4,100.0,0.00,0.00
02/26/2026 16:30,02/26/2026 16:31,XAUUSD,Sell,0.010,5155.09000,0.00000,5156.69000,5155.38000,-0.0600,0.0000,131.0,1.25,0.21,"Gold G system[sl 5155.09]",00:00:01:00,,,,,,,,,,,,
02/26/2026 16:30,02/26/2026 16:31,XAUUSD,Sell,0.010,5153.46000,0.00000,5143.10000,5153.39000,-0.0600,0.0000,-1029.0,-10.35,-1.67,"Gold G system",00:00:00:45,,,,,,,,,,,,
02/25/2026 22:58,02/25/2026 23:10,XAUUSD,Sell,0.010,5163.96000,0.00000,5153.40000,5164.40000,-0.0600,0.0000,-1100.0,-11.06,-1.76,"Gold G system[sl 5163.96]",00:00:12:25,0.0,0s,2841.0,3333.33,0.0,0.0,-2841.0,-28.41,0.0,61.3,-1100.00,-11.00
02/25/2026 18:46,02/25/2026 19:15,XAUUSD,Buy,0.010,5212.64000,0.00000,5211.04000,5212.60000,-0.0600,0.0000,156.0,1.50,0.24,"Gold G system",00:00:29:11,3.5,1m,1958.0,12.56,156.0,1.56,-1958.0,-19.580000000000002,7.4,100.0,0.00,0.00
02/25/2026 07:18,02/25/2026 08:00,XAUUSD,Buy,0.010,5198.91000,0.00000,5194.87000,5198.37000,-0.0600,0.0000,350.0,3.44,0.55,"Gold G system[sl 5198.91]",00:00:42:38,2.4,1m,1214.0,3.47,350.0,3.5,-1214.0,-12.14,22.4,100.0,0.00,0.00
02/25/2026 03:14,02/25/2026 03:57,XAUUSD,Buy,0.010,5178.28000,0.00000,5173.12000,5177.54000,-0.0600,0.0000,442.0,4.36,0.70,"Gold G system[sl 5178.28]",00:00:43:36,100.0,43m,994.0,0.00,1436.0,14.36,0.0,0.0,100.0,30.8,-994.00,-9.94
02/24/2026 15:59,02/24/2026 16:07,XAUUSD,Sell,0.010,5126.77000,0.00000,5116.48000,5126.87000,-0.0600,0.0000,-1039.0,-10.45,-1.66,"Gold G system",00:00:08:05,,,,,,,,,,,,
02/24/2026 15:39,02/24/2026 15:40,XAUUSD,Sell,0.010,5142.83000,0.00000,5144.43000,5143.14000,-0.0600,0.0000,129.0,1.23,0.20,"Gold G system[sl 5142.83]",00:00:00:44,,,,,,,,,,,,
02/23/2026 22:01,02/23/2026 23:31,XAUUSD,Buy,0.010,5226.94000,0.00000,5218.73000,5226.94000,-0.0600,0.0000,821.0,8.15,1.31,"Gold G system",00:01:29:11,34.9,31m,2195.0,0.00,3016.0,30.16,0.0,0.0,100.0,27.2,-2195.00,-21.95
02/23/2026 16:36,02/23/2026 16:58,XAUUSD,Buy,0.010,5189.50000,0.00000,5176.52000,5188.96000,-0.0600,0.0000,1244.0,12.38,2.03,"Gold G system",00:00:22:20,100.0,22m,2828.0,0.00,4072.0,40.72,0.0,0.0,100.0,30.6,-2828.00,-28.28
02/23/2026 04:40,02/23/2026 04:51,XAUUSD,Buy,0.010,5165.59000,0.00000,5171.46000,5165.29000,-0.0600,0.0000,-617.0,-6.23,-1.01,"Gold G system",00:00:10:30,0.0,0s,1195.0,1250.00,0.0,0.0,-1195.0,-11.950000000000001,0.0,48.4,-617.00,-6.17
02/20/2026 15:49,02/20/2026 15:59,XAUUSD,Buy,0.010,5043.65000,0.00000,5042.05000,5043.59000,-0.0600,0.0000,154.0,1.48,0.24,"Gold G system[sl 5043.65]",00:00:09:46,40.0,3m,568.0,2.55,160.0,1.6,-408.0,-4.08,28.2,98.9,-6.00,-0.06
02/20/2026 08:00,02/20/2026 09:01,XAUUSD,Buy,0.010,5020.08000,0.00000,5014.50000,5020.00000,-0.0600,0.0000,550.0,5.44,0.89,"Gold G system",00:01:00:26,72.2,43m,1034.0,0.50,1584.0,15.84,-785.0,-7.8500000000000005,66.9,56.4,-1034.00,-10.34
02/19/2026 17:34,02/19/2026 17:51,XAUUSD,Buy,0.010,5011.81000,0.00000,5021.60000,5011.77000,-0.0600,0.0000,-983.0,-9.89,-1.60,"Gold G system",00:00:16:31,0.0,0s,3218.0,3333.33,0.0,0.0,-3218.0,-32.18,0.0,69.5,-983.00,-9.83
02/19/2026 08:41,02/19/2026 09:55,XAUUSD,Buy,0.010,5012.33000,0.00000,5010.73000,5012.30000,-0.0600,0.0000,157.0,1.51,0.24,"Gold G system[sl 5012.33]",00:01:13:49,56.8,41m,2649.0,1.54,1045.0,10.450000000000001,-1604.0,-16.04,39.4,66.5,-888.00,-8.88
02/18/2026 14:58,02/18/2026 15:40,XAUUSD,Buy,0.010,4957.63000,0.00000,4942.41000,4957.57000,-0.0600,0.0000,1516.0,15.10,2.51,"Gold G system[sl 4957.63]",00:00:42:07,100.0,42m,4783.0,0.00,6299.0,62.99,0.0,0.0,100.0,24.1,-4783.00,-47.83
02/18/2026 14:59,02/18/2026 15:05,XAUUSD,Buy,0.010,4945.89000,0.00000,4944.29000,4945.50000,-0.0600,0.0000,121.0,1.15,0.19,"Gold G system[sl 4945.89]",00:00:05:57,,,,,,,,,,,,
02/18/2026 09:14,02/18/2026 09:58,XAUUSD,Buy,0.010,4929.82000,0.00000,4939.89000,4929.75000,-0.0600,0.0000,-1014.0,-10.20,-1.67,"Gold G system[sl 4929.82]",00:00:43:47,0.0,0s,2317.0,2500.00,0.0,0.0,-2317.0,-23.17,0.0,56.2,-1014.00,-10.14
02/17/2026 16:01,02/17/2026 16:02,XAUUSD,Sell,0.010,4856.60000,0.00000,4858.20000,4856.68000,-0.0600,0.0000,152.0,1.46,0.24,"Gold G system",00:00:01:05,,,,,,,,,,,,
02/17/2026 07:32,02/17/2026 07:33,XAUUSD,Sell,0.010,4875.33000,0.00000,4876.93000,4876.06000,-0.0600,0.0000,87.0,0.81,0.13,"Gold G system",00:00:01:00,,,,,,,,,,,,
02/17/2026 07:15,02/17/2026 07:17,XAUUSD,Sell,0.010,4916.31000,0.00000,4917.91000,4916.33000,-0.0600,0.0000,158.0,1.52,0.25,"Gold G system[sl 4916.31]",00:00:01:34,,,,,,,,,,,,
02/17/2026 02:52,02/17/2026 03:00,XAUUSD,Sell,0.010,4943.86000,0.00000,4968.17000,4944.06000,-0.0600,0.0000,2411.0,24.05,4.13,"Gold G system",00:00:08:44,12.5,1m,0.0,0.00,2411.0,24.11,0.0,0.0,100.0,100.0,0.00,0.00
02/17/2026 02:52,02/17/2026 03:00,XAUUSD,Sell,0.010,4943.86000,0.00000,4959.47000,4944.06000,-0.0600,0.0000,1541.0,15.35,2.70,"Gold G system",00:00:08:37,12.5,1m,0.0,0.00,1541.0,15.41,0.0,0.0,100.0,100.0,0.00,0.00
02/17/2026 02:58,02/17/2026 03:00,XAUUSD,Sell,0.010,4942.87000,0.00000,4933.22000,4943.01000,-0.0600,0.0000,-979.0,-9.85,-1.71,"Gold G system",00:00:02:11,,,,,,,,,,,,
02/13/2026 15:30,02/13/2026 15:31,XAUUSD,Buy,0.010,4989.50000,0.00000,4999.77000,4989.48000,-0.0600,0.0000,-1029.0,-10.35,-1.76,"Gold G system[sl 4989.50]",00:00:01:32,,,,,,,,,,,,
02/12/2026 18:13,02/12/2026 18:15,XAUUSD,Sell,0.010,0.00000,4948.24000,4999.44000,4947.52000,-0.0600,0.0000,5192.0,51.86,9.68,"Gold G system[tp 4948.24]",00:00:01:46,,,,,,,,,,,,
02/12/2026 18:11,02/12/2026 18:14,XAUUSD,Sell,0.010,0.00000,4967.38000,5018.23000,4966.67000,-0.0600,0.0000,5156.0,51.50,10.63,"Gold G system[tp 4967.38]",00:00:02:49,,,,,,,,,,,,
02/12/2026 16:56,02/12/2026 17:02,XAUUSD,Sell,0.010,5051.31000,0.00000,5042.86000,5051.33000,-0.0600,0.0000,-847.0,-8.53,-1.73,"Gold G system[sl 5051.31]",00:00:05:29,,,,,,,,,,,,
02/12/2026 15:47,02/12/2026 16:03,XAUUSD,Buy,0.010,5072.70000,0.00000,5080.84000,5072.69000,-0.0600,0.0000,-815.0,-8.21,-1.64,"Gold G system[sl 5072.70]",00:00:16:23,,,,,,,,,,,,
02/11/2026 12:40,02/11/2026 13:03,XAUUSD,Buy,0.010,5088.43000,0.00000,5080.01000,5088.43000,-0.0600,0.0000,842.0,8.36,1.70,"Gold G system[sl 5088.43]",00:00:22:36,75.0,16m,156.0,0.15,842.0,8.42,-129.0,-1.29,86.7,100.0,0.00,0.00
02/11/2026 12:44,02/11/2026 13:02,XAUUSD,Buy,0.010,5089.81000,0.00000,5088.21000,5089.69000,-0.0600,0.0000,148.0,1.42,0.29,"Gold G system[sl 5089.81]",00:00:18:23,,,,,,,,,,,,
02/11/2026 11:46,02/11/2026 12:27,XAUUSD,Buy,0.010,5070.60000,0.00000,5069.00000,5070.56000,-0.0600,0.0000,156.0,1.50,0.31,"Gold G system[sl 5070.60]",00:00:40:55,100.0,40m,4131.0,0.00,4287.0,42.87,0.0,0.0,100.0,3.6,-4131.00,-41.31
02/11/2026 04:01,02/11/2026 04:02,XAUUSD,Buy,0.010,5043.89000,0.00000,5054.05000,5043.93000,-0.0600,0.0000,-1012.0,-10.18,-2.04,"Gold G system[sl 5043.89]",00:00:01:52,,,,,,,,,,,,
02/10/2026 18:57,,,Deposit,0.000,0.00000,0.00000,0.00000,0.00000,0.0000,0.0000,0.0,500.00,0,"YM5FLU88B368W061",00:00:00:00,,,,,,,,,,,,

