Open Date,Close Date,Symbol,Action,Units/Lots,SL,TP,Open Price,Close Price,Commission,Swap,Pips,Profit,Gain,Duration (DD:HH:MM:SS),Profitable(%),Profitable(time duration),Drawdown,Risk:Reward,Max(pips),Max(USD),Min(pips),Min(USD),Entry Accuracy(%),Exit Accuracy(%),ProfitMissed(pips),ProfitMissed(USD)
05/21/2026 14:58,05/21/2026 17:11,AUDJPY,Sell,0.400,113.62400,0.00000,113.60000,113.62400,-3.0000,0.0000,-2.4,-9.03,-0.61,00:02:12:46,97.0,2h 8m,19.7,0.25,15.8,39.658,-3.9,-9.789,80.2,7.6,-18.20,-45.68
05/21/2026 14:39,,,Withdrawal,0.000,0.00000,0.00000,0.00000,0.00000,0.0000,0.0000,0.0,-200.00,0,00:00:00:00,,,,,,,,,,,,
05/13/2026 14:45,05/13/2026 15:37,XAUUSD,Buy,0.010,0.00000,4698.15800,4677.82300,4698.15800,-0.1100,0.0000,2033.5,20.23,1.22,00:00:51:23,100.0,51m,385.0,0.00,2036.7,20.367,0.0,0.0,100.0,99.8,-3.20,-0.03
05/12/2026 13:13,05/12/2026 13:51,GBPUSD,Sell,0.100,0.00000,0.00000,1.35340,1.35113,-0.6300,0.0000,22.7,22.07,1.35,00:00:38:13,100.0,38m,2.6,0.04,25.3,25.3,0.0,0.0,100.0,89.7,-2.60,-2.60
05/12/2026 13:13,05/12/2026 13:51,GBPUSD,Sell,0.100,0.00000,0.00000,1.35339,1.35113,-0.6300,0.0000,22.6,21.97,1.36,00:00:38:16,100.0,38m,2.6,0.04,25.2,25.2,0.0,0.0,100.0,89.7,-2.60,-2.60
05/06/2026 14:59,05/06/2026 19:08,BTCUSD,Buy,0.040,81254.31000,0.00000,81547.85000,81319.51000,-0.3500,0.0000,-228.3,-9.49,-0.59,00:04:09:37,43.0,1h 47m,561.1,0.90,294.75,11.790000000000001,-266.35,-10.654000000000002,52.5,6.8,-523.05,-20.92
04/28/2026 11:06,04/28/2026 11:07,BTCUSD,Buy,0.030,0.00000,0.00000,76548.96000,76483.26000,-0.4800,0.0000,-65.7,-2.45,-0.15,00:00:00:59,,,,,,,,,,,,
04/28/2026 06:43,04/28/2026 07:16,BTCUSD,Buy,0.040,76422.27000,0.00000,76646.66000,76420.18000,-0.6400,0.0000,-226.5,-9.70,-0.59,00:00:32:52,69.7,22m,322.59,2.36,96.11,3.8444000000000003,-226.48,-9.0592,29.8,0.0,-322.61,-12.90
04/27/2026 15:01,04/27/2026 15:02,XAUUSD,Buy,0.020,4671.97200,0.00000,4676.59100,4673.47550,-0.2200,0.0000,-311.6,-6.44,-0.39,00:00:00:44,,,,,,,,,,,,
04/27/2026 11:25,04/27/2026 11:36,XAUUSD,Buy,0.010,4703.42900,0.00000,4703.50400,4703.42900,-0.1100,0.0000,-7.5,-0.18,-0.01,00:00:10:57,91.0,9m,439.1,0.02,431.6,4.316000000000001,-7.5,-0.075,98.3,0.0,-439.10,-4.39
04/27/2026 11:26,04/27/2026 11:36,XAUUSD,Buy,0.010,4703.46000,0.00000,4704.16700,4703.46000,-0.1100,0.0000,-70.7,-0.82,-0.05,00:00:10:28,80.0,8m,436.0,0.19,365.3,3.653,-70.7,-0.7070000000000001,83.8,0.0,-436.00,-4.36
04/23/2026 15:23,04/27/2026 00:54,BTCUSD,Sell,0.010,79003.56000,0.00000,78689.81000,79003.56000,-0.1600,0.0000,-313.8,-3.30,-0.20,03:09:30:14,99.1,3d 8h ,2021.97,0.40,1447.81,14.4781,-574.16,-5.7416,71.6,12.9,-1761.61,-17.62
04/22/2026 17:53,04/26/2026 21:55,BTCUSD,Sell,0.020,78997.32000,0.00000,78985.24000,79007.95500,-0.3200,0.0000,-22.7,-0.78,-0.05,04:04:02:09,,,,,,,,,,,,
04/24/2026 17:38,04/24/2026 17:54,XAUUSD,Sell,0.010,4725.70900,0.00000,4723.53700,4725.70900,-0.1100,0.0000,-217.2,-2.28,-0.14,00:00:16:38,87.5,14m,467.9,0.87,250.7,2.507,-217.2,-2.172,53.6,0.0,-467.90,-4.68
04/24/2026 17:06,04/24/2026 17:54,XAUUSD,Sell,0.010,4725.75500,0.00000,4727.78400,4725.75500,-0.1100,0.0000,202.9,1.91,0.12,00:00:48:40,89.6,43m,607.5,0.15,810.4,8.104,-121.6,-1.216,87.0,34.8,-607.50,-6.08
04/16/2026 14:14,04/23/2026 13:54,GBPNZD,Sell,0.010,2.29837,0.00000,2.29841,2.29837,-0.1500,0.0000,0.4,-0.13,-0.01,06:23:39:48,92.0,6d 10h ,150.9,0.26,146.2,7.31,-38.6,-1.9300000000000002,79.1,21.1,-145.80,-7.29
04/16/2026 14:14,04/23/2026 13:54,GBPNZD,Sell,0.060,2.29837,0.00000,2.29835,2.29837,-0.9000,0.0000,-0.2,-0.97,-0.06,06:23:39:57,91.3,6d 9h ,150.9,0.27,145.6,50.959999999999994,-39.2,-13.72,78.8,21.1,-145.80,-51.03
04/23/2026 12:57,04/23/2026 13:51,XAUUSD,Sell,0.010,4739.62100,0.00000,4737.57900,4739.62100,-0.1100,0.0000,-204.2,-2.15,-0.13,00:00:54:05,92.6,50m,1448.1,0.23,1243.9,12.439000000000002,-285.1,-2.8510000000000004,81.4,5.3,-1448.10,-14.48
04/23/2026 13:46,04/23/2026 13:51,XAUUSD,Sell,0.010,4739.54800,0.00000,4737.32800,4739.54800,-0.1100,0.0000,-222.0,-2.33,-0.14,00:00:05:12,40.0,2m,426.8,1.08,204.8,2.048,-222.0,-2.22,48.0,0.0,-426.80,-4.27
04/14/2026 15:16,04/14/2026 18:33,USOIL,Buy,0.010,0.00000,0.00000,90.10400,88.71300,-0.1300,0.0000,-139.1,-14.04,-0.84,00:03:17:45,,,,,,,,,,,,
04/12/2026 18:46,,,Withdrawal,0.000,0.00000,0.00000,0.00000,0.00000,0.0000,0.0000,0.0,-60.00,0,00:00:00:00,,,,,,,,,,,,
04/07/2026 05:39,04/10/2026 10:07,EURAUD,Sell,0.040,0.00000,0.00000,1.66816,1.65729,-0.4400,0.0000,108.7,30.28,1.79,03:04:28:13,96.5,3d 1h ,96.0,0.09,182.1,50.98800000000001,-17.2,-4.816,91.4,63.2,-73.40,-20.55
04/08/2026 16:01,04/08/2026 16:14,XAUUSD,Buy,0.010,4755.00600,0.00000,4757.64700,4755.00600,-0.1100,0.0000,-264.1,-2.75,-0.16,00:00:13:33,38.5,5m,767.0,0.86,411.3,4.113,-355.7,-3.557,53.6,11.9,-675.40,-6.75
04/08/2026 15:54,04/08/2026 15:59,XAUUSD,Buy,0.010,4755.46500,0.00000,4758.71500,4755.46500,-0.1100,0.0000,-325.0,-3.36,-0.20,00:00:04:30,20.0,54s,331.5,50.00,6.5,0.065,-325.0,-3.25,2.0,0.0,-331.50,-3.31
04/08/2026 15:54,04/08/2026 15:59,XAUUSD,Buy,0.010,4755.46500,0.00000,4758.56200,4755.46500,-0.1100,0.0000,-309.7,-3.20,-0.19,00:00:04:33,20.0,54s,331.5,14.22,21.8,0.218,-309.7,-3.097,6.6,0.0,-331.50,-3.31
04/08/2026 15:29,04/08/2026 15:54,XAUUSD,Buy,0.010,4758.44900,0.00000,4751.77000,4758.44900,-0.1100,0.0000,667.9,6.57,0.39,00:00:24:21,100.0,24m,567.0,0.00,1031.0,10.31,0.0,0.0,100.0,64.8,-363.10,-3.63
04/08/2026 15:29,04/08/2026 15:54,XAUUSD,Buy,0.010,4758.48700,0.00000,4752.43900,4758.18000,-0.1100,0.0000,574.1,5.63,0.33,00:00:24:30,100.0,24m,567.0,0.00,964.1,9.641,0.0,0.0,100.0,59.5,-390.00,-3.90
04/08/2026 15:27,04/08/2026 15:29,XAUUSD,Buy,0.010,4750.20600,0.00000,4756.69800,4750.20600,-0.1100,0.0000,-649.2,-6.60,-0.39,00:00:01:48,,,,,,,,,,,,
04/08/2026 15:21,04/08/2026 15:29,XAUUSD,Buy,0.010,4750.25300,0.00000,4756.12100,4750.25300,-0.1100,0.0000,-586.8,-5.98,-0.35,00:00:08:10,0.0,0s,586.8,588.24,0.0,0.0,-586.8,-5.867999999999999,0.0,0.0,-586.80,-5.87
04/07/2026 22:21,04/07/2026 22:22,USOIL,Buy,0.010,0.00000,0.00000,98.72000,98.50700,-0.1300,0.0000,-21.3,-2.26,-0.13,00:00:01:06,,,,,,,,,,,,
04/07/2026 14:53,04/07/2026 15:06,XAUUSD,Sell,0.010,0.00000,0.00000,4646.09400,4627.53900,-0.1100,0.0000,1855.5,18.44,1.09,00:00:12:50,,,,,,,,,,,,
04/07/2026 14:47,04/07/2026 14:49,XAUUSD,Sell,0.010,0.00000,0.00000,4648.60000,4652.69500,-0.1100,0.0000,-409.5,-4.21,-0.25,00:00:02:06,,,,,,,,,,,,
04/07/2026 14:47,04/07/2026 14:47,XAUUSD,Sell,0.010,0.00000,0.00000,4648.18100,4647.89600,-0.1100,0.0000,28.5,0.17,0.01,00:00:00:07,,,,,,,,,,,,
04/07/2026 14:45,04/07/2026 14:46,XAUUSD,Sell,0.010,4656.93600,0.00000,4647.06700,4657.01800,-0.1100,0.0000,-995.1,-10.06,-0.59,00:00:01:37,,,,,,,,,,,,
04/06/2026 12:20,04/06/2026 12:33,XAUUSD,Sell,0.010,4673.53900,0.00000,4672.74500,4673.53900,-0.1100,0.0000,-79.4,-0.90,-0.05,00:00:12:54,77.0,9m,1464.0,0.23,1185.5,11.855,-278.5,-2.785,81.0,13.6,-1264.90,-12.65
04/06/2026 12:20,04/06/2026 12:33,XAUUSD,Sell,0.010,4673.53900,0.00000,4673.06500,4673.53900,-0.1100,0.0000,-47.4,-0.58,-0.03,00:00:13:03,85.8,11m,1464.0,0.20,1217.5,12.175,-246.5,-2.465,83.2,13.6,-1264.90,-12.65
04/02/2026 11:50,04/06/2026 04:01,USOIL,Buy,0.010,102.67800,0.00000,102.67800,102.67800,-0.1300,0.0000,0.0,-0.13,-0.01,03:16:11:41,,,,,,,,,,,,
04/05/2026 17:32,,,Withdrawal,0.000,0.00000,0.00000,0.00000,0.00000,0.0000,0.0000,0.0,-50.00,0,00:00:00:00,,,,,,,,,,,,
04/02/2026 12:21,04/02/2026 13:33,XAUUSD,Sell,0.010,0.00000,0.00000,4619.81900,4596.13100,-0.1100,0.0000,2368.8,23.58,1.36,00:01:12:08,68.1,49m,2574.0,0.22,3784.9,37.849000000000004,-833.1,-8.331,82.0,69.3,-1416.10,-14.16
03/25/2026 04:24,04/02/2026 11:31,USOIL,Buy,0.010,0.00000,0.00000,87.74800,102.87500,-0.1300,0.0000,1512.7,151.14,9.57,08:07:06:22,,,,,,,,,,,,
04/01/2026 16:16,04/01/2026 16:26,BTCUSD,Sell,0.020,68825.38000,0.00000,68626.52000,68825.38000,-0.3200,0.0000,-198.9,-4.30,-0.27,00:00:10:16,,,,,,,,,,,,
04/01/2026 16:14,04/01/2026 16:26,BTCUSD,Sell,0.020,68824.97000,0.00000,68646.93000,68824.97000,-0.3200,0.0000,-178.0,-3.88,-0.24,00:00:11:38,,,,,,,,,,,,
04/01/2026 08:08,04/01/2026 11:43,NZDCAD,Buy,0.200,0.00000,0.80212,0.80017,0.80212,-1.8000,0.0000,19.5,26.27,1.68,00:03:34:44,97.7,3h 29m,12.0,0.01,19.5,28.08,-0.1,-0.144,99.5,100.0,0.00,0.00
03/30/2026 16:06,,,Withdrawal,0.000,0.00000,0.00000,0.00000,0.00000,0.0000,0.0000,0.0,-30.00,0,00:00:00:00,,,,,,,,,,,,
03/30/2026 15:11,03/30/2026 15:15,XAUUSD,Buy,0.010,0.00000,0.00000,4535.87000,4533.34800,-0.1100,0.0000,-252.2,-2.63,-0.16,00:00:03:58,,,,,,,,,,,,
03/30/2026 14:49,03/30/2026 15:09,USDJPY,Sell,0.200,0.00000,0.00000,159.56700,159.58400,-1.4000,0.0000,-1.7,-3.53,-0.22,00:00:20:07,,,,,,,,,,,,
03/30/2026 14:55,03/30/2026 15:08,XAUUSD,Buy,0.010,4532.89100,0.00000,4537.75800,4532.89100,-0.1100,0.0000,-486.7,-4.98,-0.31,00:00:13:23,,,,,,,,,,,,
03/26/2026 22:06,03/27/2026 00:22,XAUUSD,Buy,0.010,4386.90000,0.00000,4397.73300,4386.90000,-0.1100,0.0000,-1083.3,-10.94,-0.68,00:02:16:37,66.7,1h 31m,2441.0,0.80,1357.7,13.577,-1083.3,-10.833,55.6,0.0,-2441.00,-24.41
03/26/2026 17:01,03/26/2026 17:06,XAUUSD,Sell,0.010,4399.63800,0.00000,4393.26200,4400.52500,-0.1100,0.0000,-726.3,-7.38,-0.46,00:00:04:59,,,,,,,,,,,,
03/26/2026 16:24,03/26/2026 17:01,XAUUSD,Sell,0.010,0.00000,0.00000,4404.04100,4396.90800,-0.1100,0.0000,713.3,7.02,0.43,00:00:36:26,,,,,,,,,,,,
03/24/2026 20:47,03/24/2026 22:25,USOIL,Buy,0.010,0.00000,88.39200,88.39200,88.39200,-0.1300,0.0000,0.0,-0.13,-0.01,00:01:37:41,,,,,,,,,,,,
03/24/2026 14:11,03/24/2026 21:06,BTCUSD,Sell,0.020,0.00000,0.00000,70060.59000,70163.75000,-0.3200,0.0000,-103.2,-2.39,-0.15,00:06:54:33,96.5,6h 40m,1238.15,0.09,1134.99,22.6998,-103.16,-2.0632,91.7,0.0,-1238.19,-24.76
03/23/2026 20:13,03/24/2026 20:39,USOIL,Buy,0.010,0.00000,0.00000,88.14100,87.39900,-0.1300,0.0000,-74.2,-7.55,-0.46,01:00:26:23,,,,,,,,,,,,
03/23/2026 20:00,03/24/2026 20:37,USOIL,Buy,0.010,0.00000,0.00000,88.23600,87.55700,-0.1300,0.0000,-67.9,-6.92,-0.42,01:00:36:41,,,,,,,,,,,,
03/24/2026 14:36,03/24/2026 14:52,USDJPY,Buy,0.100,158.60300,0.00000,158.68900,158.60300,-0.7000,0.0000,-8.6,-6.12,-0.37,00:00:15:49,,,,,,,,,,,,
03/24/2026 13:42,03/24/2026 14:22,USDJPY,Buy,0.080,158.67700,0.00000,158.91900,158.67700,-0.5600,0.0000,-24.2,-12.76,-0.77,00:00:39:51,,,,,,,,,,,,
03/24/2026 13:42,03/24/2026 13:47,USDJPY,Buy,0.080,0.00000,0.00000,158.92200,158.88100,-0.5600,0.0000,-4.1,-2.62,-0.16,00:00:05:32,,,,,,,,,,,,
03/24/2026 13:43,03/24/2026 13:43,USDJPY,Buy,0.080,0.00000,0.00000,158.89500,158.90000,-0.5600,0.0000,0.5,-0.31,-0.02,00:00:00:48,,,,,,,,,,,,
03/10/2026 17:24,03/23/2026 11:34,USOIL,Buy,0.010,0.00000,0.00000,76.74200,89.59600,-0.1300,0.0000,1285.4,128.41,8.42,12:18:10:17,,,,,,,,,,,,
03/20/2026 07:34,03/23/2026 11:05,USOIL,Buy,0.010,93.64100,0.00000,93.63600,93.64100,-0.1300,0.0000,0.5,-0.08,-0.01,03:03:31:09,,,,,,,,,,,,
03/23/2026 05:54,03/23/2026 10:50,USOIL,Buy,0.010,97.21900,0.00000,97.52400,97.18000,-0.1300,0.0000,-34.4,-3.57,-0.23,00:04:55:27,,,,,,,,,,,,
03/03/2026 17:11,03/22/2026 21:05,BTCUSD,Sell,0.010,0.00000,67662.35000,67709.64000,67662.35000,-0.1600,0.0000,47.3,0.32,0.02,19:03:53:38,8.5,1d 15h ,9655.3,4.56,1736.64,17.366400000000002,-7918.66,-79.1866,18.0,82.5,-1689.34,-16.89
03/20/2026 07:22,,,Withdrawal,0.000,0.00000,0.00000,0.00000,0.00000,0.0000,0.0000,0.0,-100.00,0,00:00:00:00,,,,,,,,,,,,
03/20/2026 07:18,,,Deposit,0.000,0.00000,0.00000,0.00000,0.00000,0.0000,0.0000,0.0,102.30,0,00:00:00:00,,,,,,,,,,,,
03/20/2026 07:00,,,Withdrawal,0.000,0.00000,0.00000,0.00000,0.00000,0.0000,0.0000,0.0,-100.00,0,00:00:00:00,,,,,,,,,,,,
03/20/2026 06:32,,,Withdrawal,0.000,0.00000,0.00000,0.00000,0.00000,0.0000,0.0000,0.0,-13.00,0,00:00:00:00,,,,,,,,,,,,
03/19/2026 17:13,,,Withdrawal,0.000,0.00000,0.00000,0.00000,0.00000,0.0000,0.0000,0.0,-13.00,0,00:00:00:00,,,,,,,,,,,,
03/19/2026 15:38,,,Withdrawal,0.000,0.00000,0.00000,0.00000,0.00000,0.0000,0.0000,0.0,-13.00,0,00:00:00:00,,,,,,,,,,,,
03/19/2026 14:54,,,Withdrawal,0.000,0.00000,0.00000,0.00000,0.00000,0.0000,0.0000,0.0,-11.00,0,00:00:00:00,,,,,,,,,,,,
03/19/2026 14:02,,,Withdrawal,0.000,0.00000,0.00000,0.00000,0.00000,0.0000,0.0000,0.0,-10.00,0,00:00:00:00,,,,,,,,,,,,
03/19/2026 13:26,,,Withdrawal,0.000,0.00000,0.00000,0.00000,0.00000,0.0000,0.0000,0.0,-160.00,0,00:00:00:00,,,,,,,,,,,,
03/19/2026 13:24,,,Deposit,0.000,0.00000,0.00000,0.00000,0.00000,0.0000,0.0000,0.0,49.44,0,00:00:00:00,,,,,,,,,,,,
03/16/2026 05:45,03/16/2026 14:30,XAUUSD,Buy,0.010,5012.77400,0.00000,5017.17200,5012.77400,-0.1100,0.0000,-439.8,-4.51,-0.25,00:08:44:38,27.8,2h 25m,4168.2,3.28,1269.8,12.698,-4168.2,-41.682,23.4,68.6,-1709.60,-17.10
03/16/2026 06:09,03/16/2026 12:31,BTCUSD,Sell,0.030,73965.68000,0.00000,73748.89000,73969.06000,-0.4800,0.0000,-220.2,-7.08,-0.39,00:06:21:51,61.6,3h 55m,825.06,0.36,604.89,18.1467,-220.17,-6.605099999999999,73.3,0.0,-825.09,-24.75
03/15/2026 06:23,03/15/2026 21:37,BTCUSD,Sell,0.030,72012.90000,0.00000,71498.16000,72013.79000,-0.4800,0.0000,-515.6,-15.95,-0.87,00:15:13:27,25.9,3h 56m,622.84,1.21,-515.63,-15.4689,-622.84,-18.685200000000002,-481.0,100.0,0.03,0.00
03/15/2026 11:53,03/15/2026 11:53,BTCUSD,Buy,0.010,0.00000,0.00000,71858.11000,71850.93000,-0.1600,0.0000,-7.2,-0.23,-0.01,00:00:00:11,,,,,,,,,,,,
03/13/2026 06:58,03/13/2026 16:19,BTCUSD,Sell,0.010,0.00000,71410.64000,71362.57000,71410.64000,-0.1600,0.0000,-48.1,-0.64,-0.04,00:09:21:16,0.0,0s,2047.43,2500.00,0.0,0.0,-2047.43,-20.4743,0.0,97.7,-48.10,-0.48
03/11/2026 14:53,03/11/2026 15:32,XAUUSD,Sell,0.010,0.00000,0.00000,5188.99400,5171.00900,-0.1100,0.0000,1798.5,17.87,0.99,00:00:38:40,,,,,,,,,,,,
03/11/2026 13:56,03/11/2026 15:24,GBPUSD,Sell,0.100,0.00000,0.00000,1.34096,1.34125,-0.9000,0.0000,-2.9,-3.77,-0.21,00:01:27:33,,,,,,,,,,,,
03/06/2026 11:50,03/06/2026 13:30,USDCAD,Buy,0.080,1.36440,0.00000,1.36630,1.36440,-0.6400,0.0000,-19.0,-11.77,-0.65,00:01:39:16,,,,,,,,,,,,
03/04/2026 19:03,03/05/2026 17:41,USOIL,Buy,0.020,0.00000,0.00000,73.85600,78.15200,-0.2500,0.0000,429.6,85.67,4.93,00:22:38:25,,,,,,,,,,,,
03/05/2026 16:13,03/05/2026 17:04,USTEC,Sell,0.200,25091.75000,0.00000,24960.47000,25033.84000,-0.5000,0.0000,-7337.0,-15.18,-0.87,00:00:51:43,,,,,,,,,,,,
03/05/2026 16:30,03/05/2026 16:32,USTEC,Sell,0.100,0.00000,0.00000,24972.78000,25001.74000,-0.2500,0.0000,-2896.0,-3.15,-0.18,00:00:01:56,,,,,,,,,,,,
03/04/2026 18:53,03/04/2026 18:54,USOIL,Buy,0.020,0.00000,0.00000,74.27100,74.23000,-0.2500,0.0000,-4.1,-1.07,-0.06,00:00:00:55,,,,,,,,,,,,
03/04/2026 10:30,03/04/2026 18:51,BTCUSD,Sell,0.010,0.00000,0.00000,71469.19000,73580.15000,-0.1600,0.0000,-2111.0,-21.27,-1.20,00:08:20:29,12.5,1h 2m,2371.0,17.79,126.19,1.2619,-2244.81,-22.4481,5.3,5.6,-2237.19,-22.37
03/04/2026 10:31,03/04/2026 14:16,BTCUSD,Sell,0.010,71957.80000,0.00000,71516.15000,71966.21000,-0.1600,0.0000,-450.1,-4.66,-0.26,00:03:45:17,,,,,,,,,,,,
03/04/2026 09:34,03/04/2026 09:39,BTCUSD,Sell,0.010,0.00000,0.00000,71251.98000,71780.90000,-0.1600,0.0000,-528.9,-5.45,-0.30,00:00:04:54,,,,,,,,,,,,
03/04/2026 09:34,03/04/2026 09:36,BTCUSD,Sell,0.010,0.00000,0.00000,71247.78000,71557.80000,-0.1600,0.0000,-310.0,-3.26,-0.18,00:00:02:41,,,,,,,,,,,,
03/03/2026 17:11,03/03/2026 17:16,BTCUSD,Sell,0.010,0.00000,0.00000,67913.90000,68020.24000,-0.1600,0.0000,-106.3,-1.22,-0.07,00:00:04:52,,,,,,,,,,,,
03/03/2026 16:43,03/03/2026 16:44,BTCUSD,Sell,0.010,0.00000,0.00000,67545.38000,67723.55000,-0.1600,0.0000,-178.2,-1.95,-0.11,00:00:00:50,,,,,,,,,,,,
03/03/2026 14:45,03/03/2026 14:53,BTCUSD,Sell,0.030,66708.88000,0.00000,66391.16000,66710.05000,-0.4800,0.0000,-318.9,-10.05,-0.56,00:00:07:38,,,,,,,,,,,,
03/01/2026 07:16,03/02/2026 01:11,BTCUSD,Sell,0.020,67001.84000,0.00000,66991.43000,67001.84000,-0.3200,0.0000,-10.4,-0.53,-0.03,00:17:54:52,94.5,16h 55m,1722.84,0.01,1712.43,34.2486,-10.41,-0.2082,99.4,0.0,-1722.83,-34.46
03/01/2026 09:17,03/02/2026 01:10,BTCUSD,Sell,0.010,66885.65000,0.00000,66764.00000,66885.65000,-0.1600,0.0000,-121.7,-1.38,-0.08,00:15:53:11,75.0,11h 54m,1606.65,0.08,1485.0,14.85,-121.65,-1.2165000000000001,92.4,0.0,-1606.70,-16.07
03/01/2026 07:04,03/01/2026 07:05,BTCUSD,Sell,0.020,0.00000,0.00000,66844.34000,66825.32000,-0.3200,0.0000,19.0,0.06,0.00,00:00:01:12,,,,,,,,,,,,
02/25/2026 13:01,02/25/2026 13:02,USOIL,Buy,0.030,0.00000,0.00000,66.16800,66.16200,-0.3800,0.0000,-0.6,-0.56,-0.03,00:00:01:29,,,,,,,,,,,,
02/23/2026 14:30,02/24/2026 04:32,USDJPY,Sell,0.040,155.29400,0.00000,154.81500,155.29400,-0.2800,0.0000,-47.9,-12.62,-0.69,00:14:01:52,57.2,8h 1m,99.4,0.93,51.5,13.39,-47.9,-12.454,51.8,0.0,-99.40,-25.84
02/23/2026 13:20,02/24/2026 04:32,USDJPY,Sell,0.050,155.29100,0.00000,154.70300,155.29100,-0.3500,0.0000,-58.8,-19.28,-1.05,00:15:12:29,53.4,8h 7m,99.1,1.46,40.3,12.895999999999999,-58.8,-18.816,40.7,0.0,-99.10,-31.71
02/14/2026 13:37,02/14/2026 13:40,BTCUSD,Buy,0.040,69377.22000,0.00000,69483.24000,69362.60000,-0.6400,0.0000,-120.6,-5.47,-0.30,00:00:03:05,,,,,,,,,,,,
02/13/2026 15:38,02/13/2026 16:26,XAUUSD,Sell,0.010,5011.68100,0.00000,5011.40800,5011.68100,-0.1100,0.0000,-27.3,-0.38,-0.02,00:00:47:31,,,,,,,,,,,,
02/13/2026 08:43,02/13/2026 11:36,USOIL,Buy,0.030,62.69500,0.00000,62.69500,62.69500,-0.3800,0.0000,0.0,-0.38,-0.02,00:02:52:59,,,,,,,,,,,,
02/12/2026 17:33,02/12/2026 22:47,BTCUSD,Sell,0.010,66248.66000,0.00000,65897.23000,66255.09000,-0.1600,0.0000,-357.9,-3.74,-0.20,00:05:13:51,,,,,,,,,,,,
02/12/2026 17:35,02/12/2026 19:24,BTCUSD,Sell,0.010,65905.91000,0.00000,65905.79000,65913.62000,-0.1600,0.0000,-7.8,-0.24,-0.01,00:01:48:29,,,,,,,,,,,,
02/12/2026 15:05,02/12/2026 16:09,XAUUSD,Buy,0.010,5052.28100,0.00000,5052.28000,5052.28100,-0.1100,0.0000,0.1,-0.11,-0.01,00:01:03:13,,,,,,,,,,,,
02/12/2026 14:54,02/12/2026 15:15,GBPJPY,Buy,0.050,208.93100,0.00000,209.21200,208.93100,-0.7500,0.0000,-28.1,-9.94,-0.53,00:00:20:26,,,,,,,,,,,,
02/11/2026 06:53,02/11/2026 07:22,EURGBP,Buy,0.050,0.87152,0.00000,0.87177,0.87152,-0.9000,0.0000,-2.5,-2.61,-0.14,00:00:28:29,,,,,,,,,,,,
02/04/2026 05:18,02/04/2026 10:13,USDCAD,Sell,0.200,1.36512,0.00000,1.36368,1.36476,-1.6000,0.0000,-10.8,-17.46,-0.93,00:04:55:07,,,,,,,,,,,,
02/02/2026 15:10,,,Withdrawal,0.000,0.00000,0.00000,0.00000,0.00000,0.0000,0.0000,0.0,-15.00,0,00:00:00:00,,,,,,,,,,,,
01/29/2026 08:10,01/29/2026 08:28,BTCUSD,Sell,0.020,88138.17000,0.00000,87909.52000,88138.17000,-0.3200,0.0000,-228.7,-4.89,-0.26,00:00:18:41,,,,,,,,,,,,
01/29/2026 08:10,01/29/2026 08:28,BTCUSD,Sell,0.020,88135.96000,0.00000,87909.42000,88135.96000,-0.3200,0.0000,-226.5,-4.85,-0.25,00:00:18:43,,,,,,,,,,,,
01/28/2026 15:10,01/28/2026 17:43,BTCUSD,Sell,0.020,89771.59000,0.00000,89278.55000,89771.59000,-0.3200,0.0000,-493.0,-10.18,-0.53,00:02:33:46,,,,,,,,,,,,
01/28/2026 17:23,,,Withdrawal,0.000,0.00000,0.00000,0.00000,0.00000,0.0000,0.0000,0.0,-15.00,0,00:00:00:00,,,,,,,,,,,,
01/28/2026 12:16,01/28/2026 13:02,BTCUSD,Sell,0.010,0.00000,0.00000,89801.39000,89901.42000,-0.1600,0.0000,-100.0,-1.16,-0.06,00:00:45:23,,,,,,,,,,,,
01/28/2026 09:20,01/28/2026 10:00,ETHUSD,Sell,0.300,3016.56000,0.00000,2983.58000,3016.56000,-0.3800,0.0000,-3298.0,-10.28,-0.53,00:00:39:59,,,,,,,,,,,,
01/27/2026 14:45,01/27/2026 16:28,USOIL,Buy,0.060,0.00000,0.00000,61.13000,61.59567,-0.7500,0.0000,46.6,27.19,1.42,00:01:43:41,,,,,,,,,,,,
01/27/2026 12:51,01/27/2026 13:29,USOIL,Buy,0.060,0.00000,61.05000,60.52900,61.05000,-0.7500,0.0000,52.1,30.51,1.62,00:00:38:08,,,,,,,,,,,,
01/26/2026 17:31,01/26/2026 18:03,ETHUSD,Sell,0.200,2916.89000,0.00000,2891.76000,2916.89000,-0.2500,0.0000,-2513.0,-5.28,-0.28,00:00:32:38,,,,,,,,,,,,
01/26/2026 17:21,01/26/2026 18:03,ETHUSD,Sell,0.450,2916.22000,0.00000,2890.25000,2916.22000,-0.5600,0.0000,-2597.0,-12.25,-0.64,00:00:42:04,,,,,,,,,,,,
01/26/2026 11:55,01/26/2026 11:58,USOIL,Buy,0.060,61.08600,0.00000,61.15400,61.08600,-0.7500,0.0000,-6.8,-4.83,-0.25,00:00:02:31,,,,,,,,,,,,
01/24/2026 16:05,,,Withdrawal,0.000,0.00000,0.00000,0.00000,0.00000,0.0000,0.0000,0.0,-15.00,0,00:00:00:00,,,,,,,,,,,,
01/22/2026 14:55,01/22/2026 15:22,ETHUSD,Buy,0.450,2930.85000,0.00000,2940.94000,2930.85000,-0.5600,0.0000,-1009.0,-5.10,-0.27,00:00:26:18,,,,,,,,,,,,
01/22/2026 14:40,01/22/2026 14:48,BTCUSD,Buy,0.010,89019.98000,0.00000,89595.16000,89019.98000,-0.1600,0.0000,-575.2,-5.91,-0.31,00:00:07:47,,,,,,,,,,,,
01/22/2026 14:39,01/22/2026 14:48,BTCUSD,Buy,0.020,89024.93000,0.00000,89621.41000,89022.53000,-0.3200,0.0000,-598.9,-12.30,-0.63,00:00:09:10,,,,,,,,,,,,
01/22/2026 14:39,01/22/2026 14:40,BTCUSD,Buy,0.010,0.00000,0.00000,89606.25000,89564.81000,-0.1600,0.0000,-41.4,-0.57,-0.03,00:00:00:50,,,,,,,,,,,,
01/21/2026 13:15,01/21/2026 16:36,ETHUSD,Buy,0.400,2939.00000,0.00000,2939.04000,2939.00000,-0.5000,0.0000,-4.0,-0.52,-0.03,00:03:20:07,,,,,,,,,,,,
01/20/2026 16:21,01/20/2026 16:31,ETHUSD,Buy,0.600,3016.60000,0.00000,3033.40000,3019.30167,-0.7500,0.0000,-1409.8,-9.21,-0.47,00:00:09:33,,,,,,,,,,,,
01/20/2026 09:10,01/20/2026 09:29,XAUUSD,Sell,0.010,4732.47200,0.00000,4728.14400,4732.47200,-0.1100,0.0000,-432.8,-4.44,-0.23,00:00:18:58,,,,,,,,,,,,
01/20/2026 09:10,01/20/2026 09:25,XAUUSD,Sell,0.010,0.00000,0.00000,4728.32300,4728.68900,-0.1100,0.0000,-36.6,-0.48,-0.02,00:00:14:34,,,,,,,,,,,,
01/12/2026 15:23,01/20/2026 06:54,ETHUSD,Sell,0.100,0.00000,3110.00000,3110.38000,3110.00000,-0.1300,0.0000,38.0,-0.09,0.00,07:15:30:27,4.4,8h 4m,27128.0,13.70,1846.0,0.0,-25282.0,-0.0,6.8,93.3,-1808.00,0.00
01/19/2026 12:06,01/19/2026 12:16,XAUUSD,Sell,0.010,4667.90000,0.00000,4662.93300,4667.90000,-0.1100,0.0000,-496.7,-5.08,-0.26,00:00:10:07,,,,,,,,,,,,
01/18/2026 19:13,01/19/2026 04:20,ETHUSD,Sell,0.200,0.00000,0.00000,3357.29000,3209.52000,-0.2500,0.0000,14777.0,29.31,1.52,00:09:06:25,,,,,,,,,,,,
01/18/2026 18:40,01/19/2026 04:19,ETHUSD,Sell,0.200,0.00000,0.00000,3358.42000,3209.83000,-0.2500,0.0000,14859.0,29.46,1.55,00:09:39:23,,,,,,,,,,,,
01/18/2026 18:33,01/19/2026 04:19,ETHUSD,Sell,0.500,0.00000,0.00000,3358.38000,3210.91000,-0.6300,0.0000,14747.0,73.10,3.99,00:09:46:01,,,,,,,,,,,,
01/18/2026 18:40,01/18/2026 18:40,ETHUSD,Buy,0.200,0.00000,0.00000,3357.55000,3356.94000,-0.2500,0.0000,-61.0,-0.37,-0.02,00:00:00:03,,,,,,,,,,,,
01/14/2026 15:34,01/14/2026 16:02,BTCUSD,Sell,0.020,96909.00000,0.00000,96909.47000,96909.00000,-0.3200,0.0000,0.5,-0.31,-0.02,00:00:27:49,,,,,,,,,,,,
01/11/2026 17:07,01/13/2026 15:58,ETHUSD,Sell,0.300,3185.29000,0.00000,3125.19000,3143.79667,-0.3800,0.0000,-1860.7,-5.96,-0.32,01:22:50:56,45.5,21h 18m,9089.0,1.73,3327.0,0.0,-5762.0,-0.0,36.6,42.9,-5187.70,0.00
01/12/2026 15:03,01/13/2026 08:55,USOIL,Buy,0.040,0.00000,59.97000,58.70200,59.62800,-0.5000,0.0000,92.6,36.54,2.03,00:17:51:35,,,,,,,,,,,,
01/12/2026 15:22,01/12/2026 19:38,USOIL,Buy,0.010,0.00000,59.62100,58.65700,59.62100,-0.1300,0.0000,96.4,9.51,0.53,00:04:16:04,,,,,,,,,,,,
01/12/2026 11:22,01/12/2026 15:24,ETHUSD,Sell,0.100,0.00000,0.00000,3109.58000,3114.09000,-0.1300,0.0000,-451.0,-0.58,-0.03,00:04:01:40,,,,,,,,,,,,
01/11/2026 17:16,01/12/2026 01:50,ETHUSD,Sell,0.100,0.00000,0.00000,3123.40000,3124.18000,-0.1300,0.0000,-78.0,-0.21,-0.01,00:08:34:39,,,,,,,,,,,,
01/11/2026 17:05,01/11/2026 17:10,BTCUSD,Sell,0.010,0.00000,0.00000,90929.03000,91005.93000,-0.1600,0.0000,-76.9,-0.93,-0.05,00:00:04:37,,,,,,,,,,,,
12/14/2025 23:08,01/09/2026 18:52,USOIL,Buy,0.030,0.00000,0.00000,57.30500,59.19500,-0.3800,0.0000,189.0,56.32,3.24,25:19:44:11,,,,,,,,,,,,
01/05/2026 10:15,01/09/2026 18:52,USOIL,Buy,0.030,0.00000,0.00000,57.16100,59.19600,-0.3800,0.0000,203.5,60.67,3.62,04:08:36:58,,,,,,,,,,,,
01/05/2026 15:10,01/09/2026 18:52,USOIL,Buy,0.030,0.00000,0.00000,57.42600,59.19600,-0.3800,0.0000,177.0,52.72,3.25,04:03:42:36,,,,,,,,,,,,
11/06/2025 17:54,01/09/2026 14:51,USOIL,Buy,0.010,0.00000,59.15100,59.15100,59.15100,-0.1300,0.0000,0.0,-0.13,-0.01,63:20:56:49,,,,,,,,,,,,
11/06/2025 14:27,01/09/2026 14:51,USOIL,Buy,0.050,0.00000,59.11900,59.11900,59.11900,-0.6300,0.0000,0.0,-0.63,-0.04,64:00:23:20,,,,,,,,,,,,
11/19/2025 16:05,01/09/2026 14:51,USOIL,Buy,0.020,0.00000,59.10900,59.10900,59.10900,-0.2500,0.0000,0.0,-0.25,-0.02,50:22:45:27,,,,,,,,,,,,
01/07/2026 04:56,,,Deposit,0.000,0.00000,0.00000,0.00000,0.00000,0.0000,0.0000,0.0,418.00,0,00:00:00:00,,,,,,,,,,,,
01/05/2026 15:24,01/05/2026 15:41,BTCUSD,Sell,0.010,93798.74000,0.00000,93306.48000,93806.13000,-0.1600,0.0000,-499.7,-5.16,-0.43,00:00:17:03,,,,,,,,,,,,
12/30/2025 08:02,12/30/2025 16:29,USOIL,Buy,0.030,57.95900,0.00000,57.96200,57.95900,-0.3800,0.0000,-0.3,-0.47,-0.04,00:08:27:26,,,,,,,,,,,,
12/30/2025 07:40,12/30/2025 08:00,USOIL,Buy,0.050,0.00000,0.00000,57.95400,57.88200,-0.6300,0.0000,-7.2,-4.23,-0.35,00:00:19:41,,,,,,,,,,,,
12/18/2025 10:17,,,Withdrawal,0.000,0.00000,0.00000,0.00000,0.00000,0.0000,0.0000,0.0,-15.00,0,00:00:00:00,,,,,,,,,,,,
12/14/2025 23:08,12/15/2025 08:10,USOIL,Buy,0.020,0.00000,0.00000,57.29900,57.38700,-0.2500,0.0000,8.8,1.51,0.12,00:09:02:02,,,,,,,,,,,,
12/11/2025 15:30,12/11/2025 18:46,BTCUSD,Sell,0.020,0.00000,0.00000,90153.02000,91169.94000,-0.3200,0.0000,-1016.9,-20.66,-1.65,00:03:15:57,,,,,,,,,,,,
12/11/2025 15:32,12/11/2025 18:44,BTCUSD,Sell,0.010,0.00000,0.00000,90113.09000,91120.95000,-0.1600,0.0000,-1007.9,-10.24,-0.81,00:03:12:43,,,,,,,,,,,,
12/11/2025 14:50,12/11/2025 15:24,BTCUSD,Sell,0.020,90523.75000,0.00000,89678.70000,90523.75000,-0.3200,0.0000,-845.1,-17.23,-1.35,00:00:33:47,,,,,,,,,,,,
12/11/2025 15:01,12/11/2025 15:24,BTCUSD,Sell,0.010,90478.62000,0.00000,89549.67000,90478.62000,-0.1600,0.0000,-929.0,-9.45,-0.73,00:00:22:18,,,,,,,,,,,,
12/04/2025 15:55,12/10/2025 19:23,BTCUSD,Buy,0.010,0.00000,0.00000,92982.64000,92759.13000,-0.1600,0.0000,-223.5,-2.40,-0.19,06:03:28:03,2.8,4h 7m,3650.34,4.42,826.56,8.2656,-3650.34,-36.5034,18.5,76.5,-1050.06,-10.50
12/10/2025 18:55,,,Withdrawal,0.000,0.00000,0.00000,0.00000,0.00000,0.0000,0.0000,0.0,-100.00,0,00:00:00:00,,,,,,,,,,,,
12/08/2025 18:03,12/08/2025 21:30,ETHUSD,Sell,0.100,3149.34000,0.00000,3119.95000,3149.34000,-0.1300,0.0000,-2939.0,-3.06,-0.22,00:03:27:09,,,,,,,,,,,,
12/08/2025 17:38,12/08/2025 20:53,ETHUSD,Sell,0.500,3145.68000,0.00000,3106.82000,3135.84000,-0.6300,0.0000,-2902.0,-15.14,-1.08,00:03:15:15,,,,,,,,,,,,
11/26/2025 20:04,12/08/2025 18:52,USOIL,Buy,0.010,0.00000,0.00000,58.62300,58.62200,-0.1300,0.0000,-0.1,-0.14,-0.01,11:22:48:11,,,,,,,,,,,,
11/21/2025 05:58,12/08/2025 18:52,USOIL,Buy,0.030,0.00000,0.00000,58.21900,58.62100,-0.3800,0.0000,40.2,11.68,0.84,17:12:53:42,,,,,,,,,,,,
12/08/2025 16:56,,,Withdrawal,0.000,0.00000,0.00000,0.00000,0.00000,0.0000,0.0000,0.0,-49.00,0,00:00:00:00,,,,,,,,,,,,
12/08/2025 09:55,12/08/2025 11:31,XAUUSD,Sell,0.010,4210.45300,0.00000,4209.88400,4210.45300,-0.1100,0.0000,-56.9,-0.68,-0.05,00:01:35:41,,,,,,,,,,,,
12/08/2025 08:00,12/08/2025 09:52,XAUUSD,Sell,0.010,0.00000,0.00000,4205.62700,4211.56300,-0.1100,0.0000,-593.6,-6.04,-0.42,00:01:51:37,,,,,,,,,,,,
12/08/2025 04:20,,,Withdrawal,0.000,0.00000,0.00000,0.00000,0.00000,0.0000,0.0000,0.0,-55.00,0,00:00:00:00,,,,,,,,,,,,
12/07/2025 19:25,12/08/2025 01:38,BTCUSD,Sell,0.020,91588.94000,0.00000,91308.56000,91593.50000,-0.3200,0.0000,-284.9,-6.02,-0.40,00:06:13:16,,,,,,,,,,,,
12/07/2025 19:26,12/08/2025 01:38,BTCUSD,Sell,0.020,91578.50000,0.00000,91303.00000,91587.45000,-0.3200,0.0000,-284.5,-6.01,-0.40,00:06:11:41,,,,,,,,,,,,
12/07/2025 14:18,12/07/2025 16:59,BTCUSD,Sell,0.020,89775.88000,0.00000,88844.63000,89775.88000,-0.3200,0.0000,-931.3,-18.95,-1.23,00:02:41:50,,,,,,,,,,,,
12/07/2025 16:14,12/07/2025 16:59,BTCUSD,Sell,0.010,89763.13000,0.00000,89220.54000,89763.13000,-0.1600,0.0000,-542.6,-5.58,-0.36,00:00:45:25,,,,,,,,,,,,
12/07/2025 16:13,12/07/2025 16:59,BTCUSD,Sell,0.010,89759.99000,0.00000,89281.39000,89759.99000,-0.1600,0.0000,-478.6,-4.95,-0.32,00:00:46:20,,,,,,,,,,,,
12/07/2025 09:58,12/07/2025 15:53,BTCUSD,Sell,0.020,89132.38000,0.00000,89154.69000,89132.38000,-0.3200,0.0000,22.3,0.12,0.01,00:05:55:03,,,,,,,,,,,,
12/05/2025 19:26,,,Withdrawal,0.000,0.00000,0.00000,0.00000,0.00000,0.0000,0.0000,0.0,-30.00,0,00:00:00:00,,,,,,,,,,,,
12/05/2025 17:26,12/05/2025 17:32,BTCUSD,Sell,0.020,89105.81000,0.00000,88743.52000,89105.81000,-0.3200,0.0000,-362.3,-7.57,-0.48,00:00:06:07,,,,,,,,,,,,
12/05/2025 17:24,12/05/2025 17:24,BTCUSD,Sell,0.020,0.00000,0.00000,88854.17000,88936.60000,-0.3200,0.0000,-82.4,-1.97,-0.12,00:00:00:42,,,,,,,,,,,,
12/05/2025 17:12,12/05/2025 17:20,BTCUSD,Sell,0.020,89023.74000,0.00000,88715.80000,89023.74000,-0.3200,0.0000,-307.9,-6.47,-0.41,00:00:08:11,,,,,,,,,,,,
10/28/2025 08:01,12/05/2025 15:32,USOIL,Buy,0.030,0.00000,60.23200,60.21400,60.23200,-0.3800,0.0000,1.8,0.16,0.01,38:07:31:48,,,,,,,,,,,,
12/05/2025 07:38,12/05/2025 07:54,USOIL,Buy,0.080,0.00000,0.00000,59.35500,59.34200,-1.0000,0.0000,-1.3,-2.04,-0.13,00:00:15:44,,,,,,,,,,,,
12/05/2025 07:26,12/05/2025 07:36,USOIL,Buy,0.050,59.27200,0.00000,59.40000,59.27200,-0.6300,0.0000,-12.8,-7.03,-0.44,00:00:09:15,,,,,,,,,,,,
12/05/2025 07:09,12/05/2025 07:36,USOIL,Buy,0.100,59.27100,0.00000,59.39100,59.27100,-1.2500,0.0000,-12.0,-13.25,-0.82,00:00:26:18,,,,,,,,,,,,
12/05/2025 07:10,12/05/2025 07:16,USOIL,Buy,0.050,0.00000,0.00000,59.39100,59.37500,-0.6300,0.0000,-1.6,-1.43,-0.09,00:00:05:49,,,,,,,,,,,,
11/14/2025 12:16,12/04/2025 18:44,USOIL,Buy,0.030,0.00000,0.00000,59.57400,59.67900,-0.3800,0.0000,10.5,2.77,0.17,20:06:28:11,,,,,,,,,,,,
12/04/2025 15:55,12/04/2025 16:03,BTCUSD,Buy,0.020,92674.90000,0.00000,92999.15000,92792.31000,-0.3200,0.0000,-206.8,-4.45,-0.27,00:00:08:03,,,,,,,,,,,,
12/04/2025 08:32,12/04/2025 09:00,USDCAD,Sell,0.300,1.39669,0.00000,1.39618,1.39669,-2.4000,0.0000,-5.1,-13.35,-0.82,00:00:28:04,,,,,,,,,,,,
12/04/2025 08:21,12/04/2025 08:55,USOIL,Sell,0.100,59.19800,0.00000,59.02200,59.14340,-1.2500,0.0000,-12.1,-13.39,-0.81,00:00:33:24,,,,,,,,,,,,
12/04/2025 08:26,12/04/2025 08:30,USDCAD,Sell,0.300,1.39642,0.00000,1.39626,1.39642,-2.4000,0.0000,-1.6,-5.84,-0.35,00:00:03:44,,,,,,,,,,,,
12/04/2025 01:36,12/04/2025 01:36,USOIL,Buy,0.010,0.00000,0.00000,58.97900,58.97900,-0.1300,0.0000,0.0,-0.13,-0.01,00:00:00:04,,,,,,,,,,,,
12/03/2025 16:45,12/03/2025 16:53,USOIL,Buy,0.070,59.02000,0.00000,59.11200,59.02000,-0.8800,0.0000,-9.2,-7.32,-0.44,00:00:08:09,,,,,,,,,,,,
12/02/2025 17:00,12/02/2025 17:05,BTCUSD,Sell,0.030,91148.67000,0.00000,90791.39000,91161.67000,-0.4800,0.0000,-370.3,-11.59,-0.69,00:00:04:50,,,,,,,,,,,,
12/02/2025 16:08,12/02/2025 16:55,BTCUSD,Sell,0.030,91039.00000,0.00000,91007.85000,91039.00000,-0.4800,0.0000,-31.2,-1.41,-0.08,00:00:46:59,,,,,,,,,,,,
12/02/2025 16:33,,,Withdrawal,0.000,0.00000,0.00000,0.00000,0.00000,0.0000,0.0000,0.0,-30.00,0,00:00:00:00,,,,,,,,,,,,
12/02/2025 14:18,12/02/2025 15:51,BTCUSD,Sell,0.030,0.00000,0.00000,88416.21000,90323.30000,-0.4800,0.0000,-1907.1,-57.69,-3.28,00:01:33:01,,,,,,,,,,,,
11/30/2025 17:09,12/02/2025 14:14,BTCUSD,Sell,0.010,0.00000,0.00000,91561.56000,88238.09000,-0.1600,0.0000,3323.5,33.08,1.91,01:21:04:28,100.0,1d 21h ,6195.0,0.10,6895.56,68.9556,700.56,7.005599999999999,111.3,42.3,-3572.06,-35.72
11/30/2025 17:10,12/02/2025 14:14,BTCUSD,Sell,0.010,0.00000,0.00000,91545.56000,88235.14000,-0.1600,0.0000,3310.4,32.95,1.94,01:21:04:17,100.0,1d 21h ,6195.0,0.10,6879.56,68.79560000000001,684.56,6.845599999999999,111.1,42.4,-3569.16,-35.69
11/28/2025 16:02,12/02/2025 14:14,BTCUSD,Sell,0.030,0.00000,0.00000,92216.58000,88237.78000,-0.4800,0.0000,3978.8,118.89,7.54,03:22:12:13,100.0,3d 22h ,6195.0,0.00,7550.58,226.51739999999998,0.0,0.0,100.0,52.7,-3571.78,-107.15
11/30/2025 17:09,12/02/2025 14:14,BTCUSD,Sell,0.010,0.00000,0.00000,91575.68000,88230.86000,-0.1600,0.0000,3344.8,33.29,2.16,01:21:04:24,100.0,1d 21h ,6195.0,0.10,6909.68,69.0968,714.68,7.1468,111.5,42.5,-3564.88,-35.65
11/30/2025 14:41,12/02/2025 14:14,BTCUSD,Sell,0.010,0.00000,0.00000,91311.67000,88230.86000,-0.1600,0.0000,3080.8,30.65,2.03,01:23:32:27,100.0,1d 23h ,6195.0,0.07,6645.67,66.4567,450.67,4.5067,107.3,42.5,-3564.87,-35.65
12/02/2025 01:47,12/02/2025 10:51,BTCUSD,Sell,0.010,87460.37000,0.00000,86538.73000,87460.37000,-0.1600,0.0000,-921.6,-9.37,-0.62,00:09:04:37,,,,,,,,,,,,
12/02/2025 07:45,12/02/2025 08:14,USOIL,Sell,0.070,59.30300,0.00000,59.30700,59.30300,-0.8800,0.0000,0.4,-0.60,-0.04,00:00:29:01,,,,,,,,,,,,
12/02/2025 06:38,12/02/2025 08:09,USDCAD,Sell,0.300,0.00000,0.00000,1.40005,1.39943,-2.4000,0.0000,6.2,10.89,0.72,00:01:30:41,,,,,,,,,,,,
12/02/2025 07:50,12/02/2025 08:03,USOIL,Sell,0.070,59.29100,0.00000,59.28700,59.29100,-0.8800,0.0000,-0.4,-1.16,-0.08,00:00:13:06,,,,,,,,,,,,
12/02/2025 07:45,12/02/2025 07:48,USOIL,Sell,0.070,0.00000,0.00000,59.30900,59.31800,-0.8800,0.0000,-0.9,-1.51,-0.10,00:00:02:39,,,,,,,,,,,,
12/01/2025 14:56,12/01/2025 15:42,BTCUSD,Sell,0.010,0.00000,84122.83000,86253.56000,84122.83000,-0.1600,0.0000,2130.7,21.15,1.42,00:00:45:31,,,,,,,,,,,,
11/30/2025 18:49,11/30/2025 20:34,BTCUSD,Buy,0.010,91225.45000,0.00000,91410.07000,91225.45000,-0.1600,0.0000,-184.6,-2.01,-0.13,00:01:44:20,,,,,,,,,,,,
11/30/2025 17:13,,,Withdrawal,0.000,0.00000,0.00000,0.00000,0.00000,0.0000,0.0000,0.0,-500.00,0,00:00:00:00,,,,,,,,,,,,
11/30/2025 13:45,11/30/2025 16:18,BTCUSD,Sell,0.010,0.00000,0.00000,91720.34000,91585.34000,-0.1600,0.0000,135.0,1.19,0.06,00:02:32:42,,,,,,,,,,,,
11/28/2025 02:02,11/30/2025 13:23,BTCUSD,Sell,0.010,0.00000,0.00000,90830.05000,91919.06000,-0.1600,0.0000,-1089.0,-11.05,-0.55,02:11:21:50,26.7,15h 51m,1530.35,1666.67,0.0,0.0,-1530.35,-15.3035,0.0,28.8,-1089.00,-10.89
11/30/2025 09:37,11/30/2025 13:18,BTCUSD,Sell,0.010,91661.66000,0.00000,91405.08000,91661.66000,-0.1600,0.0000,-256.6,-2.73,-0.14,00:03:40:52,,,,,,,,,,,,
11/29/2025 14:28,,,Withdrawal,0.000,0.00000,0.00000,0.00000,0.00000,0.0000,0.0000,0.0,-110.00,0,00:00:00:00,,,,,,,,,,,,
11/28/2025 15:04,11/28/2025 15:16,BTCUSD,Sell,0.010,92472.30000,0.00000,92197.00000,92472.30000,-0.1600,0.0000,-275.3,-2.91,-0.14,00:00:12:28,,,,,,,,,,,,
11/28/2025 14:50,11/28/2025 15:14,BTCUSD,Sell,0.020,0.00000,0.00000,92197.84000,92271.88000,-0.3200,0.0000,-74.0,-1.79,-0.08,00:00:24:22,,,,,,,,,,,,
11/28/2025 15:01,11/28/2025 15:03,USDCHF,Sell,0.100,0.80530,0.00000,0.80489,0.80530,-0.9000,0.0000,-4.1,-5.99,-0.28,00:00:02:17,,,,,,,,,,,,
11/28/2025 14:39,11/28/2025 14:44,USDCHF,Sell,0.100,0.80540,0.00000,0.80497,0.80540,-0.9000,0.0000,-4.3,-6.24,-0.29,00:00:04:51,,,,,,,,,,,,
11/28/2025 14:37,11/28/2025 14:44,USDCHF,Sell,0.150,0.80543,0.00000,0.80480,0.80543,-1.3500,0.0000,-6.3,-13.08,-0.61,00:00:06:30,,,,,,,,,,,,
11/28/2025 12:33,11/28/2025 13:47,BTCUSD,Sell,0.010,92054.63000,0.00000,91542.23000,92054.63000,-0.1600,0.0000,-512.4,-5.29,-0.25,00:01:13:42,,,,,,,,,,,,
11/27/2025 12:38,11/28/2025 11:02,BTCUSD,Sell,0.010,91981.66000,0.00000,91202.67000,92029.58000,-0.1600,0.0000,-826.9,-8.43,-0.39,00:22:24:10,40.0,8h 57m,1136.58,2.67,309.67,3.0967000000000002,-826.91,-8.2691,27.2,0.0,-1136.57,-11.37
11/27/2025 16:57,11/28/2025 09:10,BTCUSD,Sell,0.010,91874.09000,0.00000,91445.25000,91874.09000,-0.1600,0.0000,-428.8,-4.45,-0.21,00:16:12:39,75.0,12h 9m,981.09,0.78,552.25,5.5225,-428.84,-4.2884,56.3,0.0,-981.05,-9.81
11/28/2025 04:56,11/28/2025 05:09,XAUUSD,Buy,0.010,4178.15000,0.00000,4188.56200,4174.77500,-0.1100,0.0000,-1378.7,-13.89,-0.64,00:00:12:44,,,,,,,,,,,,
11/19/2025 08:51,11/27/2025 16:57,BTCUSD,Sell,0.010,0.00000,0.00000,91357.85000,91436.79000,-0.1600,0.0000,-78.9,-0.95,-0.04,08:08:06:03,84.0,7d ,9322.6,0.12,9143.55,91.43549999999999,-1072.85,-10.728499999999999,89.5,9.7,-9222.45,-92.22
11/27/2025 12:38,11/27/2025 16:14,BTCUSD,Sell,0.010,91208.46000,0.00000,91219.90000,91209.75000,-0.1600,0.0000,10.2,-0.06,0.00,00:03:35:21,,,,,,,,,,,,
11/27/2025 12:38,11/27/2025 12:38,BTCUSD,Sell,0.010,91210.43000,0.00000,91197.05000,91218.30000,-0.1600,0.0000,-21.3,-0.37,-0.02,00:00:00:20,,,,,,,,,,,,
11/20/2025 14:00,11/27/2025 02:21,BTCUSD,Sell,0.010,91264.00000,0.00000,91264.80000,91264.00000,-0.1600,0.0000,0.8,-0.15,-0.01,06:12:20:31,100.0,6d 12h ,9049.7,0.00,9050.5,90.505,0.0,0.0,100.0,0.0,-9049.70,-90.50
11/14/2025 14:55,11/26/2025 17:29,BTCUSD,Sell,0.010,0.00000,0.00000,96320.07000,88633.00000,-0.1600,0.0000,7687.1,76.71,3.65,12:02:33:54,98.7,11d 22h ,7756.7,0.00,14105.77,141.0577,0.0,0.0,100.0,54.5,-6418.67,-64.19
11/25/2025 14:12,11/25/2025 17:34,BTCUSD,Sell,0.010,87829.55000,0.00000,86872.02000,87829.55000,-0.1600,0.0000,-957.5,-9.74,-0.46,00:03:22:13,,,,,,,,,,,,
11/25/2025 14:12,11/25/2025 17:34,BTCUSD,Sell,0.010,87800.17000,0.00000,86881.48000,87800.17000,-0.1600,0.0000,-918.7,-9.35,-0.44,00:03:21:57,,,,,,,,,,,,
11/25/2025 14:12,11/25/2025 17:11,BTCUSD,Sell,0.010,87302.84000,0.00000,86860.86000,87352.46000,-0.1600,0.0000,-491.6,-5.07,-0.24,00:02:58:26,,,,,,,,,,,,
11/25/2025 15:49,11/25/2025 16:21,ETHUSD,Sell,0.400,2915.33000,0.00000,2901.32000,2915.33000,-0.5000,0.0000,-1401.0,-6.10,-0.29,00:00:32:42,,,,,,,,,,,,
11/25/2025 15:36,11/25/2025 15:45,ETHUSD,Sell,0.400,2910.83000,0.00000,2895.78000,2910.83000,-0.5000,0.0000,-1505.0,-6.52,-0.30,00:00:09:01,,,,,,,,,,,,
11/25/2025 15:25,,,Deposit,0.000,0.00000,0.00000,0.00000,0.00000,0.0000,0.0000,0.0,200.00,0,00:00:00:00,,,,,,,,,,,,
11/25/2025 15:16,,,Deposit,0.000,0.00000,0.00000,0.00000,0.00000,0.0000,0.0000,0.0,257.13,0,00:00:00:00,,,,,,,,,,,,
11/25/2025 11:08,11/25/2025 11:28,USOIL,Buy,0.070,58.48900,0.00000,58.65700,58.48900,-0.8800,0.0000,-16.8,-12.64,-0.75,00:00:19:48,,,,,,,,,,,,
11/25/2025 07:06,11/25/2025 08:38,USOIL,Buy,0.070,58.35700,0.00000,58.49700,58.35700,-0.8800,0.0000,-14.0,-10.68,-0.63,00:01:31:21,,,,,,,,,,,,
11/13/2025 16:49,11/24/2025 17:58,BTCUSD,Sell,0.010,0.00000,0.00000,100970.48000,88353.51000,-0.1600,0.0000,12617.0,126.00,7.97,11:01:09:06,100.0,11d 1h ,6255.7,0.00,18756.18,187.5618,0.0,0.0,100.0,67.3,-6139.18,-61.39
11/24/2025 15:12,11/24/2025 16:01,BTCUSD,Sell,0.010,86724.27000,0.00000,86240.80000,86729.52000,-0.1600,0.0000,-488.7,-5.05,-0.32,00:00:49:22,,,,,,,,,,,,
11/24/2025 14:53,11/24/2025 15:07,BTCUSD,Sell,0.010,86684.29000,0.00000,85699.80000,86684.29000,-0.1600,0.0000,-984.5,-10.00,-0.63,00:00:13:47,,,,,,,,,,,,
11/24/2025 14:21,11/24/2025 14:31,ETHUSD,Sell,0.500,2830.35000,0.00000,2802.24000,2830.35000,-0.6300,0.0000,-2811.0,-14.69,-0.91,00:00:09:39,,,,,,,,,,,,
11/21/2025 15:01,11/21/2025 17:01,BTCUSD,Sell,0.010,0.00000,0.00000,84703.87000,84600.69000,-0.1600,0.0000,103.2,0.87,0.05,00:02:00:36,,,,,,,,,,,,
11/21/2025 14:29,11/21/2025 14:54,XAGUSD,Sell,0.010,0.00000,0.00000,49.50300,49.66700,-1.0000,0.0000,-16.4,-9.20,-0.57,00:00:24:17,,,,,,,,,,,,
11/21/2025 14:20,11/21/2025 14:54,XAGUSD,Sell,0.010,49.67600,0.00000,49.68100,49.67600,-1.0000,0.0000,0.5,-0.75,-0.05,00:00:33:53,,,,,,,,,,,,
11/21/2025 13:40,11/21/2025 13:52,XAGUSD,Sell,0.010,49.77700,0.00000,49.63500,49.77700,-1.0000,0.0000,-14.2,-8.10,-0.50,00:00:12:41,,,,,,,,,,,,
11/21/2025 13:05,11/21/2025 13:45,XAUUSD,Sell,0.010,4074.54800,0.00000,4060.64000,4074.54800,-0.1100,0.0000,-1390.8,-14.02,-0.85,00:00:39:42,,,,,,,,,,,,
11/21/2025 13:05,11/21/2025 13:08,XAUUSD,Sell,0.010,0.00000,0.00000,4061.35600,4062.34900,-0.1100,0.0000,-99.3,-1.10,-0.07,00:00:02:36,,,,,,,,,,,,
11/21/2025 06:36,11/21/2025 07:01,XAUUSD,Buy,0.010,4028.75900,0.00000,4037.00200,4028.75900,-0.1100,0.0000,-824.3,-8.35,-0.51,00:00:24:22,,,,,,,,,,,,
11/21/2025 06:35,11/21/2025 06:35,XAUUSD,Buy,0.010,0.00000,0.00000,4038.02800,4035.91100,-0.1100,0.0000,-211.7,-2.23,-0.13,00:00:00:23,,,,,,,,,,,,
11/20/2025 13:54,11/20/2025 17:22,USOIL,Sell,0.050,0.00000,0.00000,59.60000,58.66400,-0.6300,0.0000,93.6,46.17,2.87,00:03:27:39,,,,,,,,,,,,
11/20/2025 15:33,11/20/2025 16:34,USOIL,Sell,0.070,0.00000,0.00000,59.91600,58.93400,-0.8800,0.0000,98.2,67.86,4.41,00:01:01:21,,,,,,,,,,,,
11/20/2025 14:20,11/20/2025 15:30,USOIL,Sell,0.040,0.00000,0.00000,59.61800,59.87275,-0.5000,0.0000,-25.5,-10.69,-0.69,00:01:09:42,,,,,,,,,,,,
11/19/2025 20:34,11/19/2025 21:15,XAUUSD,Buy,0.010,4068.64500,0.00000,4077.12700,4068.64500,-0.1100,0.0000,-848.2,-8.59,-0.55,00:00:41:00,,,,,,,,,,,,
11/19/2025 19:36,11/19/2025 20:00,XAUUSD,Buy,0.020,0.00000,0.00000,4074.19200,4072.84600,-0.2200,0.0000,-134.6,-2.90,-0.19,00:00:23:37,,,,,,,,,,,,
11/19/2025 19:59,11/19/2025 19:59,XAGUSD,Buy,0.010,0.00000,0.00000,51.09600,51.10600,-1.0000,0.0000,1.0,-0.50,-0.03,00:00:00:07,,,,,,,,,,,,
11/19/2025 19:01,11/19/2025 19:02,XAUUSD,Buy,0.010,0.00000,0.00000,4085.58700,4083.08900,-0.1100,0.0000,-249.8,-2.61,-0.17,00:00:01:27,,,,,,,,,,,,
11/19/2025 14:00,11/19/2025 15:05,BTCUSD,Sell,0.020,91872.04000,0.00000,91326.10000,91872.04000,-0.3200,0.0000,-545.9,-11.24,-0.71,00:01:05:05,,,,,,,,,,,,
11/19/2025 14:25,11/19/2025 14:33,BTCUSD,Sell,0.010,91503.26000,0.00000,91029.71000,91503.26000,-0.1600,0.0000,-473.6,-4.89,-0.31,00:00:07:25,,,,,,,,,,,,
11/19/2025 14:00,11/19/2025 14:13,BTCUSD,Sell,0.010,0.00000,0.00000,91374.66000,91454.36000,-0.1600,0.0000,-79.7,-0.95,-0.06,00:00:13:21,,,,,,,,,,,,
11/19/2025 09:53,11/19/2025 11:51,USOIL,Sell,0.100,0.00000,0.00000,60.34700,59.70220,-1.2500,0.0000,64.5,63.23,4.16,00:01:58:15,,,,,,,,,,,,
11/19/2025 07:32,11/19/2025 08:50,USOIL,Sell,0.050,0.00000,0.00000,60.37800,60.09800,-0.6300,0.0000,28.0,13.37,0.89,00:01:18:02,,,,,,,,,,,,
11/19/2025 07:03,11/19/2025 08:50,USOIL,Sell,0.090,0.00000,0.00000,60.39400,60.19133,-1.1300,0.0000,20.3,17.11,1.15,00:01:47:24,,,,,,,,,,,,
10/31/2025 14:28,11/18/2025 18:14,USOIL,Buy,0.030,0.00000,0.00000,60.56100,60.67200,-0.3800,0.0000,11.1,2.95,0.20,18:03:46:06,,,,,,,,,,,,
11/18/2025 17:01,11/18/2025 17:03,USOIL,Buy,0.090,59.89900,0.00000,59.93300,59.89900,-1.1300,0.0000,-3.4,-4.19,-0.28,00:00:02:06,,,,,,,,,,,,
11/18/2025 15:32,11/18/2025 16:28,USOIL,Buy,0.090,59.84500,0.00000,59.49300,59.84500,-1.1300,0.0000,35.2,30.55,2.09,00:00:56:06,,,,,,,,,,,,
11/17/2025 19:14,11/18/2025 16:08,BTCUSD,Sell,0.010,93084.06000,0.00000,92212.87000,93084.06000,-0.1600,0.0000,-871.2,-8.87,-0.60,00:20:53:51,50.0,10h 26m,2744.4,0.50,1823.87,18.238699999999998,-920.53,-9.2053,66.5,1.8,-2695.07,-26.95
11/17/2025 19:14,11/17/2025 19:14,ETHUSD,Sell,0.200,0.00000,0.00000,3018.20000,3016.21000,-0.2500,0.0000,199.0,0.15,0.01,00:00:00:19,,,,,,,,,,,,
11/13/2025 16:41,11/17/2025 02:21,BTCUSD,Sell,0.020,0.00000,0.00000,100945.86000,98029.68000,-0.3200,0.0000,2916.2,58.01,4.12,03:09:39:49,100.0,3d 9h ,3529.68,0.00,6445.86,128.9172,0.0,0.0,100.0,45.2,-3529.66,-70.59
11/15/2025 13:22,11/15/2025 16:06,BTCUSD,Buy,0.020,95748.79000,0.00000,96014.69000,95880.42500,-0.3200,0.0000,-134.3,-3.01,-0.21,00:02:43:29,,,,,,,,,,,,
11/14/2025 15:07,11/14/2025 15:17,USTEC,Sell,0.150,24925.06000,0.00000,24864.98000,24925.06000,-0.3800,0.0000,-6008.0,-9.39,-0.66,00:00:09:43,,,,,,,,,,,,
11/14/2025 15:04,11/14/2025 15:06,USTEC,Sell,0.150,24919.87000,0.00000,24866.43000,24919.87000,-0.3800,0.0000,-5344.0,-8.40,-0.59,00:00:02:14,,,,,,,,,,,,
11/14/2025 14:51,11/14/2025 14:53,BTCUSD,Sell,0.010,96641.27000,0.00000,96167.11000,96651.23000,-0.1600,0.0000,-484.1,-5.00,-0.35,00:00:01:53,,,,,,,,,,,,
11/14/2025 14:21,11/14/2025 14:47,EURUSD,Buy,0.150,1.16277,0.00000,1.16354,1.16295,-1.0500,0.0000,-5.9,-9.90,-0.68,00:00:26:41,,,,,,,,,,,,
11/13/2025 15:05,11/14/2025 14:44,BTCUSD,Sell,0.010,0.00000,0.00000,102192.89000,96421.74000,-0.1600,0.0000,5771.2,57.55,4.15,00:23:39:25,100.0,23h 39m,617.2,0.00,6039.09,60.3909,0.0,0.0,100.0,95.6,-267.89,-2.68
11/14/2025 14:22,11/14/2025 14:41,EURUSD,Buy,0.100,1.16281,0.00000,1.16375,1.16281,-0.7000,0.0000,-9.4,-10.10,-0.72,00:00:19:14,,,,,,,,,,,,
11/14/2025 08:19,11/14/2025 08:56,XAUUSD,Buy,0.010,4172.54000,0.00000,4182.35600,4172.22600,-0.1100,0.0000,-1013.0,-10.24,-0.73,00:00:36:08,,,,,,,,,,,,
11/14/2025 07:15,11/14/2025 07:39,BTCUSD,Buy,0.010,96802.84000,0.00000,97263.66000,96802.84000,-0.1600,0.0000,-460.8,-4.77,-0.34,00:00:23:52,,,,,,,,,,,,
11/14/2025 06:54,,,Withdrawal,0.000,0.00000,0.00000,0.00000,0.00000,0.0000,0.0000,0.0,-15.00,0,00:00:00:00,,,,,,,,,,,,
11/13/2025 07:50,11/14/2025 05:50,BTCUSD,Sell,0.010,0.00000,0.00000,103467.81000,97604.28000,-0.1600,0.0000,5863.5,58.48,4.27,00:22:00:08,100.0,22h 0m,988.0,0.00,6388.81,63.88810000000001,0.0,0.0,100.0,91.8,-525.31,-5.25
11/12/2025 13:52,11/14/2025 05:25,BTCUSD,Sell,0.010,0.00000,0.00000,105002.14000,97616.83000,-0.1600,0.0000,7385.3,73.69,5.69,01:15:32:36,100.0,1d 15h ,1823.7,0.00,7923.14,79.23140000000001,0.0,0.0,100.0,93.2,-537.84,-5.38
11/12/2025 13:52,11/14/2025 05:25,BTCUSD,Sell,0.010,0.00000,0.00000,105042.68000,97591.15000,-0.1600,0.0000,7451.5,74.36,6.09,01:15:32:28,100.0,1d 15h ,1823.7,0.00,7963.68,79.63680000000001,0.0,0.0,100.0,93.6,-512.18,-5.12
11/12/2025 14:29,11/13/2025 17:22,ETHUSD,Sell,0.200,0.00000,0.00000,3567.34000,3294.25000,-0.2500,0.0000,27309.0,54.37,4.66,01:02:53:04,100.0,1d 2h ,12321.0,0.00,37146.0,0.0,0.0,0.0,100.0,73.5,-9837.00,0.00
11/12/2025 14:27,11/13/2025 17:22,ETHUSD,Sell,0.500,0.00000,0.00000,3570.45000,3294.32000,-0.6300,0.0000,27613.0,137.44,13.35,01:02:54:31,100.0,1d 2h ,12321.0,0.00,37457.0,374.57,0.0,0.0,100.0,73.7,-9844.00,-98.44
11/13/2025 05:15,11/13/2025 05:34,ETHUSD,Sell,0.500,3492.20000,0.00000,3468.07000,3481.79200,-0.6300,0.0000,-1372.2,-7.50,-0.72,00:00:19:01,,,,,,,,,,,,
10/10/2025 17:49,11/12/2025 18:52,USOIL,Buy,0.030,0.00000,0.00000,58.72500,58.32200,-0.3800,0.0000,-40.3,-12.47,-1.19,33:01:02:41,,,,,,,,,,,,
10/10/2025 17:40,11/12/2025 18:51,USOIL,Buy,0.030,0.00000,0.00000,58.61900,58.32300,-0.3800,0.0000,-29.6,-9.26,-0.87,33:01:11:34,,,,,,,,,,,,
11/12/2025 13:16,11/12/2025 13:58,USOIL,Buy,0.070,60.01900,0.00000,60.18300,60.05443,-0.8800,0.0000,-12.9,-9.88,-0.92,00:00:42:09,,,,,,,,,,,,
11/12/2025 13:11,11/12/2025 13:49,BTCUSD,Sell,0.030,0.00000,0.00000,104878.38000,105080.36000,-0.4800,0.0000,-202.0,-6.54,-0.61,00:00:38:53,,,,,,,,,,,,
11/12/2025 13:19,11/12/2025 13:30,BTCUSD,Sell,0.010,0.00000,0.00000,104768.15000,104999.39000,-0.1600,0.0000,-231.2,-2.47,-0.23,00:00:11:39,,,,,,,,,,,,
11/11/2025 18:08,11/12/2025 12:12,BTCUSD,Sell,0.020,0.00000,0.00000,103213.43000,104874.57500,-0.3200,0.0000,-1661.1,-33.55,-3.02,00:18:03:55,40.0,7h 13m,2644.575,1.81,983.43,19.668599999999998,-1780.67,-35.613400000000006,35.6,4.3,-2644.53,-52.89
11/12/2025 05:29,11/12/2025 09:00,EURUSD,Buy,0.240,1.15759,0.00000,1.15769,1.15760,-1.6800,0.0000,-0.9,-3.88,-0.35,00:03:30:49,,,,,,,,,,,,
11/12/2025 06:04,11/12/2025 08:55,EURUSD,Buy,0.050,1.15775,0.00000,1.15782,1.15775,-0.3500,0.0000,-0.7,-0.70,-0.06,00:02:51:25,,,,,,,,,,,,
11/12/2025 08:05,11/12/2025 08:30,USOIL,Buy,0.090,60.63600,0.00000,60.73200,60.63600,-1.1300,0.0000,-9.6,-9.77,-0.87,00:00:24:24,,,,,,,,,,,,
11/12/2025 06:31,11/12/2025 07:59,USOIL,Buy,0.140,0.00000,0.00000,60.80400,60.68150,-1.7500,0.0000,-12.3,-18.90,-1.65,00:01:28:03,,,,,,,,,,,,
11/12/2025 07:50,11/12/2025 07:58,USOIL,Buy,0.040,0.00000,0.00000,60.72200,60.68700,-0.5000,0.0000,-3.5,-1.90,-0.17,00:00:07:18,,,,,,,,,,,,
11/12/2025 07:38,11/12/2025 07:46,USOIL,Buy,0.040,0.00000,0.00000,60.73100,60.70200,-0.5000,0.0000,-2.9,-1.66,-0.14,00:00:07:23,,,,,,,,,,,,
11/12/2025 07:38,11/12/2025 07:39,USOIL,Buy,0.040,0.00000,0.00000,60.73100,60.72900,-0.5000,0.0000,-0.2,-0.58,-0.05,00:00:00:38,,,,,,,,,,,,
11/12/2025 06:31,11/12/2025 06:47,USOIL,Buy,0.040,0.00000,0.00000,60.80800,60.77900,-0.5000,0.0000,-2.9,-1.66,-0.14,00:00:15:40,,,,,,,,,,,,
11/12/2025 04:50,,,Withdrawal,0.000,0.00000,0.00000,0.00000,0.00000,0.0000,0.0000,0.0,-250.00,0,00:00:00:00,,,,,,,,,,,,
11/11/2025 17:00,11/11/2025 18:02,BTCUSD,Sell,0.060,103521.57000,0.00000,103386.51000,103532.16333,-0.9600,0.0000,-145.7,-9.69,-0.69,00:01:01:25,,,,,,,,,,,,
11/11/2025 17:26,11/11/2025 17:58,BTCUSD,Sell,0.010,103358.00000,0.00000,103358.19000,103359.97000,-0.1600,0.0000,-1.8,-0.18,-0.01,00:00:32:13,,,,,,,,,,,,
11/11/2025 16:19,11/11/2025 16:57,BTCUSD,Buy,0.040,103404.77000,0.00000,103716.43000,103395.42000,-0.6400,0.0000,-321.0,-13.48,-0.95,00:00:37:57,,,,,,,,,,,,
11/10/2025 16:22,11/11/2025 14:47,ETHUSD,Buy,0.500,3501.53000,0.00000,3518.55000,3501.53000,-0.6300,0.0000,-1702.0,-9.14,-0.64,00:22:25:00,60.0,13h 27m,12156.0,0.40,8671.0,86.71000000000001,-3485.0,-34.85,71.3,14.7,-10373.00,-103.73
11/10/2025 16:24,11/10/2025 16:43,ETHUSD,Buy,0.500,3513.61000,0.00000,3524.00000,3513.61000,-0.6300,0.0000,-1039.0,-5.82,-0.40,00:00:19:29,,,,,,,,,,,,
11/10/2025 14:50,11/10/2025 15:11,USOIL,Buy,0.030,59.45200,0.00000,59.67000,59.52633,-0.3800,0.0000,-14.4,-4.69,-0.32,00:00:20:55,,,,,,,,,,,,
11/10/2025 14:46,11/10/2025 15:11,USOIL,Buy,0.080,59.45200,0.00000,59.69900,59.45200,-1.0000,0.0000,-24.7,-20.76,-1.42,00:00:24:58,,,,,,,,,,,,
11/10/2025 12:12,11/10/2025 14:31,USOIL,Buy,0.100,59.84300,0.00000,59.84300,59.84300,-1.2500,0.0000,0.0,-1.25,-0.09,00:02:19:19,,,,,,,,,,,,
11/09/2025 12:24,,,Withdrawal,0.000,0.00000,0.00000,0.00000,0.00000,0.0000,0.0000,0.0,-35.00,0,00:00:00:00,,,,,,,,,,,,
11/09/2025 03:56,,,Withdrawal,0.000,0.00000,0.00000,0.00000,0.00000,0.0000,0.0000,0.0,-25.00,0,00:00:00:00,,,,,,,,,,,,
11/07/2025 06:45,11/07/2025 17:23,ETHUSD,Sell,0.500,3352.00000,0.00000,3352.15000,3352.00000,-0.6300,0.0000,15.0,-0.55,-0.04,00:10:37:37,,,,,,,,,,,,
11/06/2025 20:19,11/07/2025 15:15,BTCUSD,Sell,0.020,101140.00000,0.00000,101140.08000,101140.00000,-0.3200,0.0000,0.1,-0.32,-0.02,00:18:55:43,75.0,14h 11m,826.42,1.48,560.08,0.0,-826.42,-0.0,40.4,59.6,-559.98,0.00
11/07/2025 13:32,11/07/2025 14:30,USOIL,Buy,0.050,59.67800,0.00000,59.81500,59.67800,-0.6300,0.0000,-13.7,-7.48,-0.49,00:00:57:33,,,,,,,,,,,,
11/07/2025 13:50,11/07/2025 14:30,USOIL,Buy,0.030,59.69200,0.00000,59.84700,59.69200,-0.3800,0.0000,-15.5,-5.03,-0.33,00:00:39:46,,,,,,,,,,,,
11/07/2025 13:32,11/07/2025 14:29,USOIL,Buy,0.040,0.00000,0.00000,59.80900,59.77900,-0.5000,0.0000,-3.0,-1.70,-0.11,00:00:56:10,,,,,,,,,,,,
11/07/2025 13:33,11/07/2025 14:28,USOIL,Buy,0.050,0.00000,0.00000,59.81500,59.80200,-0.6300,0.0000,-1.3,-1.28,-0.08,00:00:55:11,,,,,,,,,,,,
11/07/2025 13:31,11/07/2025 13:32,ETHUSD,Buy,0.200,0.00000,0.00000,3237.64000,3235.40000,-0.2500,0.0000,-224.0,-0.70,-0.05,00:00:00:15,,,,,,,,,,,,
11/07/2025 13:31,11/07/2025 13:32,ETHUSD,Buy,0.500,0.00000,0.00000,3236.91000,3235.62000,-0.6300,0.0000,-129.0,-1.28,-0.08,00:00:00:18,,,,,,,,,,,,
11/06/2025 16:35,11/06/2025 17:49,BTCUSD,Sell,0.020,0.00000,0.00000,101317.09000,101721.70000,-0.3200,0.0000,-404.6,-8.41,-0.54,00:01:13:16,,,,,,,,,,,,
11/06/2025 15:22,11/06/2025 15:40,BTCUSD,Buy,0.020,101827.73000,0.00000,102840.16000,101827.73000,-0.3200,0.0000,-1012.4,-20.57,-1.31,00:00:17:21,,,,,,,,,,,,
11/06/2025 13:51,11/06/2025 14:28,USOIL,Sell,0.040,0.00000,0.00000,59.72900,59.18400,-0.5000,0.0000,54.5,21.30,1.37,00:00:37:01,,,,,,,,,,,,
11/06/2025 13:13,11/06/2025 14:28,USOIL,Sell,0.090,0.00000,0.00000,59.83100,59.42000,-1.1300,0.0000,41.1,35.86,2.37,00:01:15:08,,,,,,,,,,,,
11/04/2025 14:46,,,Withdrawal,0.000,0.00000,0.00000,0.00000,0.00000,0.0000,0.0000,0.0,-100.00,0,00:00:00:00,,,,,,,,,,,,
11/03/2025 16:15,11/04/2025 05:21,BTCUSD,Buy,0.020,0.00000,0.00000,106042.51000,106092.77000,-0.3200,0.0000,50.3,0.69,0.04,00:13:06:00,,,,,,,,,,,,
11/03/2025 21:54,11/03/2025 22:30,ETHUSD,Buy,0.300,3565.23000,0.00000,3596.97000,3565.23000,-0.3800,0.0000,-3174.0,-9.90,-0.61,00:00:35:35,,,,,,,,,,,,
11/03/2025 16:23,11/03/2025 22:30,BTCUSD,Buy,0.010,106050.13000,0.00000,106436.94000,106050.13000,-0.1600,0.0000,-386.8,-4.03,-0.25,00:06:06:49,,,,,,,,,,,,
11/03/2025 17:10,11/03/2025 21:17,ETHUSD,Buy,0.200,3557.37000,0.00000,3629.16000,3557.37000,-0.2500,0.0000,-7179.0,-14.61,-0.89,00:04:07:48,,,,,,,,,,,,
11/03/2025 16:18,11/03/2025 21:17,ETHUSD,Buy,0.300,3560.11000,0.00000,3609.72000,3560.11000,-0.3800,0.0000,-4961.0,-15.27,-0.92,00:04:59:36,,,,,,,,,,,,
11/03/2025 16:19,11/03/2025 16:21,ETHUSD,Buy,0.100,0.00000,0.00000,3620.36000,3611.30000,-0.1300,0.0000,-906.0,-1.04,-0.06,00:00:01:26,,,,,,,,,,,,
11/03/2025 11:08,11/03/2025 15:21,ETHUSD,Buy,0.500,0.00000,0.00000,3704.70000,3696.68000,-0.6300,0.0000,-802.0,-4.64,-0.28,00:04:12:09,,,,,,,,,,,,
11/03/2025 11:09,11/03/2025 11:36,ETHUSD,Buy,0.500,0.00000,0.00000,3704.25000,3698.65000,-0.6300,0.0000,-560.0,-3.42,-0.21,00:00:27:52,,,,,,,,,,,,
11/03/2025 07:36,11/03/2025 10:59,ETHUSD,Buy,0.500,3680.13000,0.00000,3731.22000,3705.21400,-0.6300,0.0000,-2600.6,-13.62,-0.81,00:03:22:26,,,,,,,,,,,,
11/03/2025 10:46,,,Withdrawal,0.000,0.00000,0.00000,0.00000,0.00000,0.0000,0.0000,0.0,-25.00,0,00:00:00:00,,,,,,,,,,,,
11/02/2025 23:59,11/03/2025 01:00,BTCUSD,Buy,0.020,109710.38000,0.00000,110568.96000,109710.38000,-0.3200,0.0000,-858.6,-17.49,-1.01,00:01:00:44,,,,,,,,,,,,
11/02/2025 18:43,11/03/2025 01:00,ETHUSD,Buy,0.700,3862.05000,0.00000,3864.73000,3862.05000,-0.8800,0.0000,-268.0,-2.75,-0.16,00:06:16:10,,,,,,,,,,,,
11/02/2025 14:04,11/03/2025 00:25,BTCUSD,Buy,0.010,0.00000,0.00000,110574.56000,110467.62000,-0.1600,0.0000,-106.9,-1.23,-0.07,00:10:21:45,,,,,,,,,,,,
10/30/2025 04:48,11/03/2025 00:01,USOIL,Buy,0.050,0.00000,0.00000,60.01600,61.15300,-0.6300,0.0000,113.7,56.22,3.36,03:19:12:39,,,,,,,,,,,,
11/02/2025 19:04,11/02/2025 22:34,BTCUSD,Buy,0.010,109704.14000,0.00000,110269.15000,109704.14000,-0.1600,0.0000,-565.0,-5.81,-0.35,00:03:30:07,,,,,,,,,,,,
11/02/2025 08:48,11/02/2025 10:04,BTCUSD,Buy,0.010,0.00000,0.00000,110747.33000,110645.42000,-0.1600,0.0000,-101.9,-1.18,-0.07,00:01:16:15,,,,,,,,,,,,
10/31/2025 14:28,10/31/2025 15:49,USOIL,Buy,0.050,0.00000,0.00000,60.55200,60.42800,-0.6300,0.0000,-12.4,-6.83,-0.41,00:01:21:17,,,,,,,,,,,,
10/30/2025 04:17,10/30/2025 04:44,USOIL,Buy,0.050,59.89600,0.00000,60.07600,59.89600,-0.6300,0.0000,-18.0,-9.63,-0.57,00:00:27:34,,,,,,,,,,,,
10/29/2025 10:28,10/29/2025 10:51,BTCUSD,Buy,0.060,112882.28000,0.00000,113033.22000,112882.28000,-0.9600,0.0000,-150.9,-10.01,-0.59,00:00:23:25,,,,,,,,,,,,
10/29/2025 10:37,10/29/2025 10:51,BTCUSD,Buy,0.020,112891.54000,0.00000,113133.57000,112891.54000,-0.3200,0.0000,-242.0,-5.16,-0.30,00:00:14:42,,,,,,,,,,,,
10/29/2025 10:29,10/29/2025 10:44,BTCUSD,Buy,0.030,0.00000,0.00000,113074.44000,113045.76000,-0.4800,0.0000,-28.7,-1.34,-0.08,00:00:15:42,,,,,,,,,,,,
10/28/2025 14:25,10/28/2025 14:40,USOIL,Buy,0.060,60.19400,0.00000,60.37500,60.19400,-0.7500,0.0000,-18.1,-11.61,-0.67,00:00:14:43,,,,,,,,,,,,
10/28/2025 14:24,10/28/2025 14:40,USOIL,Buy,0.060,60.19300,0.00000,60.35800,60.19300,-0.7500,0.0000,-16.5,-10.65,-0.61,00:00:16:02,,,,,,,,,,,,
10/28/2025 12:02,10/28/2025 12:20,USDCAD,Buy,0.200,1.39977,0.00000,1.39977,1.39977,-1.6000,0.0000,0.0,-1.60,-0.09,00:00:18:34,,,,,,,,,,,,
10/28/2025 12:00,10/28/2025 12:20,USDCAD,Buy,0.600,1.39981,0.00000,1.39981,1.39981,-4.8000,0.0000,0.0,-4.80,-0.28,00:00:20:41,,,,,,,,,,,,
10/28/2025 12:00,10/28/2025 12:01,USDCAD,Buy,0.200,0.00000,0.00000,1.39981,1.39971,-1.6000,0.0000,-1.0,-3.03,-0.17,00:00:01:16,,,,,,,,,,,,
10/28/2025 11:10,10/28/2025 11:41,USOIL,Buy,0.090,60.25000,0.00000,60.25000,60.23978,-1.1300,0.0000,-1.0,-2.05,-0.12,00:00:31:16,,,,,,,,,,,,
10/28/2025 06:36,10/28/2025 06:40,XAGUSD,Buy,0.010,46.55200,0.00000,46.67500,46.55200,-1.0000,0.0000,-12.3,-7.15,-0.41,00:00:03:52,,,,,,,,,,,,
10/28/2025 06:26,10/28/2025 06:40,XAGUSD,Buy,0.020,46.55100,0.00000,46.72700,46.63400,-2.0000,0.0000,-9.3,-11.30,-0.64,00:00:14:08,,,,,,,,,,,,
10/27/2025 16:16,10/27/2025 19:01,BTCUSD,Buy,0.020,115197.64000,0.00000,115298.14000,115197.64000,-0.3200,0.0000,-100.5,-2.33,-0.13,00:02:45:10,,,,,,,,,,,,
10/27/2025 16:08,10/27/2025 19:01,BTCUSD,Buy,0.050,115242.58000,0.00000,115235.69000,115242.58000,-0.8000,0.0000,6.9,-0.45,-0.03,00:02:52:52,,,,,,,,,,,,
10/27/2025 14:25,10/27/2025 14:53,USDCHF,Buy,0.300,0.79623,0.00000,0.79623,0.79623,-2.7000,0.0000,0.0,-2.70,-0.15,00:00:28:31,,,,,,,,,,,,
10/27/2025 14:25,10/27/2025 14:53,USDCHF,Buy,0.150,0.79625,0.00000,0.79625,0.79625,-1.3500,0.0000,0.0,-1.35,-0.08,00:00:27:53,,,,,,,,,,,,
10/27/2025 06:59,10/27/2025 09:47,USDCAD,Buy,0.210,1.39728,0.00000,1.39797,1.39728,-1.6800,0.0000,-6.9,-12.05,-0.68,00:02:48:01,,,,,,,,,,,,
10/27/2025 09:02,10/27/2025 09:20,GBPUSD,Sell,0.100,1.33348,0.00000,1.33277,1.33348,-0.9000,0.0000,-7.1,-8.00,-0.45,00:00:17:56,,,,,,,,,,,,
10/24/2025 14:14,10/24/2025 14:29,GBPUSD,Buy,0.080,1.33206,0.00000,1.33336,1.33206,-0.7200,0.0000,-13.0,-11.12,-0.62,00:00:15:06,,,,,,,,,,,,
10/24/2025 07:26,10/24/2025 08:29,USOIL,Buy,0.030,0.00000,0.00000,61.39300,61.75800,-0.3800,0.0000,36.5,10.57,0.59,00:01:02:38,,,,,,,,,,,,
10/24/2025 07:24,10/24/2025 08:29,USOIL,Buy,0.070,0.00000,0.00000,61.41300,61.76600,-0.8800,0.0000,35.3,23.83,1.35,00:01:04:22,,,,,,,,,,,,
10/23/2025 16:24,10/23/2025 16:54,ETHUSD,Sell,0.400,3909.64000,0.00000,3875.08000,3909.64000,-0.5000,0.0000,-3456.0,-14.33,-0.80,00:00:29:49,,,,,,,,,,,,
10/23/2025 16:26,10/23/2025 16:26,ETHUSD,Sell,0.100,0.00000,0.00000,3879.55000,3880.91000,-0.1300,0.0000,-136.0,-0.26,-0.01,00:00:00:30,,,,,,,,,,,,
10/23/2025 06:24,10/23/2025 08:19,USOIL,Sell,0.030,60.61600,0.00000,60.61600,60.61600,-0.3800,0.0000,0.0,-0.38,-0.02,00:01:55:03,,,,,,,,,,,,
10/10/2025 13:38,10/23/2025 06:03,USOIL,Buy,0.050,0.00000,0.00000,59.69400,60.73800,-0.6300,0.0000,104.4,51.57,2.98,12:16:25:15,,,,,,,,,,,,
10/03/2025 03:35,10/23/2025 05:23,USOIL,Buy,0.090,0.00000,60.66100,60.64500,60.66100,-1.1300,0.0000,1.6,0.31,0.02,20:01:48:03,,,,,,,,,,,,
10/22/2025 13:37,10/22/2025 13:47,XAGUSD,Buy,0.010,0.00000,0.00000,48.37400,48.44200,-1.0000,0.0000,6.8,2.40,0.14,00:00:10:40,,,,,,,,,,,,
10/22/2025 12:48,10/22/2025 13:32,XAGUSD,Buy,0.010,0.00000,0.00000,48.31000,48.19200,-1.0000,0.0000,-11.8,-6.90,-0.40,00:00:43:59,,,,,,,,,,,,
10/22/2025 12:08,10/22/2025 12:50,USOIL,Buy,0.040,58.37300,0.00000,58.37300,58.37300,-0.5000,0.0000,0.0,-0.50,-0.03,00:00:42:02,,,,,,,,,,,,
10/20/2025 17:40,10/21/2025 13:43,USOIL,Buy,0.050,56.73400,0.00000,56.74500,56.73400,-0.6300,0.0000,-1.1,-1.18,-0.07,00:20:02:34,,,,,,,,,,,,
10/21/2025 09:41,10/21/2025 13:14,USOIL,Buy,0.080,57.12600,0.00000,57.13300,57.12600,-1.0000,0.0000,-0.7,-1.56,-0.09,00:03:32:38,,,,,,,,,,,,
10/20/2025 17:40,10/21/2025 13:02,USOIL,Buy,0.020,0.00000,0.00000,56.75900,57.33900,-0.2500,0.0000,58.0,11.35,0.66,00:19:21:46,,,,,,,,,,,,
10/20/2025 17:50,10/21/2025 12:51,USOIL,Buy,0.040,0.00000,0.00000,56.91800,57.68300,-0.5000,0.0000,76.5,30.10,1.77,00:19:01:16,,,,,,,,,,,,
10/18/2025 10:36,,,Withdrawal,0.000,0.00000,0.00000,0.00000,0.00000,0.0000,0.0000,0.0,-100.00,0,00:00:00:00,,,,,,,,,,,,
10/18/2025 07:57,,,Withdrawal,0.000,0.00000,0.00000,0.00000,0.00000,0.0000,0.0000,0.0,-245.00,0,00:00:00:00,,,,,,,,,,,,
10/17/2025 13:36,10/17/2025 13:42,USOIL,Buy,0.030,0.00000,0.00000,57.05400,56.92900,-0.3800,0.0000,-12.5,-4.13,-0.20,00:00:06:02,,,,,,,,,,,,
10/17/2025 13:20,10/17/2025 13:31,USOIL,Buy,0.030,56.81400,0.00000,57.10700,56.81400,-0.3800,0.0000,-29.3,-9.17,-0.45,00:00:10:59,,,,,,,,,,,,
10/16/2025 14:55,10/16/2025 17:03,ETHUSD,Sell,0.500,0.00000,0.00000,4032.15000,3945.63000,-0.6300,0.0000,8652.0,42.63,2.12,00:02:08:20,,,,,,,,,,,,
10/16/2025 05:49,10/16/2025 06:32,BTCUSD,Sell,0.050,111556.35000,0.00000,111246.98000,111556.35000,-0.8000,0.0000,-309.4,-16.27,-0.80,00:00:42:47,,,,,,,,,,,,
10/15/2025 06:14,10/15/2025 07:30,USDCAD,Sell,0.250,1.40391,0.00000,1.40304,1.40338,-2.0000,0.0000,-3.4,-8.01,-0.39,00:01:15:30,,,,,,,,,,,,
10/15/2025 06:14,10/15/2025 07:30,USDCAD,Sell,0.250,1.40391,0.00000,1.40304,1.40391,-2.0000,0.0000,-8.7,-17.49,-0.85,00:01:15:34,,,,,,,,,,,,
10/14/2025 16:42,10/15/2025 04:04,XAUUSD,Buy,0.010,0.00000,0.00000,4138.33300,4183.98800,-0.1100,0.0000,4565.5,45.55,2.27,00:11:21:26,,,,,,,,,,,,
10/14/2025 08:19,10/14/2025 12:00,USDCHF,Sell,0.140,0.80470,0.00000,0.80354,0.80470,-1.2600,0.0000,-11.6,-21.44,-1.06,00:03:40:57,,,,,,,,,,,,
10/13/2025 07:03,10/13/2025 14:31,USDCAD,Buy,0.250,0.00000,0.00000,1.40015,1.40286,-2.0000,0.0000,27.1,46.29,2.33,00:07:27:03,,,,,,,,,,,,
10/08/2025 06:35,10/08/2025 07:02,XAUUSD,Sell,0.030,4033.31200,0.00000,4028.85100,4032.05167,-0.3300,0.0000,-320.1,-9.93,-0.50,00:00:26:30,,,,,,,,,,,,
10/07/2025 12:19,10/07/2025 12:40,USDCAD,Buy,0.400,1.39547,0.00000,1.39594,1.39547,-3.2000,0.0000,-4.7,-16.67,-0.83,00:00:20:37,,,,,,,,,,,,
10/07/2025 05:14,10/07/2025 10:31,USDCAD,Buy,0.300,1.39510,0.00000,1.39510,1.39510,-2.4000,0.0000,0.0,-2.40,-0.12,00:05:17:15,,,,,,,,,,,,
10/07/2025 08:29,10/07/2025 09:09,USOIL,Sell,0.090,0.00000,0.00000,61.55700,61.22500,-1.1300,0.0000,33.2,28.75,1.45,00:00:40:46,,,,,,,,,,,,
10/06/2025 14:55,10/06/2025 14:57,USDCHF,Buy,0.250,0.79535,0.00000,0.79574,0.79541,-2.2500,0.0000,-3.3,-12.50,-0.63,00:00:02:29,,,,,,,,,,,,
10/06/2025 14:00,10/06/2025 14:53,USDCHF,Buy,0.250,0.79548,0.00000,0.79665,0.79579,-2.2500,0.0000,-8.6,-29.25,-1.44,00:00:52:31,,,,,,,,,,,,
10/06/2025 09:49,10/06/2025 14:52,USDCAD,Buy,0.300,1.39567,0.00000,1.39568,1.39567,-2.4000,0.0000,-0.1,-2.61,-0.13,00:05:03:00,,,,,,,,,,,,
10/06/2025 13:35,10/06/2025 13:51,USDCHF,Buy,0.100,0.79664,0.00000,0.79758,0.79664,-0.9000,0.0000,-9.4,-12.70,-0.62,00:00:16:00,,,,,,,,,,,,
10/06/2025 06:10,10/06/2025 07:27,USDCHF,Buy,0.230,0.00000,0.00000,0.79656,0.79747,-2.0700,0.0000,9.1,24.18,1.20,00:01:17:09,,,,,,,,,,,,
10/05/2025 19:01,10/05/2025 19:11,ETHUSD,Buy,0.800,4497.56000,0.00000,4518.76000,4497.56000,-1.0000,0.0000,-2120.0,-17.96,-0.88,00:00:09:30,,,,,,,,,,,,
10/03/2025 07:38,10/03/2025 08:17,USOIL,Buy,0.090,60.73500,0.00000,60.83100,60.73500,-1.1300,0.0000,-9.6,-9.77,-0.48,00:00:39:09,,,,,,,,,,,,
10/02/2025 07:29,10/02/2025 09:11,USOIL,Buy,0.080,61.48000,0.00000,61.79600,61.48000,-1.0000,0.0000,-31.6,-26.28,-1.27,00:01:41:25,,,,,,,,,,,,
10/02/2025 07:30,10/02/2025 09:11,USOIL,Buy,0.020,61.49800,0.00000,61.78000,61.49800,-0.2500,0.0000,-28.2,-5.89,-0.28,00:01:41:10,,,,,,,,,,,,
10/02/2025 07:10,10/02/2025 07:14,USDCHF,Buy,0.100,0.79650,0.00000,0.79689,0.79650,-0.9000,0.0000,-3.9,-5.80,-0.28,00:00:03:49,,,,,,,,,,,,
10/02/2025 07:10,10/02/2025 07:14,USDCHF,Buy,0.100,0.79650,0.00000,0.79686,0.79650,-0.9000,0.0000,-3.6,-5.42,-0.26,00:00:03:51,,,,,,,,,,,,
10/02/2025 07:10,10/02/2025 07:14,USDCHF,Buy,0.100,0.79650,0.00000,0.79688,0.79650,-0.9000,0.0000,-3.8,-5.67,-0.27,00:00:04:12,,,,,,,,,,,,
10/02/2025 07:10,10/02/2025 07:14,USDCHF,Buy,0.100,0.79651,0.00000,0.79687,0.79651,-0.9000,0.0000,-3.6,-5.42,-0.26,00:00:03:46,,,,,,,,,,,,
09/28/2025 13:16,09/28/2025 16:08,ETHUSD,Buy,0.800,0.00000,0.00000,3991.28000,4044.07000,-1.0000,0.0000,5279.0,41.24,2.00,00:02:51:36,,,,,,,,,,,,
09/25/2025 20:34,09/25/2025 21:26,GBPJPY,Sell,0.100,0.00000,0.00000,199.88900,200.00900,-1.5000,0.0000,-12.0,-9.51,-0.46,00:00:51:44,,,,,,,,,,,,
09/25/2025 14:18,09/25/2025 20:34,GBPJPY,Sell,0.220,0.00000,0.00000,199.86200,199.87386,-3.3000,0.0000,-1.2,-5.04,-0.24,00:06:15:18,,,,,,,,,,,,
09/25/2025 09:33,09/25/2025 09:52,BTCUSD,Buy,0.030,111694.04000,0.00000,112138.50000,111810.63333,-0.4800,0.0000,-327.9,-10.32,-0.50,00:00:19:11,,,,,,,,,,,,
09/24/2025 16:20,09/24/2025 18:20,ETHUSD,Buy,0.800,4168.00000,0.00000,4168.41000,4168.00000,-1.0000,0.0000,-41.0,-1.33,-0.06,00:01:59:24,,,,,,,,,,,,
09/24/2025 13:15,09/24/2025 13:31,XAUUSD,Buy,0.030,3765.95000,0.00000,3771.18700,3767.52567,-0.3300,0.0000,-366.1,-11.31,-0.54,00:00:15:21,,,,,,,,,,,,
09/24/2025 06:25,09/24/2025 11:53,GBPUSD,Sell,0.020,0.00000,0.00000,1.34990,1.34588,-0.1800,0.0000,40.2,7.86,0.38,00:05:28:33,,,,,,,,,,,,
09/24/2025 07:45,09/24/2025 11:53,USDCHF,Buy,0.100,0.00000,0.00000,0.79282,0.79471,-0.9000,0.0000,18.9,22.88,1.10,00:04:07:46,,,,,,,,,,,,
09/24/2025 06:21,09/24/2025 10:56,GBPUSD,Sell,0.130,0.00000,1.34680,1.35017,1.34757,-1.1700,0.0000,26.0,32.62,1.61,00:04:35:01,,,,,,,,,,,,
09/23/2025 19:18,09/24/2025 09:34,USDCHF,Buy,0.150,0.00000,0.00000,0.79181,0.79395,-1.3500,0.0000,21.4,39.08,1.96,00:14:15:45,,,,,,,,,,,,
09/24/2025 06:32,09/24/2025 07:42,USDCHF,Buy,0.150,0.79241,0.00000,0.79255,0.79241,-1.3500,0.0000,-1.4,-4.00,-0.20,00:01:10:05,,,,,,,,,,,,
09/23/2025 16:12,09/23/2025 19:19,BTCUSD,Sell,0.020,0.00000,0.00000,112568.91000,111977.53000,-0.3200,0.0000,591.4,11.51,0.58,00:03:07:09,,,,,,,,,,,,
09/23/2025 16:12,09/23/2025 16:19,BTCUSD,Sell,0.020,0.00000,0.00000,112582.76000,112797.63000,-0.3200,0.0000,-214.9,-4.61,-0.23,00:00:07:11,,,,,,,,,,,,
09/22/2025 14:14,09/23/2025 13:38,USOIL,Buy,0.080,0.00000,0.00000,61.84500,63.02400,-1.0000,0.0000,117.9,93.32,4.92,00:23:24:11,,,,,,,,,,,,
09/19/2025 15:09,09/19/2025 15:42,USDCAD,Buy,0.300,0.00000,0.00000,1.37826,1.37744,-2.4000,0.0000,-8.2,-20.26,-1.06,00:00:32:31,,,,,,,,,,,,
09/18/2025 10:59,09/19/2025 15:34,BTCUSD,Sell,0.060,0.00000,0.00000,117226.82000,116534.55167,-0.9600,0.0000,692.3,40.57,2.16,01:04:34:38,,,,,,,,,,,,
09/19/2025 14:51,09/19/2025 14:52,USDCAD,Buy,0.300,1.37871,0.00000,1.37939,1.37871,-2.4000,0.0000,-6.8,-17.20,-0.91,00:00:01:04,,,,,,,,,,,,
09/19/2025 14:27,09/19/2025 14:36,USDCAD,Buy,0.350,1.37928,0.00000,1.37962,1.37928,-2.8000,0.0000,-3.4,-11.43,-0.60,00:00:08:28,,,,,,,,,,,,
09/19/2025 14:15,09/19/2025 14:25,USDCAD,Buy,0.350,1.37932,0.00000,1.38025,1.37932,-2.8000,0.0000,-9.3,-26.40,-1.37,00:00:10:18,,,,,,,,,,,,
09/19/2025 13:40,09/19/2025 13:51,USOIL,Sell,0.090,62.78400,0.00000,62.78500,62.78400,-1.1300,0.0000,0.1,-1.04,-0.05,00:00:11:32,,,,,,,,,,,,
09/19/2025 06:04,09/19/2025 07:47,USOIL,Buy,0.090,0.00000,0.00000,63.00100,62.98500,-1.1300,0.0000,-1.6,-2.57,-0.13,00:01:43:15,,,,,,,,,,,,
09/18/2025 13:47,09/19/2025 04:01,BTCUSD,Sell,0.020,0.00000,0.00000,117202.32000,117162.56500,-0.3200,0.0000,39.8,0.47,0.02,00:14:13:52,,,,,,,,,,,,
09/18/2025 12:57,09/18/2025 13:46,USDCAD,Buy,0.300,0.00000,0.00000,1.37847,1.38076,-2.4000,0.0000,22.9,47.36,2.51,00:00:48:05,,,,,,,,,,,,
09/18/2025 13:00,09/18/2025 13:37,XAUUSD,Sell,0.040,0.00000,3643.88900,3661.38000,3652.78125,-0.4400,0.0000,859.9,33.95,1.83,00:00:37:23,,,,,,,,,,,,
09/18/2025 07:07,09/18/2025 09:44,USOIL,Buy,0.090,63.20100,0.00000,63.50500,63.20100,-1.1300,0.0000,-30.4,-28.49,-1.51,00:02:37:17,,,,,,,,,,,,
09/17/2025 18:29,09/17/2025 18:32,ETHUSD,Buy,0.300,0.00000,0.00000,4494.88000,4472.65333,-0.3800,0.0000,-2222.7,-7.06,-0.37,00:00:03:29,,,,,,,,,,,,
09/16/2025 15:26,09/17/2025 18:32,ETHUSD,Buy,0.200,0.00000,0.00000,4453.23000,4464.11000,-0.2500,0.0000,1088.0,1.92,0.10,01:03:06:29,,,,,,,,,,,,
09/16/2025 14:24,09/17/2025 17:59,ETHUSD,Buy,1.100,4441.86000,0.00000,4441.86000,4439.87455,-1.3800,0.0000,-198.5,-3.57,-0.19,01:03:35:11,,,,,,,,,,,,
09/17/2025 15:54,09/17/2025 16:42,BTCUSD,Buy,0.030,115473.98000,0.00000,115843.87000,115473.98000,-0.4800,0.0000,-369.9,-11.58,-0.61,00:00:47:44,,,,,,,,,,,,
09/16/2025 14:36,09/16/2025 15:03,ETHUSD,Buy,0.500,0.00000,0.00000,4442.91000,4437.15000,-0.6300,0.0000,-576.0,-3.51,-0.18,00:00:26:27,,,,,,,,,,,,
09/16/2025 13:37,09/16/2025 14:38,GBPUSD,Buy,0.100,0.00000,0.00000,1.36562,1.36538,-0.9000,0.0000,-2.4,-3.30,-0.17,00:01:01:37,,,,,,,,,,,,
09/16/2025 14:01,09/16/2025 14:03,BTCUSD,Buy,0.050,0.00000,0.00000,115288.83000,115224.92000,-0.8000,0.0000,-63.9,-3.99,-0.21,00:00:02:01,,,,,,,,,,,,
09/15/2025 13:55,09/15/2025 16:02,BTCUSD,Buy,0.100,0.00000,0.00000,114862.26000,114798.50200,-1.6000,0.0000,-63.8,-7.99,-0.42,00:02:07:03,,,,,,,,,,,,
09/15/2025 13:11,09/15/2025 15:52,USOIL,Buy,0.100,62.92200,0.00000,62.92200,62.92200,-1.2500,0.0000,0.0,-1.25,-0.07,00:02:40:09,,,,,,,,,,,,
09/15/2025 13:12,09/15/2025 15:21,USOIL,Buy,0.030,62.95600,0.00000,62.95600,62.95600,-0.3800,0.0000,0.0,-0.38,-0.02,00:02:08:18,,,,,,,,,,,,
09/15/2025 13:20,09/15/2025 13:42,BTCUSD,Buy,0.070,114615.82000,0.00000,114895.08000,114615.82000,-1.1200,0.0000,-279.3,-20.67,-1.06,00:00:21:33,,,,,,,,,,,,
09/15/2025 10:47,09/15/2025 11:41,USOIL,Sell,0.100,62.75100,0.00000,62.54000,62.75100,-1.2500,0.0000,-21.1,-22.35,-1.14,00:00:53:08,,,,,,,,,,,,
09/14/2025 20:17,09/15/2025 00:16,ETHUSD,Buy,0.300,4589.95000,0.00000,4626.11000,4607.88000,-0.3800,0.0000,-1823.0,-5.86,-0.30,00:03:59:07,,,,,,,,,,,,
09/14/2025 19:24,09/14/2025 23:21,BTCUSD,Buy,0.050,115528.12000,0.00000,115528.12000,115528.12000,-0.8000,0.0000,0.0,-0.80,-0.04,00:03:57:07,,,,,,,,,,,,
09/14/2025 17:15,09/14/2025 23:20,BTCUSD,Buy,0.090,115552.14000,0.00000,115552.14000,115555.91333,-1.4400,0.0000,3.8,-1.10,-0.06,00:06:05:00,,,,,,,,,,,,
09/14/2025 19:32,09/14/2025 20:22,ETHUSD,Buy,1.500,0.00000,0.00000,4620.52000,4618.71800,-1.8800,0.0000,-180.2,-4.58,-0.23,00:00:49:25,,,,,,,,,,,,
09/14/2025 16:14,,,Withdrawal,0.000,0.00000,0.00000,0.00000,0.00000,0.0000,0.0000,0.0,-15.00,0,00:00:00:00,,,,,,,,,,,,
09/14/2025 06:17,,,Deposit,0.000,0.00000,0.00000,0.00000,0.00000,0.0000,0.0000,0.0,500.00,0,00:00:00:00,,,,,,,,,,,,
09/14/2025 06:06,,,Deposit,0.000,0.00000,0.00000,0.00000,0.00000,0.0000,0.0000,0.0,1492.82,0,00:00:00:00,,,,,,,,,,,,

Open Trades
Open Date,Symbol,Action,Lots,Open Price,TP,SL,Profit,Pips,Swap
11/01/2025 18:51,BTCUSD,Buy,0.020,110257.82,0.0,0.0,-859.73,-42986.1,0.0
11/02/2025 12:23,BTCUSD,Buy,0.010,110970.89,0.0,0.0,-436.99,-43699.17,0.0
12/11/2025 18:48,BTCUSD,Sell,0.010,90876.88,0.0,0.0,236.05,23605.16,0.0
12/11/2025 18:49,BTCUSD,Sell,0.010,90917.62,0.0,0.0,236.46,23645.9,0.0
12/11/2025 18:54,BTCUSD,Sell,0.010,90617.61,0.0,0.0,233.46,23345.89,0.0

Open Orders
Open Date,Symbol,Action,Lots,Open Price,TP,SL
04/21/2026 07:45,USOIL,Buy Limit,0.010,83.478,0.00000,0.00000

