Open Date,Close Date,Symbol,Action,SL,TP,Open Price,Close Price,Pips,Gain,Duration (DD:HH:MM:SS),Profitable(%),Profitable(time duration),Drawdown,Risk:Reward,Max(pips),Max(USD),Min(pips),Min(USD),Entry Accuracy(%),Exit Accuracy(%),ProfitMissed(pips),ProfitMissed(USD)
06/02/2026 16:31,06/02/2026 16:32,US30,Buy,50974.45000,51076.45000,51031.00000,51088.00000,57.0,12.17,00:00:01:19,,,,,,,,,,,,
06/02/2026 16:20,06/02/2026 16:30,US30,Sell,50881.45000,50779.45000,50829.00000,50843.00000,-14.0,-2.76,00:00:09:38,,,,,,,,,,,,
06/02/2026 15:36,06/02/2026 16:11,US30,Sell,50881.45000,50779.45000,50825.00000,50827.00000,-2.0,-0.41,00:00:35:01,,,,,,,,,,,,
06/01/2026 16:11,06/01/2026 16:12,US30,Sell,51073.55000,50971.55000,51020.00000,50970.00000,50.0,11.49,00:00:00:42,,,,,,,,,,,,
05/29/2026 22:01,05/29/2026 22:01,US30,Sell,0.00000,0.00000,50944.00000,50952.00000,-8.0,-1.76,00:00:00:17,,,,,,,,,,,,
05/29/2026 21:56,05/29/2026 22:00,US30,Buy,0.00000,0.00000,50961.00000,50950.00000,-11.0,-2.38,00:00:03:51,,,,,,,,,,,,
05/29/2026 21:56,05/29/2026 21:56,US30,Sell,0.00000,0.00000,50950.00000,50955.00000,-5.0,-1.05,00:00:00:07,,,,,,,,,,,,
05/29/2026 21:55,05/29/2026 21:56,US30,Buy,0.00000,0.00000,50959.00000,50949.00000,-10.0,-2.09,00:00:00:13,,,,,,,,,,,,
05/29/2026 21:54,05/29/2026 21:55,US30,Sell,0.00000,0.00000,50954.00000,50959.00000,-5.0,-1.01,00:00:00:26,,,,,,,,,,,,
05/29/2026 21:54,05/29/2026 21:54,US30,Buy,0.00000,0.00000,50964.00000,50957.00000,-7.0,-1.42,00:00:00:26,,,,,,,,,,,,
05/29/2026 21:54,05/29/2026 21:54,US30,Buy,0.00000,0.00000,50967.00000,50963.00000,-4.0,-0.79,00:00:00:25,,,,,,,,,,,,
05/29/2026 21:52,05/29/2026 21:53,US30,Buy,0.00000,0.00000,50969.00000,50966.00000,-3.0,-0.68,00:00:01:00,,,,,,,,,,,,
05/29/2026 21:50,05/29/2026 21:51,US30,Buy,0.00000,0.00000,50975.00000,50975.00000,0.0,-0.06,00:00:00:51,,,,,,,,,,,,
05/29/2026 21:41,05/29/2026 21:44,US30,Sell,0.00000,0.00000,51014.00000,51015.00000,-1.0,-0.16,00:00:03:12,,,,,,,,,,,,
05/29/2026 21:40,05/29/2026 21:40,US30,Buy,0.00000,0.00000,51030.00000,51019.00000,-11.0,-2.16,00:00:00:34,,,,,,,,,,,,
05/29/2026 21:35,05/29/2026 21:38,US30,Buy,0.00000,0.00000,51024.00000,51024.00000,0.0,0.04,00:00:02:48,,,,,,,,,,,,
05/29/2026 19:11,05/29/2026 19:31,US30,Sell,0.00000,0.00000,51019.00000,51027.00000,-8.0,-1.54,00:00:20:02,,,,,,,,,,,,
05/29/2026 19:05,05/29/2026 19:06,US30,Sell,0.00000,0.00000,51029.00000,51036.00000,-7.0,-1.42,00:00:00:48,,,,,,,,,,,,
05/29/2026 18:53,05/29/2026 19:02,US30,Buy,0.00000,0.00000,51035.00000,51034.00000,-1.0,-0.16,00:00:08:55,,,,,,,,,,,,
05/29/2026 18:48,05/29/2026 18:50,US30,Buy,0.00000,0.00000,51016.00000,51016.00000,0.0,0.04,00:00:01:55,,,,,,,,,,,,
05/29/2026 18:47,05/29/2026 18:48,US30,Buy,0.00000,0.00000,51018.00000,51011.00000,-7.0,-1.30,00:00:00:41,,,,,,,,,,,,
05/29/2026 18:41,05/29/2026 18:45,US30,Sell,0.00000,0.00000,51047.00000,51046.00000,1.0,0.23,00:00:03:18,,,,,,,,,,,,
05/29/2026 18:41,05/29/2026 18:41,US30,Buy,0.00000,0.00000,51065.00000,51052.00000,-13.0,-2.40,00:00:00:15,,,,,,,,,,,,
05/29/2026 18:35,05/29/2026 18:36,US30,Buy,0.00000,0.00000,51048.00000,51048.00000,0.0,-0.07,00:00:01:37,,,,,,,,,,,,
05/29/2026 18:34,05/29/2026 18:34,US30,Buy,0.00000,0.00000,51046.00000,51038.00000,-8.0,-1.44,00:00:00:49,,,,,,,,,,,,
05/29/2026 18:33,05/29/2026 18:34,US30,Buy,0.00000,0.00000,51050.00000,51041.00000,-9.0,-1.60,00:00:00:46,,,,,,,,,,,,
05/29/2026 18:31,05/29/2026 18:31,US30,Sell,0.00000,0.00000,51018.00000,51026.00000,-8.0,-1.40,00:00:00:41,,,,,,,,,,,,
05/29/2026 18:12,05/29/2026 18:15,US30,Buy,0.00000,0.00000,51016.00000,51062.00000,46.0,8.93,00:00:02:53,,,,,,,,,,,,
05/29/2026 18:01,05/29/2026 18:02,US30,Buy,0.00000,0.00000,50992.00000,50991.00000,-1.0,-0.16,00:00:01:14,,,,,,,,,,,,
05/29/2026 18:00,05/29/2026 18:01,US30,Buy,0.00000,0.00000,50990.00000,50990.00000,0.0,-0.06,00:00:00:58,,,,,,,,,,,,
05/29/2026 17:53,05/29/2026 17:53,US30,Buy,0.00000,0.00000,50971.00000,50972.00000,1.0,0.04,00:00:00:34,,,,,,,,,,,,
05/29/2026 17:46,05/29/2026 17:50,US30,Buy,0.00000,0.00000,50848.00000,50846.00000,-2.0,-0.35,00:00:03:50,,,,,,,,,,,,
05/29/2026 17:42,05/29/2026 17:45,US30,Buy,0.00000,0.00000,50881.00000,50862.00000,-19.0,-3.52,00:00:02:40,,,,,,,,,,,,
05/29/2026 17:39,05/29/2026 17:39,US30,Sell,0.00000,0.00000,50865.00000,50877.00000,-12.0,-2.16,00:00:00:23,,,,,,,,,,,,
05/29/2026 17:33,05/29/2026 17:36,US30,Buy,0.00000,0.00000,50890.00000,50901.00000,11.0,2.10,00:00:03:15,,,,,,,,,,,,
05/29/2026 17:32,05/29/2026 17:32,US30,Buy,0.00000,0.00000,50884.00000,50880.00000,-4.0,-0.80,00:00:00:48,,,,,,,,,,,,
05/29/2026 17:30,05/29/2026 17:30,US30,Sell,0.00000,0.00000,50881.00000,50882.00000,-1.0,-0.15,00:00:00:18,,,,,,,,,,,,
05/29/2026 17:27,05/29/2026 17:27,US30,Buy,0.00000,0.00000,50897.00000,50895.00000,-2.0,-0.42,00:00:00:13,,,,,,,,,,,,
05/29/2026 17:24,05/29/2026 17:24,US30,Buy,0.00000,0.00000,50873.00000,50870.00000,-3.0,-0.51,00:00:00:14,,,,,,,,,,,,
05/29/2026 17:10,05/29/2026 17:19,US30,Buy,0.00000,0.00000,50834.00000,50883.00000,49.0,9.94,00:00:09:32,,,,,,,,,,,,
05/29/2026 17:02,05/29/2026 17:07,US30,Buy,50789.85000,50891.85000,50842.00000,50803.00000,-39.0,-7.29,00:00:05:25,,,,,,,,,,,,
05/29/2026 16:54,05/29/2026 17:04,US30,Buy,0.00000,0.00000,50839.00000,50811.00000,-28.0,-4.91,00:00:10:38,,,,,,,,,,,,
05/29/2026 16:36,05/29/2026 16:43,US30,Buy,50789.85000,50891.85000,50845.00000,50841.00000,-4.0,-0.58,00:00:06:44,,,,,,,,,,,,
05/29/2026 16:31,05/29/2026 16:32,US30,Sell,50728.75000,50626.75000,50674.00000,50728.00000,-54.0,-8.70,00:00:00:35,,,,,,,,,,,,
05/28/2026 16:29,05/28/2026 16:30,US30,Sell,50566.15000,50464.15000,50510.00000,50453.00000,57.0,10.18,00:00:00:15,,,,,,,,,,,,
05/28/2026 16:14,05/28/2026 16:19,US30,Sell,0.00000,0.00000,50576.00000,50557.00000,19.0,3.52,00:00:04:18,,,,,,,,,,,,
05/28/2026 16:13,05/28/2026 16:14,US30,Buy,0.00000,0.00000,50597.00000,50582.00000,-15.0,-2.67,00:00:01:24,,,,,,,,,,,,
05/28/2026 15:23,05/28/2026 15:36,US30,Sell,50566.15000,50464.15000,50514.00000,50566.00000,-52.0,-8.59,00:00:13:17,,,,,,,,,,,,
05/27/2026 15:00,05/27/2026 15:10,US30,Sell,50550.75000,50448.75000,50498.00000,50446.00000,52.0,9.34,00:00:09:48,,,,,,,,,,,,
05/26/2026 17:11,05/26/2026 17:12,US30,Sell,0.00000,0.00000,50662.00000,50614.00000,48.0,9.46,00:00:01:39,,,,,,,,,,,,
05/26/2026 17:07,05/26/2026 17:10,US30,Sell,0.00000,0.00000,50664.00000,50666.00000,-2.0,-0.35,00:00:02:58,,,,,,,,,,,,
05/26/2026 17:00,05/26/2026 17:02,US30,Sell,0.00000,0.00000,50604.00000,50629.00000,-25.0,-4.63,00:00:01:25,,,,,,,,,,,,
05/26/2026 17:00,05/26/2026 17:00,US30,Sell,0.00000,0.00000,50602.00000,50616.00000,-14.0,-2.51,00:00:00:09,,,,,,,,,,,,
05/26/2026 16:05,05/26/2026 16:25,US30,Sell,50830.45000,50728.45000,50778.00000,50782.00000,-4.0,-0.70,00:00:20:22,,,,,,,,,,,,
05/25/2026 15:13,05/25/2026 15:27,US30,Buy,51013.75000,51115.75000,51067.00000,51072.00000,5.0,0.84,00:00:14:49,,,,,,,,,,,,
05/22/2026 15:12,05/22/2026 15:12,US30,Buy,50465.65000,50567.65000,50521.00000,50572.00000,51.0,10.26,00:00:00:02,,,,,,,,,,,,
05/21/2026 20:40,05/21/2026 20:41,US30,Buy,50145.95000,50247.95000,50200.00000,50249.00000,49.0,10.84,00:00:01:13,,,,,,,,,,,,
05/21/2026 16:30,05/21/2026 16:31,US30,Sell,49857.95000,49755.95000,49792.00000,49795.00000,-3.0,-0.84,00:00:01:37,,,,,,,,,,,,
05/20/2026 15:09,05/20/2026 15:25,US30,Buy,49486.75000,49588.75000,49539.00000,49588.00000,49.0,12.18,00:00:16:34,,,,,,,,,,,,
05/19/2026 16:07,05/19/2026 16:21,US30,Sell,49561.95000,49459.95000,49508.00000,49446.00000,62.0,18.13,00:00:13:21,,,,,,,,,,,,
05/19/2026 15:01,05/19/2026 15:10,US30,Sell,49561.95000,49459.95000,49502.00000,49561.00000,-59.0,-14.80,00:00:09:11,,,,,,,,,,,,
05/18/2026 15:35,05/18/2026 15:41,US30,Buy,49396.85000,49498.85000,49449.00000,49500.00000,51.0,14.40,00:00:05:58,,,,,,,,,,,,
05/15/2026 16:32,05/15/2026 16:41,US30,Sell,49693.75000,49591.75000,49640.00000,49582.00000,58.0,19.69,00:00:08:34,,,,,,,,,,,,
05/15/2026 16:15,05/15/2026 16:25,US30,Sell,49693.75000,49591.75000,49641.00000,49694.00000,-53.0,-15.41,00:00:10:03,,,,,,,,,,,,
05/12/2026 15:52,05/15/2026 16:15,US30,Buy,49845.75000,49947.75000,49713.00000,49651.50000,-61.5,-13.24,03:00:22:34,,,,,,,,,,,,
05/15/2026 15:07,05/15/2026 15:21,US30,Sell,49693.75000,49591.75000,49642.00000,49644.00000,-2.0,-0.69,00:00:14:07,,,,,,,,,,,,
05/14/2026 18:18,05/14/2026 18:38,US30,Buy,50054.45000,50156.45000,50107.00000,50054.00000,-53.0,-13.25,00:00:20:42,,,,,,,,,,,,
05/14/2026 18:04,05/14/2026 18:07,US30,Buy,50054.45000,50156.45000,50107.00000,50055.00000,-52.0,-11.60,00:00:03:07,,,,,,,,,,,,
05/14/2026 15:02,05/14/2026 15:27,US30,Buy,50054.45000,50156.45000,50107.00000,50104.00000,-3.0,-0.74,00:00:25:08,,,,,,,,,,,,
05/13/2026 15:21,05/13/2026 15:30,US30,Sell,49660.95000,49558.95000,49609.00000,49556.00000,53.0,12.96,00:00:08:56,,,,,,,,,,,,
05/11/2026 16:30,05/12/2026 18:35,US30,Buy,49660.55000,49762.55000,49624.00000,49542.50000,-81.5,-0.95,01:02:05:28,,,,,,,,,,,,
05/12/2026 16:34,05/12/2026 16:36,US30,Sell,49598.05000,49491.13000,49545.00000,49485.00000,60.0,17.08,00:00:01:50,,,,,,,,,,,,
05/11/2026 17:15,05/11/2026 17:30,US30,Buy,0.00000,0.00000,49607.00000,49696.00000,89.0,28.54,00:00:15:09,,,,,,,,,,,,
05/11/2026 17:06,05/11/2026 17:13,US30,Buy,0.00000,0.00000,49571.00000,49571.00000,0.0,0.23,00:00:07:19,,,,,,,,,,,,
05/11/2026 16:45,05/11/2026 17:01,US30,Buy,0.00000,0.00000,49613.00000,49611.00000,-2.0,-0.40,00:00:15:56,,,,,,,,,,,,
05/11/2026 16:39,05/11/2026 16:40,US30,Sell,49549.25000,49323.34000,49497.00000,49498.00000,-1.0,-0.10,00:00:01:11,,,,,,,,,,,,
05/11/2026 16:36,05/11/2026 16:37,US30,Buy,49561.85000,49663.85000,49617.00000,49560.00000,-57.0,-15.30,00:00:00:41,,,,,,,,,,,,
05/11/2026 16:30,05/11/2026 16:30,US30,Buy,0.00000,0.00000,49607.00000,49572.00000,-35.0,-8.53,00:00:00:06,,,,,,,,,,,,
05/08/2026 19:00,05/08/2026 19:09,US30,Buy,0.00000,0.00000,49658.00000,49653.00000,-5.0,-1.28,00:00:08:27,,,,,,,,,,,,
05/08/2026 18:46,05/08/2026 19:00,US30,Sell,0.00000,0.00000,49629.00000,49656.00000,-27.0,-6.21,00:00:13:41,,,,,,,,,,,,
05/08/2026 17:25,05/08/2026 18:55,US30,Buy,49671.35000,49569.35000,49719.00000,49672.00000,-47.0,0.04,00:01:30:02,,,,,,,,,,,,
05/08/2026 18:43,05/08/2026 18:46,US30,Sell,0.00000,0.00000,49609.00000,49635.00000,-26.0,-5.46,00:00:02:30,,,,,,,,,,,,
05/08/2026 18:39,05/08/2026 18:41,US30,Buy,0.00000,0.00000,49646.00000,49642.00000,-4.0,-0.72,00:00:02:34,,,,,,,,,,,,
05/08/2026 18:38,05/08/2026 18:39,US30,Sell,0.00000,0.00000,49625.00000,49647.00000,-22.0,-4.46,00:00:00:44,,,,,,,,,,,,
05/06/2026 18:11,05/08/2026 18:05,US30,Buy,49671.35000,49569.35000,49956.00000,49752.33333,-203.7,-10.90,01:23:53:37,,,,,,,,,,,,
05/06/2026 17:59,05/08/2026 18:05,US30,Buy,49708.95000,49810.95000,49956.00000,49770.00000,-186.0,-0.47,02:00:05:43,,,,,,,,,,,,
05/08/2026 17:48,05/08/2026 18:04,US30,Sell,0.00000,0.00000,49720.00000,49659.00000,61.0,14.30,00:00:15:54,,,,,,,,,,,,
05/08/2026 17:48,05/08/2026 17:48,US30,Buy,0.00000,0.00000,49738.00000,49722.00000,-16.0,-3.56,00:00:00:29,,,,,,,,,,,,
05/08/2026 17:38,05/08/2026 17:42,US30,Buy,0.00000,0.00000,49742.00000,49733.00000,-9.0,-2.05,00:00:03:57,,,,,,,,,,,,
05/08/2026 17:33,05/08/2026 17:35,US30,Sell,0.00000,0.00000,49693.00000,49694.00000,-1.0,-0.18,00:00:02:39,,,,,,,,,,,,
05/08/2026 17:28,05/08/2026 17:28,US30,Buy,0.00000,0.00000,49731.00000,49730.00000,-1.0,-0.18,00:00:00:16,,,,,,,,,,,,
05/08/2026 17:25,05/08/2026 17:27,US30,Buy,0.00000,0.00000,49714.00000,49709.00000,-5.0,-1.04,00:00:02:14,,,,,,,,,,,,
05/08/2026 17:20,05/08/2026 17:20,US30,Buy,0.00000,0.00000,49692.00000,49686.00000,-6.0,-1.35,00:00:00:40,,,,,,,,,,,,
05/08/2026 17:18,05/08/2026 17:18,US30,Buy,0.00000,0.00000,49706.00000,49694.00000,-12.0,-2.47,00:00:00:54,,,,,,,,,,,,
05/08/2026 17:15,05/08/2026 17:15,US30,Buy,0.00000,0.00000,49692.00000,49682.00000,-10.0,-2.11,00:00:00:08,,,,,,,,,,,,
05/08/2026 17:10,05/08/2026 17:11,US30,Sell,0.00000,0.00000,49652.00000,49652.00000,0.0,-0.15,00:00:00:48,,,,,,,,,,,,
05/08/2026 17:01,05/08/2026 17:02,US30,Sell,0.00000,0.00000,49664.00000,49664.00000,0.0,-0.06,00:00:00:30,,,,,,,,,,,,
05/08/2026 16:56,05/08/2026 16:56,US30,Sell,0.00000,0.00000,49680.00000,49685.00000,-5.0,-1.17,00:00:00:17,,,,,,,,,,,,
05/08/2026 16:53,05/08/2026 16:55,US30,Sell,0.00000,0.00000,49688.00000,49682.00000,6.0,1.06,00:00:02:05,,,,,,,,,,,,
05/08/2026 16:20,05/08/2026 16:30,US30,Buy,49709.95000,49811.95000,49763.00000,49832.00000,69.0,16.59,00:00:10:12,,,,,,,,,,,,
05/08/2026 16:01,05/08/2026 16:06,US30,Buy,49709.95000,49811.95000,49763.00000,49709.00000,-54.0,-11.40,00:00:04:56,,,,,,,,,,,,
05/05/2026 16:03,05/08/2026 15:38,US30,Buy,49671.35000,49569.35000,49147.00000,49597.33333,450.3,-0.55,02:23:34:43,,,,,,,,,,,,
05/07/2026 16:50,05/07/2026 16:58,US30,Sell,49952.55000,49850.55000,49899.00000,49848.00000,51.0,11.99,00:00:08:05,,,,,,,,,,,,
05/07/2026 16:30,05/07/2026 16:31,US30,Buy,50053.05000,50155.05000,50109.00000,50053.00000,-56.0,-11.75,00:00:01:09,,,,,,,,,,,,
05/06/2026 22:05,05/06/2026 22:18,US30,Buy,49903.35000,50005.35000,49958.00000,50006.00000,48.0,11.05,00:00:12:51,,,,,,,,,,,,
05/05/2026 16:56,05/05/2026 17:01,US30,Buy,49094.65000,49196.65000,49147.00000,49197.00000,50.0,11.37,00:00:04:56,,,,,,,,,,,,
05/05/2026 15:06,05/05/2026 15:20,US30,Buy,49094.65000,49196.65000,49147.00000,49145.00000,-2.0,-0.45,00:00:13:37,,,,,,,,,,,,
05/04/2026 20:30,05/04/2026 20:35,US30,Sell,49149.85000,49047.85000,49096.00000,49048.00000,48.0,12.26,00:00:05:42,,,,,,,,,,,,
05/04/2026 18:25,05/04/2026 19:10,US30,Sell,49464.35000,49566.35000,49097.00000,49014.50000,82.5,-0.57,00:00:45:14,,,,,,,,,,,,
05/01/2026 15:12,05/01/2026 15:13,US30,Buy,49789.45000,49891.45000,49843.00000,49892.00000,49.0,14.01,00:00:01:31,,,,,,,,,,,,
04/29/2026 15:30,05/01/2026 15:00,US30,Sell,49765.05000,49663.05000,49096.00000,49465.50000,-369.5,-0.62,01:23:30:11,,,,,,,,,,,,
04/28/2026 17:13,05/01/2026 15:00,US30,Sell,49789.45000,49891.45000,49158.00000,49469.50000,-311.5,10.02,02:21:47:06,,,,,,,,,,,,
04/30/2026 16:45,04/30/2026 16:49,US30,Buy,49202.65000,49304.65000,49255.00000,49202.00000,-53.0,-13.10,00:00:03:36,,,,,,,,,,,,
04/30/2026 15:21,04/30/2026 15:31,US30,Buy,49202.65000,49304.65000,49256.00000,49203.00000,-53.0,-11.82,00:00:10:20,,,,,,,,,,,,
04/29/2026 16:27,04/29/2026 16:30,US30,Sell,49147.85000,49045.85000,49096.00000,49149.00000,-53.0,-10.55,00:00:02:21,,,,,,,,,,,,
04/29/2026 15:50,04/29/2026 16:00,US30,Sell,49147.85000,49045.85000,49095.00000,49148.00000,-53.0,-9.47,00:00:09:42,,,,,,,,,,,,
04/27/2026 16:04,04/27/2026 16:28,US30,Sell,49168.35000,49066.35000,49116.00000,49168.00000,-52.0,-9.31,00:00:24:28,,,,,,,,,,,,
04/27/2026 15:19,04/27/2026 15:59,US30,Buy,49148.35000,49250.35000,49201.00000,49148.00000,-53.0,-8.58,00:00:39:28,,,,,,,,,,,,
04/24/2026 17:02,04/24/2026 17:04,US30,Sell,49135.45000,49033.45000,49082.00000,49135.00000,-53.0,-7.96,00:00:02:30,,,,,,,,,,,,
04/23/2026 15:00,04/23/2026 15:06,US30,Buy,49228.95000,49330.95000,49285.00000,49338.00000,53.0,8.59,00:00:06:13,,,,,,,,,,,,
04/22/2026 15:00,04/22/2026 15:13,US30,Buy,0.00000,49515.15000,49465.65000,49515.65000,50.0,8.82,00:00:13:14,,,,,,,,,,,,
04/21/2026 16:46,04/21/2026 16:50,US30,Buy,0.00000,49838.55000,49788.85000,49839.05000,50.2,9.72,00:00:04:17,,,,,,,,,,,,
04/21/2026 05:23,,,Deposit,0.00000,0.00000,0.00000,0.00000,0.0,0,00:00:00:00,,,,,,,,,,,,

