Open Date,Close Date,Symbol,Action,Open Price,Close Price,Commission,Swap,Pips,Profit,Gain,Duration (DD:HH:MM:SS),Profitable(%),Profitable(time duration),Drawdown,Risk:Reward,Max(pips),Max(JPY),Min(pips),Min(JPY),Entry Accuracy(%),Exit Accuracy(%),ProfitMissed(pips),ProfitMissed(JPY)
05/28/2026 17:13,05/29/2026 14:00,XAUUSD,Buy,4459.91000,4539.20000,0.0000,-3529.0000,7929.0,425897.00,4.91,00:20:47:00,100.0,20h 47m,2721.0,0.00,8788.0,475958.07999999996,0.0,0.0,100.0,90.2,-859.00,-46523.44
05/26/2026 19:17,05/27/2026 22:00,XAUUSD,Sell,4499.79000,4454.96000,0.0000,1336.0000,4483.0,172946.00,2.03,01:02:42:50,63.6,16h 59m,5427.0,0.29,9554.0,365727.12,-2723.0,-104236.44,77.8,58.7,-5071.00,-194117.88
05/26/2026 20:30,05/27/2026 18:00,XAUUSD,Sell,4498.26000,4435.23000,0.0000,557.0000,6303.0,101097.00,1.20,00:21:29:15,58.6,12h 35m,4878.0,0.31,9401.0,149945.94999999998,-2876.0,-45872.2,76.6,74.8,-3098.00,-49413.10
05/25/2026 01:05,05/25/2026 09:05,XAUUSD,Buy,4551.30000,4550.98000,0.0000,0.0000,-32.0,-1627.00,-0.02,00:08:00:14,99.8,7h 59m,2270.0,0.01,2238.0,113779.92000000001,-32.0,-1626.88,98.6,0.0,-2270.00,-115406.80
05/22/2026 17:03,05/25/2026 01:05,XAUUSD,Sell,4503.72000,4551.98000,0.0000,0.0000,-4826.0,-153309.00,-1.79,02:08:01:43,0.0,0s,5282.0,10000.00,0.0,0.0,-5282.0,-167809.13999999998,0.0,8.6,-4826.00,-153322.02
05/21/2026 20:21,05/22/2026 18:00,XAUUSD,Buy,4545.39000,4501.36000,0.0000,-851.0000,-4403.0,-56898.00,-0.66,00:21:38:46,0.0,0s,5148.0,10000.00,0.0,0.0,-5148.0,-65534.04,0.0,14.5,-4403.00,-56050.19
05/19/2026 16:25,05/20/2026 13:30,XAUUSD,Sell,4502.93000,4489.11000,0.0000,530.0000,1382.0,20312.00,0.24,00:21:04:58,91.4,19h 16m,4835.0,0.16,4639.0,66384.09,-754.0,-10789.74,86.0,39.6,-3257.00,-46607.67
05/19/2026 01:05,05/19/2026 22:00,XAUUSD,Buy,4571.26000,4494.55000,0.0000,0.0000,-7671.0,-97604.00,-1.12,00:20:55:06,0.0,0s,9519.0,10000.00,0.0,0.0,-9519.0,-121081.68000000001,0.0,19.4,-7671.00,-97575.12
05/14/2026 10:36,05/15/2026 03:39,XAUUSD,Buy,4717.07000,4620.83000,0.0000,-1074.0000,-9624.0,-153559.00,-1.74,00:17:02:39,0.0,0s,10932.0,0.00,0.0,0.0,-10932.0,-173162.88,0.0,12.0,-9624.00,-152444.16
05/14/2026 07:00,05/14/2026 07:32,XAUUSD,Sell,4668.91000,4710.42000,0.0000,0.0000,-4151.0,-176894.00,-1.96,00:00:31:59,0.0,0s,4151.0,5000.00,0.0,0.0,-4151.0,-176874.11,0.0,0.0,-4151.00,-176874.11
05/12/2026 18:22,05/13/2026 15:30,XAUUSD,Sell,4651.53000,4680.29000,0.0000,589.0000,-2876.0,-44817.00,-0.49,00:21:07:21,0.0,0s,7346.0,10000.00,0.0,0.0,-7346.0,-115993.34,0.0,60.8,-2876.00,-45412.04
05/12/2026 18:17,05/12/2026 22:33,XAUUSD,Sell,4661.53000,4708.21000,0.0000,0.0000,-4668.0,-176510.00,-1.91,00:04:15:49,0.0,0s,5620.0,10000.00,0.0,0.0,-5620.0,-212492.2,0.0,16.9,-4668.00,-176497.08
05/11/2026 16:16,05/12/2026 04:39,XAUUSD,Buy,4726.49000,4725.82000,0.0000,-940.0000,-67.0,-1890.00,-0.02,00:12:22:33,65.6,8h 7m,5153.0,0.34,4459.0,63228.619999999995,-1527.0,-21652.86,74.5,24.4,-4526.00,-64178.68
05/08/2026 21:00,05/11/2026 18:00,XAUUSD,Buy,4726.49000,4723.76000,0.0000,-888.0000,-273.0,-4317.00,-0.05,02:20:59:36,3.9,2h 41m,7435.0,4.30,1730.0,21728.8,-7435.0,-93383.6,18.9,78.1,-2003.00,-25157.68
05/11/2026 16:45,05/11/2026 17:32,XAUUSD,Buy,4747.84000,4715.03000,0.0000,0.0000,-3281.0,-175247.00,-1.86,00:00:46:24,0.0,0s,3338.0,5000.00,0.0,0.0,-3338.0,-178282.58,0.0,1.7,-3281.00,-175238.21
05/11/2026 01:05,05/11/2026 15:22,XAUUSD,Sell,4684.44000,4685.57000,0.0000,0.0000,-113.0,-1598.00,-0.02,00:14:17:36,63.4,9h 3m,9165.0,1.84,3230.0,45672.200000000004,-5935.0,-83920.90000000001,35.2,63.5,-3343.00,-47270.02
05/06/2026 05:47,05/07/2026 02:00,XAUUSD,Buy,4638.63000,4694.11000,0.0000,-2865.0000,5548.0,75197.00,0.80,00:20:12:36,100.0,20h 12m,5123.0,0.00,8310.0,116921.7,0.0,0.0,100.0,66.8,-2762.00,-38861.34
05/06/2026 02:12,05/06/2026 22:00,XAUUSD,Buy,4584.56000,4686.01000,0.0000,0.0000,10145.0,507727.00,5.74,00:19:47:56,100.0,19h 47m,5123.0,0.00,13717.0,686535.85,0.0,0.0,100.0,74.0,-3572.00,-178778.60
05/04/2026 13:02,05/05/2026 15:11,XAUUSD,Sell,4566.16000,4567.04000,0.0000,1438.0000,-88.0,-2031.00,-0.02,01:02:09:31,86.0,22h 29m,7543.0,0.32,5711.0,225127.62,-1832.0,-72217.44,75.7,23.1,-5799.00,-228596.58
05/04/2026 13:03,05/05/2026 10:30,XAUUSD,Sell,4561.97000,4549.45000,0.0000,575.0000,1252.0,20259.00,0.23,00:21:26:14,93.8,20h 6m,5021.0,0.33,5292.0,83190.24,-1767.0,-27777.24,75.0,42.8,-4040.00,-63508.80
05/01/2026 17:02,05/04/2026 13:21,XAUUSD,Buy,4640.11000,4531.29000,0.0000,0.0000,-10882.0,-153940.00,-1.72,02:20:19:45,0.0,0s,10882.0,0.00,0.0,0.0,-10882.0,-153980.30000000002,0.0,0.0,-10882.00,-153980.30
05/01/2026 17:11,05/01/2026 21:16,XAUUSD,Buy,4643.50000,4615.05000,0.0000,0.0000,-2845.0,-165351.00,-1.81,00:04:04:53,0.0,0s,3515.0,5000.00,0.0,0.0,-3515.0,-204291.8,0.0,19.1,-2845.00,-165351.40
04/30/2026 10:57,04/30/2026 19:57,XAUUSD,Buy,4605.22000,4605.35000,0.0000,0.0000,13.0,183.00,0.00,00:09:00:17,100.0,9h 0m,3951.0,0.00,3964.0,55813.12,0.0,0.0,100.0,0.3,-3951.00,-55630.08
04/30/2026 10:57,04/30/2026 19:57,XAUUSD,Buy,4605.26000,4605.40000,0.0000,0.0000,14.0,723.00,0.01,00:09:00:16,100.0,9h 0m,3946.0,0.00,3960.0,204494.4,0.0,0.0,100.0,0.4,-3946.00,-203771.44
04/27/2026 18:02,04/28/2026 22:00,XAUUSD,Sell,4670.67000,4594.81000,0.0000,1384.0000,7586.0,291973.00,3.30,01:03:57:34,66.1,18h 28m,4073.0,0.26,11162.0,427616.22000000003,-2944.0,-112784.64000000001,79.1,74.6,-3576.00,-136996.56
04/27/2026 06:41,04/27/2026 15:41,XAUUSD,Buy,4727.81000,4697.44000,0.0000,0.0000,-3037.0,-169207.00,-1.88,00:09:00:02,0.0,0s,5928.0,10000.00,0.0,0.0,-5928.0,-330308.16,0.0,48.8,-3037.00,-169221.64
04/24/2026 17:13,04/24/2026 23:07,XAUUSD,Buy,4740.21000,4709.95000,0.0000,0.0000,-3026.0,-168826.00,-1.84,00:05:53:59,0.0,0s,3465.0,5000.00,0.0,0.0,-3465.0,-193312.35,0.0,12.7,-3026.00,-168820.54
04/22/2026 11:23,04/23/2026 08:30,XAUUSD,Sell,4754.49000,4704.56000,0.0000,1639.0000,4993.0,73348.00,0.81,00:21:06:38,97.7,20h 37m,4883.0,0.05,5555.0,79769.8,-297.0,-4264.92,94.9,90.4,-562.00,-8070.32
04/21/2026 15:30,04/22/2026 08:19,XAUUSD,Sell,4769.34000,4769.46000,0.0000,1458.0000,-12.0,980.00,0.01,00:16:49:06,99.1,16h 40m,9841.0,0.01,9770.0,389139.1,-71.0,-2827.93,99.3,0.6,-9782.00,-389617.06
04/21/2026 17:40,04/22/2026 04:39,XAUUSD,Sell,4752.09000,4752.10000,0.0000,642.0000,-1.0,624.00,0.01,00:10:59:22,74.9,8h 13m,9431.0,0.15,8207.0,147726.0,-1224.0,-22032.0,87.0,13.0,-8208.00,-147744.00
04/20/2026 02:23,04/20/2026 22:30,XAUUSD,Sell,4768.75000,4817.63000,0.0000,0.0000,-4888.0,-93150.00,-1.01,00:20:06:08,0.0,0s,6298.0,10000.00,0.0,0.0,-6298.0,-120039.87999999999,0.0,22.4,-4888.00,-93165.28
04/20/2026 01:05,04/20/2026 15:21,XAUUSD,Sell,4773.43000,4820.22000,0.0000,0.0000,-4679.0,-208241.00,-2.21,00:14:16:03,0.0,0s,5290.0,10000.00,0.0,0.0,-5290.0,-235457.9,0.0,11.6,-4679.00,-208262.29
04/17/2026 15:48,04/17/2026 23:44,XAUUSD,Buy,4834.18000,4833.92000,0.0000,0.0000,-26.0,-412.00,0.00,00:07:56:06,63.5,5h 2m,4469.0,0.15,3872.0,61371.2,-597.0,-9462.449999999999,86.6,12.8,-3898.00,-61783.30
04/17/2026 15:48,04/17/2026 23:44,XAUUSD,Buy,4834.18000,4833.92000,0.0000,0.0000,-26.0,-1443.00,-0.02,00:07:56:06,63.5,5h 2m,4469.0,0.15,3872.0,214896.0,-597.0,-33133.5,86.6,12.8,-3898.00,-216339.00
04/16/2026 16:54,04/17/2026 15:46,XAUUSD,Sell,4789.88000,4830.21000,0.0000,1667.0000,-4033.0,-177746.00,-1.85,00:22:51:43,27.3,6h 14m,11477.0,4.51,2082.0,92628.18000000001,-9395.0,-417983.55000000005,18.1,46.7,-6115.00,-272056.35
04/16/2026 16:54,04/17/2026 14:00,XAUUSD,Sell,4789.88000,4788.68000,0.0000,715.0000,120.0,3007.00,0.03,00:21:05:29,30.0,6h 19m,11477.0,4.51,2082.0,39766.200000000004,-9395.0,-179444.5,18.1,82.9,-1962.00,-37474.20
04/16/2026 03:00,04/16/2026 16:52,XAUUSD,Buy,4829.03000,4795.22000,0.0000,0.0000,-3381.0,-182981.00,-1.87,00:13:52:43,7.9,1h 5m,4844.0,6.05,687.0,37180.439999999995,-4157.0,-224976.84,14.2,16.0,-4068.00,-220160.16
04/14/2026 10:05,04/15/2026 07:00,XAUUSD,Buy,4791.09000,4823.19000,0.0000,-2742.0000,3210.0,119742.00,1.24,00:20:54:19,84.5,17h 39m,5541.0,0.39,7318.0,279254.87999999995,-2818.0,-107534.87999999999,72.2,59.5,-4108.00,-156761.28
04/14/2026 03:41,04/15/2026 01:14,XAUUSD,Buy,4774.94000,4845.10000,0.0000,-1028.0000,7016.0,99269.00,1.04,00:21:32:52,78.0,16h 48m,3067.0,0.21,7514.0,107450.20000000001,-1571.0,-22465.300000000003,82.7,94.5,-498.00,-7121.40
04/13/2026 01:05,04/13/2026 21:30,XAUUSD,Sell,4669.41000,4728.00000,0.0000,0.0000,-5859.0,-65371.00,-0.68,00:20:25:07,0.0,0s,7675.0,10000.00,0.0,0.0,-7675.0,-85653.0,0.0,23.7,-5859.00,-65386.44
04/10/2026 17:24,04/13/2026 14:00,XAUUSD,Buy,4789.79000,4724.11000,0.0000,-693.0000,-6568.0,-63611.00,-0.66,02:20:35:22,0.0,0s,14287.0,0.00,0.0,0.0,-14287.0,-136869.46,0.0,54.0,-6568.00,-62921.44
04/07/2026 22:20,04/08/2026 19:00,XAUUSD,Buy,4703.10000,4756.18000,0.0000,-2401.0000,5308.0,165753.00,1.74,00:20:39:10,99.6,20h 34m,14326.0,0.00,14259.0,451725.12,-67.0,-2122.56,99.5,37.5,-8951.00,-283567.68
04/07/2026 17:04,04/08/2026 01:54,XAUUSD,Sell,4625.66000,4794.93000,0.0000,342.0000,-16927.0,-161176.00,-1.67,00:08:50:13,0.0,0s,22003.0,0.00,0.0,0.0,-22003.0,-209908.62,0.0,23.1,-16927.00,-161483.58
03/31/2026 16:54,04/01/2026 13:30,XAUUSD,Buy,4606.06000,4728.97000,0.0000,-8148.0000,12291.0,284319.00,3.03,00:20:36:04,100.0,20h 36m,5254.0,0.00,15456.0,367852.8,0.0,0.0,100.0,79.5,-3165.00,-75327.00
03/31/2026 04:19,04/01/2026 02:00,XAUUSD,Buy,4570.20000,4680.92000,0.0000,-2173.0000,11072.0,68124.00,0.73,00:21:40:09,72.1,15h 37m,4549.0,0.24,15132.0,96088.2,-3591.0,-22802.85,80.8,78.3,-4060.00,-25781.00
03/31/2026 04:19,04/01/2026 01:14,XAUUSD,Buy,4570.20000,4662.88000,0.0000,-7061.0000,9268.0,184256.00,2.02,00:20:54:07,71.0,14h 50m,5864.0,0.24,15132.0,312324.48,-3591.0,-74118.24,80.8,68.7,-5864.00,-121032.96
03/30/2026 08:49,03/30/2026 16:58,XAUUSD,Buy,4517.21000,4516.85000,0.0000,0.0000,-36.0,-230.00,0.00,00:08:09:21,99.0,8h 4m,5711.0,0.01,5675.0,36263.25,-36.0,-230.04,99.4,0.0,-5711.00,-36493.29
03/30/2026 06:23,03/30/2026 06:37,XAUUSD,Buy,4518.50000,4504.02000,0.0000,0.0000,-1448.0,-9255.00,-0.10,00:00:14:03,,,,,,,,,,,,
03/25/2026 02:16,03/25/2026 22:00,XAUUSD,Buy,4488.49000,4536.19000,0.0000,0.0000,4770.0,98876.00,1.09,00:19:43:45,100.0,19h 43m,9066.0,0.00,10538.0,218452.74,0.0,0.0,100.0,45.3,-5768.00,-119570.64
03/24/2026 23:25,03/25/2026 20:00,XAUUSD,Buy,4480.38000,4554.23000,0.0000,-316.0000,7385.0,34966.00,0.39,00:20:34:18,100.0,20h 34m,9484.0,0.00,11767.0,56246.26,0.0,0.0,100.0,62.8,-4382.00,-20945.96
03/25/2026 09:07,,,Deposit,0.00000,0.00000,0.0000,0.0000,0.0,1272974.00,0,00:00:00:00,,,,,,,,,,,,
03/18/2026 06:04,03/18/2026 23:52,XAUUSD,Sell,4987.74000,4824.72000,0.0000,0.0000,16302.0,521260.00,7.22,00:17:48:15,78.0,13h 53m,5750.0,0.15,17843.0,570619.14,-2720.0,-86985.6,86.8,92.5,-1541.00,-49281.18
03/18/2026 13:35,03/18/2026 16:18,XAUUSD,Sell,4974.41000,4835.09000,0.0000,0.0000,13932.0,177809.00,2.52,00:02:42:44,100.0,2h 42m,3301.0,0.00,13932.0,177772.32,0.0,0.0,100.0,100.0,0.00,0.00
03/13/2026 17:55,03/16/2026 20:00,XAUUSD,Sell,5045.27000,4992.34000,0.0000,673.0000,5293.0,84972.00,1.22,03:02:04:39,99.6,3d 1h ,5933.0,0.03,7100.0,113103.0,-230.0,-3663.9,96.9,75.3,-1807.00,-28785.51
03/13/2026 17:56,03/16/2026 15:00,XAUUSD,Sell,5044.68000,4997.39000,0.0000,269.0000,4729.0,30366.00,0.44,02:21:03:53,99.6,2d 20h ,5933.0,0.04,7041.0,44780.76,-289.0,-1838.0400000000002,96.1,68.5,-2312.00,-14704.32
03/10/2026 04:47,03/10/2026 21:19,XAUUSD,Buy,5169.81000,5166.95000,0.0000,0.0000,-286.0,-1807.00,-0.03,00:16:31:57,91.5,15h 7m,6862.0,0.18,6576.0,41560.32,-1206.0,-7621.92,84.5,11.8,-6862.00,-43367.84
03/10/2026 04:47,03/10/2026 21:19,XAUUSD,Buy,5169.57000,5166.95000,0.0000,0.0000,-262.0,-6622.00,-0.10,00:16:31:57,92.0,15h 12m,6862.0,0.18,6600.0,166782.0,-1182.0,-29869.14,84.8,11.8,-6862.00,-173402.74
03/09/2026 02:42,03/09/2026 23:00,XAUUSD,Sell,5061.40000,5142.32000,0.0000,0.0000,-8092.0,-51098.00,-0.73,00:20:17:09,0.0,0s,8092.0,10000.00,0.0,0.0,-8092.0,-51060.52,0.0,0.0,-8092.00,-51060.52
03/09/2026 02:42,03/09/2026 08:49,XAUUSD,Sell,5061.40000,5140.86000,0.0000,0.0000,-7946.0,-125814.00,-1.77,00:06:06:29,0.0,0s,7946.0,10000.00,0.0,0.0,-7946.0,-125785.18000000001,0.0,0.0,-7946.00,-125785.18
03/06/2026 17:00,03/09/2026 02:10,XAUUSD,Buy,5136.99000,5094.14000,0.0000,-2048.0000,-4285.0,-117368.00,-1.62,02:09:10:39,93.1,2d 5h ,14006.0,2.77,3711.0,99863.01,-10295.0,-277038.45,26.5,42.9,-7996.00,-215172.36
03/06/2026 17:00,03/09/2026 01:15,XAUUSD,Buy,5135.17000,5132.72000,0.0000,-482.0000,-245.0,-2035.00,-0.03,02:08:15:43,94.7,2d 5h ,14006.0,2.60,3893.0,24681.62,-10113.0,-64116.42,27.8,70.5,-4138.00,-26234.92
03/05/2026 17:08,03/06/2026 17:02,XAUUSD,Sell,5077.63000,5151.87000,0.0000,549.0000,-7424.0,-104738.00,-1.43,00:23:53:39,15.0,3h 35m,10643.0,4.90,1803.0,25566.54,-8840.0,-125351.2,16.9,13.3,-9227.00,-130838.86
03/06/2026 09:50,,,Deposit,0.00000,0.00000,0.0000,0.0000,0.0,1183870.00,0,00:00:00:00,,,,,,,,,,,,
03/05/2026 04:58,03/06/2026 02:00,XAUUSD,Buy,5192.47000,5085.75000,0.0000,-478.0000,-10672.0,-67743.00,-1.09,00:21:01:19,0.0,0s,13287.0,0.00,0.0,0.0,-13287.0,-83708.09999999999,0.0,19.7,-10672.00,-67233.60
03/05/2026 05:05,03/05/2026 08:00,XAUUSD,Buy,5195.42000,5146.37000,0.0000,0.0000,-4905.0,-115653.00,-1.83,00:02:54:35,0.0,0s,6770.0,10000.00,0.0,0.0,-6770.0,-159636.59999999998,0.0,27.5,-4905.00,-115659.90
03/03/2026 13:29,03/03/2026 21:01,XAUUSD,Sell,5140.49000,5143.98000,0.0000,0.0000,-349.0,-3301.00,-0.05,00:07:32:29,88.8,6h 41m,14249.0,0.32,13692.0,129526.32,-4349.0,-41141.54,75.9,22.2,-14041.00,-132827.86
03/03/2026 13:09,03/03/2026 14:55,XAUUSD,Sell,5160.03000,5213.55000,0.0000,0.0000,-5352.0,-118157.00,-1.83,00:01:45:58,23.6,25m,8062.0,1.98,2710.0,59836.799999999996,-5352.0,-118172.15999999999,33.6,0.0,-8062.00,-178008.96
03/03/2026 04:11,,,Deposit,0.00000,0.00000,0.0000,0.0000,0.0,1367174.00,0,00:00:00:00,,,,,,,,,,,,
02/27/2026 15:06,03/02/2026 09:18,XAUUSD,Buy,5197.89000,5417.81000,0.0000,-1884.0000,21992.0,516054.00,11.28,02:18:11:37,100.0,2d 18h ,8263.0,0.00,21992.0,517911.60000000003,0.0,0.0,100.0,100.0,0.00,0.00
02/27/2026 15:07,03/02/2026 01:05,XAUUSD,Buy,5207.23000,5362.49500,0.0000,-502.0000,15526.5,96554.00,2.16,02:09:57:16,100.0,2d 9h ,7074.0,0.00,18132.0,113325.0,0.0,0.0,100.0,85.6,-2605.50,-16284.38
02/25/2026 17:04,02/25/2026 22:57,XAUUSD,Buy,5201.78000,5163.01000,0.0000,0.0000,-3877.0,-84920.00,-1.86,00:05:53:12,44.2,2h 36m,6595.0,3.31,1529.0,33485.1,-5066.0,-110945.4,23.2,18.0,-5406.00,-118391.40
02/20/2026 11:17,02/23/2026 08:00,XAUUSD,Buy,5042.52000,5157.29000,0.0000,-388.0000,11477.0,52793.00,1.17,02:20:42:41,95.1,2d 17h ,4422.0,0.23,13240.0,61301.2,-3070.0,-14214.1,81.2,89.2,-1763.00,-8162.69
02/20/2026 08:11,02/20/2026 17:03,XAUUSD,Buy,5018.60000,5016.44000,0.0000,0.0000,-216.0,-4028.00,-0.09,00:08:52:26,91.4,8h 6m,6823.0,0.46,5148.0,96010.2,-2378.0,-44349.7,68.4,28.7,-5364.00,-100038.60
02/17/2026 07:15,02/18/2026 05:06,XAUUSD,Sell,4915.59000,4915.41000,0.0000,578.0000,18.0,827.00,0.02,00:21:51:03,64.6,14h 6m,8363.0,0.45,6135.0,84847.05,-2744.0,-37949.52,69.1,31.1,-6117.00,-84598.11
02/17/2026 07:19,02/17/2026 20:40,XAUUSD,Sell,4896.31000,4896.41000,0.0000,0.0000,-10.0,-61.00,0.00,00:13:21:39,47.5,6h 20m,5671.0,1.05,4437.0,27065.699999999997,-4672.0,-28499.199999999997,48.7,51.2,-4447.00,-27126.70
02/16/2026 01:24,,,Deposit,0.00000,0.00000,0.0000,0.0000,0.0,1193077.00,0,00:00:00:00,,,,,,,,,,,,
02/12/2026 23:28,02/13/2026 17:36,XAUUSD,Sell,4920.15000,5017.57000,0.0000,0.0000,-9742.0,-59649.00,-1.76,00:18:08:01,2.3,25m,11726.0,11.10,970.0,5936.400000000001,-10756.0,-65826.72,8.3,8.6,-10712.00,-65557.44
02/12/2026 18:12,02/13/2026 15:30,XAUUSD,Sell,5007.15000,4981.96000,0.0000,0.0000,2519.0,3856.00,0.11,00:21:17:56,98.9,21h 3m,11665.0,0.03,11371.0,17397.63,-294.0,-449.82,97.5,24.1,-8852.00,-13543.56
02/11/2026 15:31,02/12/2026 18:00,XAUUSD,Sell,5018.20000,5060.73000,0.0000,1067.0000,-4253.0,-24903.00,-0.73,01:02:29:06,7.3,1h 56m,16472.0,0.64,12219.0,74658.09000000001,-7801.0,-47664.11,61.0,17.7,-16472.00,-100643.92
02/11/2026 11:47,02/12/2026 08:30,XAUUSD,Buy,5071.04000,5055.39000,0.0000,-1353.0000,-1565.0,-8554.00,-0.25,00:20:42:56,44.6,9h 14m,6799.0,0.67,4083.0,18781.8,-2716.0,-12493.599999999999,60.1,16.9,-5648.00,-25980.80
02/10/2026 16:31,02/11/2026 14:00,XAUUSD,Buy,5075.35000,5114.81000,0.0000,-112.0000,3946.0,5945.00,0.17,00:21:28:53,12.5,2h 41m,6967.0,1.77,3946.0,6037.38,-6967.0,-10659.51,36.2,100.0,0.00,0.00
02/09/2026 22:33,02/10/2026 20:00,XAUUSD,Buy,5086.02000,5025.28000,0.0000,-113.0000,-6074.0,-9490.00,-0.28,00:21:26:57,0.0,0s,8034.0,10000.00,0.0,0.0,-8034.0,-12372.36,0.0,24.4,-6074.00,-9353.96
02/09/2026 16:45,02/10/2026 14:00,XAUUSD,Buy,5040.05000,5055.42000,0.0000,-113.0000,1537.0,2274.00,0.07,00:21:15:02,57.7,12h 15m,6914.0,0.66,4164.0,6454.2,-2750.0,-4262.5,60.2,62.0,-2627.00,-4071.85
02/05/2026 05:24,,,Deposit,0.00000,0.00000,0.0000,0.0000,0.0,1600000.00,0,00:00:00:00,,,,,,,,,,,,
01/30/2026 11:42,01/30/2026 14:01,XAUUSD,Sell,5007.50000,5146.40000,0.0000,0.0000,-13890.0,-21371.00,-1.17,00:02:18:23,7.2,9m,15178.0,10.79,1288.0,1983.52,-13890.0,-21390.600000000002,8.5,0.0,-15178.00,-23374.12
01/30/2026 11:42,01/30/2026 12:20,XAUUSD,Sell,5007.59000,5060.52000,0.0000,0.0000,-5293.0,-32628.00,-1.75,00:00:37:21,0.0,0s,12815.0,0.00,0.0,0.0,-12815.0,-78940.40000000001,0.0,58.7,-5293.00,-32604.88
01/27/2026 21:55,01/28/2026 10:03,XAUUSD,Buy,5098.88000,5294.58000,0.0000,-691.0000,19570.0,178623.00,10.59,00:12:08:13,92.5,11h 13m,3855.0,0.00,20668.0,189318.88,0.0,0.0,100.0,94.7,-1098.00,-10057.68
01/27/2026 18:19,01/28/2026 04:53,XAUUSD,Buy,5101.25000,5228.85000,0.0000,-115.0000,12760.0,19388.00,1.16,00:10:34:03,88.1,9h 18m,2238.0,0.10,14405.0,22039.65,-1402.0,-2145.06,91.1,89.6,-1645.00,-2516.85
01/27/2026 09:42,01/28/2026 04:53,XAUUSD,Buy,5101.15000,5228.44000,0.0000,-115.0000,12729.0,19339.00,1.17,00:19:11:03,48.1,9h 13m,4697.0,0.33,14415.0,22054.95,-4697.0,-7186.41,75.4,91.2,-1686.00,-2579.58
01/26/2026 16:52,01/27/2026 14:00,XAUUSD,Buy,5091.87000,5076.19000,0.0000,-115.0000,-1568.0,-2526.00,-0.15,00:21:07:42,5.9,1h 14m,9720.0,8.27,1049.0,1615.46,-8671.0,-13353.34,10.8,73.1,-2617.00,-4030.18
01/27/2026 09:42,01/27/2026 13:51,XAUUSD,Buy,5101.17000,5068.56000,0.0000,0.0000,-3261.0,-35090.00,-2.08,00:04:08:54,0.0,0s,3261.0,3333.33,0.0,0.0,-3261.0,-35088.36,0.0,0.0,-3261.00,-35088.36
01/23/2026 18:02,01/26/2026 11:50,XAUUSD,Buy,4965.84000,5082.22000,0.0000,-692.0000,11638.0,106591.00,6.75,02:17:48:12,99.7,2d 17h ,2848.0,0.01,13105.0,120828.1,-149.0,-1373.7800000000002,98.9,88.9,-1467.00,-13525.74
01/23/2026 17:43,01/26/2026 03:41,XAUUSD,Buy,4960.40000,5077.18000,0.0000,-115.0000,11678.0,17932.00,1.15,02:09:58:04,100.0,2d 9h ,1660.0,0.00,12809.0,19853.95,0.0,0.0,100.0,91.2,-1131.00,-1753.05
01/22/2026 18:19,01/23/2026 16:00,XAUUSD,Buy,4879.21000,4938.79000,0.0000,-121.0000,5958.0,9310.00,0.60,00:21:41:01,100.0,21h 41m,5990.0,0.00,9201.0,14537.58,0.0,0.0,100.0,64.8,-3243.00,-5123.94
01/22/2026 18:38,01/23/2026 15:30,XAUUSD,Buy,4884.16000,4931.59000,0.0000,-845.0000,4743.0,51650.00,3.44,00:20:51:33,100.0,20h 51m,5990.0,0.00,8097.0,89633.79000000001,0.0,0.0,100.0,58.6,-3354.00,-37128.78
01/22/2026 07:42,,,Deposit,0.00000,0.00000,0.0000,0.0000,0.0,1500000.00,0,00:00:00:00,,,,,,,,,,,,

