Open Date,Close Date,Symbol,Action,Units/Lots,SL,TP,Open Price,Close Price,Pips,Gain,Magic Number,Duration (DD:HH:MM:SS),Profitable(%),Profitable(time duration),Drawdown,Risk:Reward,Max(pips),Max(USD),Min(pips),Min(USD),Entry Accuracy(%),Exit Accuracy(%),ProfitMissed(pips),ProfitMissed(USD)
06/01/2026 20:47,06/01/2026 21:01,XAUUSD,Buy,0.030,4487.06000,0.00000,4495.11000,4486.94000,-817.0,-0.84,123456,00:00:14:37,0.0,0s,1234.0,1250.00,0.0,,-1234.0,,0.0,33.8,-817.00,
06/01/2026 18:32,06/01/2026 19:10,XAUUSD,Buy,0.030,4466.26000,0.00000,4474.47000,4466.11000,-836.0,-0.86,123456,00:00:38:25,97.5,37m,2230.0,0.60,1394.0,,-836.0,,62.5,0.0,-2230.00,
05/29/2026 17:54,05/29/2026 17:54,XAUUSD,Buy,0.030,4555.97000,0.00000,4564.58000,4555.75000,-883.0,-0.90,123456,00:00:00:54,,,,,,,,,,,,
05/27/2026 13:14,05/27/2026 13:32,XAUUSD,Buy,0.020,4473.00000,0.00000,4484.93000,4472.93000,-1200.0,-0.80,0,00:00:18:44,0.0,0s,8068.0,10000.00,0.0,,-8068.0,,0.0,85.1,-1200.00,
05/27/2026 01:01,05/27/2026 01:01,XAUUSD,Buy,0.030,4524.86000,0.00000,4508.10000,4507.05000,-105.0,-0.11,123456,00:00:00:01,,,,,,,,,,,,
05/26/2026 16:53,05/26/2026 19:17,XAUUSD,Buy,0.020,4500.00000,0.00000,4513.45000,4500.00000,-1345.0,-0.89,0,00:02:23:25,0.0,0s,2961.0,3333.33,0.0,,-2961.0,,0.0,54.6,-1345.00,
05/26/2026 14:25,05/26/2026 14:35,XAUUSD,Buy,0.020,4515.00000,0.00000,4524.71000,4514.93000,-978.0,-0.64,0,00:00:10:29,0.0,0s,978.0,1000.00,0.0,,-978.0,,0.0,0.0,-978.00,
05/25/2026 01:01,05/26/2026 04:21,XAUUSD,Buy,0.030,4542.48000,0.00000,4541.57000,4542.12000,55.0,-0.01,123456,01:03:20:40,93.3,1d 1h ,4908.0,0.31,3747.0,,-1161.0,,76.3,24.8,-3692.00,
05/22/2026 12:51,05/22/2026 13:31,XAUUSD,Buy,0.030,4522.90000,0.00000,4531.23000,4522.78000,-845.0,-0.83,123456,00:00:40:36,9.8,3m,1141.0,6.75,169.0,,-1141.0,,12.9,22.6,-1014.00,
05/21/2026 13:25,05/21/2026 13:27,XAUUSD,Buy,0.020,4511.00000,0.00000,4529.00000,4511.76000,-1724.0,-1.11,0,00:00:01:41,,,,,,,,,,,,
05/06/2026 11:31,05/13/2026 18:30,AUDNZD,Sell,0.060,1.22400,0.00000,1.21620,1.22400,-78.0,-0.97,7864234,07:06:58:59,83.3,6d 1h ,121.8,1.78,43.8,,-78.0,,36.0,0.0,-121.80,
04/30/2026 14:49,05/13/2026 14:26,AUDNZD,Sell,0.070,1.22250,0.00000,1.21893,1.22250,-35.7,-0.60,,12:23:36:05,59.8,7d 18h ,111.9,0.61,69.6,,-42.3,,62.2,5.9,-105.30,
05/12/2026 22:37,05/13/2026 04:57,XAUUSD,Buy,0.030,4701.32000,0.00000,4709.92000,4701.32000,-860.0,-0.88,123456,00:06:20:36,40.7,2h 34m,3625.0,1.32,1565.0,,-2060.0,,43.2,33.1,-2425.00,
05/13/2026 00:06,,,Deposit,0.000,0.00000,0.00000,0.00000,0.00000,0.0,0,0,00:00:00:00,,,,,,,,,,,,
05/12/2026 00:06,,,Deposit,0.000,0.00000,0.00000,0.00000,0.00000,0.0,0,0,00:00:00:00,,,,,,,,,,,,
05/12/2026 00:06,,,Deposit,0.000,0.00000,0.00000,0.00000,0.00000,0.0,0,0,00:00:00:00,,,,,,,,,,,,
05/12/2026 00:06,,,Deposit,0.000,0.00000,0.00000,0.00000,0.00000,0.0,0,0,00:00:00:00,,,,,,,,,,,,
05/11/2026 15:23,05/11/2026 16:18,XAUUSD,Buy,0.030,0.00000,4728.75000,4685.81000,4728.78000,4297.0,4.23,123456,00:00:55:51,100.0,55m,1193.0,0.00,5112.0,,0.0,,100.0,84.1,-815.00,
05/08/2026 15:37,05/08/2026 18:45,XAUUSD,Buy,0.010,4703.89000,0.00000,4724.50000,4703.90000,-2060.0,-0.67,7864234,00:03:07:35,21.9,41m,2379.0,6.46,319.0,,-2060.0,,13.4,0.0,-2379.00,
05/08/2026 04:07,05/08/2026 04:36,XAUUSD,Buy,0.030,4709.84000,0.00000,4718.47000,4709.58000,-889.0,-0.87,123456,00:00:29:12,0.0,0s,889.0,909.09,0.0,,-889.0,,0.0,0.0,-889.00,
05/08/2026 00:06,,,Deposit,0.000,0.00000,0.00000,0.00000,0.00000,0.0,0,0,00:00:00:00,,,,,,,,,,,,
05/08/2026 00:06,,,Deposit,0.000,0.00000,0.00000,0.00000,0.00000,0.0,0,0,00:00:00:00,,,,,,,,,,,,
05/08/2026 00:06,,,Deposit,0.000,0.00000,0.00000,0.00000,0.00000,0.0,0,0,00:00:00:00,,,,,,,,,,,,
05/07/2026 13:59,05/07/2026 19:00,XAUUSD,Buy,0.020,4726.00000,0.00000,4736.29000,4725.97000,-1032.0,-0.67,7864234,00:05:00:49,35.3,1h 46m,7319.0,1.77,2641.0,,-4678.0,,36.1,49.8,-3673.00,
05/07/2026 11:57,,,Withdrawal,0.000,0.00000,0.00000,0.00000,0.00000,0.0,0,0,00:00:00:00,,,,,,,,,,,,
05/06/2026 15:57,05/07/2026 09:36,XAUUSD,Buy,0.020,0.00000,0.00000,4677.84000,4737.15000,5931.0,3.20,7864234,00:17:38:15,100.0,17h 38m,2509.0,0.00,7183.0,,0.0,,100.0,82.6,-1252.00,
05/05/2026 14:33,05/07/2026 00:14,AUDNZD,Buy,0.080,1.21220,0.00000,1.21968,1.21220,-74.8,-0.99,7864234,01:09:40:09,31.2,10h 30m,86.1,6.62,11.3,,-74.8,,13.1,0.0,-86.10,
05/07/2026 00:06,,,Deposit,0.000,0.00000,0.00000,0.00000,0.00000,0.0,0,0,00:00:00:00,,,,,,,,,,,,
05/07/2026 00:06,,,Deposit,0.000,0.00000,0.00000,0.00000,0.00000,0.0,0,0,00:00:00:00,,,,,,,,,,,,
05/07/2026 00:06,,,Deposit,0.000,0.00000,0.00000,0.00000,0.00000,0.0,0,0,00:00:00:00,,,,,,,,,,,,
05/06/2026 08:59,05/06/2026 12:00,XAUUSD,Buy,0.040,0.00000,4705.70000,4662.92000,4704.34000,4142.0,4.85,123456,00:03:01:17,100.0,3h 1m,3039.0,0.00,5881.0,,0.0,,100.0,70.4,-1739.00,
05/06/2026 01:56,05/06/2026 03:55,XAUUSD,Buy,0.030,0.00000,4613.78000,4571.52000,4614.26000,4274.0,3.90,123456,00:01:59:10,100.0,1h 59m,3692.0,0.00,7966.0,,0.0,,100.0,53.7,-3692.00,
05/05/2026 15:17,05/05/2026 19:26,XAUUSD,Buy,0.020,4557.00000,0.00000,4563.78000,4556.98000,-680.0,-0.41,7864234,00:04:08:59,26.2,1h 5m,2589.0,0.62,1594.0,,-995.0,,61.6,12.2,-2274.00,
05/04/2026 09:33,,,Withdrawal,0.000,0.00000,0.00000,0.00000,0.00000,0.0,0,0,00:00:00:00,,,,,,,,,,,,
05/04/2026 01:02,05/04/2026 01:10,XAUUSD,Buy,0.040,4619.84000,0.00000,4628.74000,4619.73000,-901.0,-1.05,123456,00:00:08:24,0.0,0s,3230.0,3333.33,0.0,,-3230.0,,0.0,72.1,-901.00,
04/27/2026 18:49,05/01/2026 17:24,USDCHF,Buy,0.030,0.77790,0.00000,0.78455,0.77790,-66.5,-0.71,,03:22:34:45,68.3,2d 16h ,144.0,0.86,77.5,,-66.5,,53.8,0.0,-144.00,
05/01/2026 14:40,05/01/2026 17:00,XAUUSD,Buy,0.020,0.00000,4636.56000,4575.48000,4636.79000,6131.0,3.67,7864234,00:02:20:25,100.0,2h 20m,1698.0,0.00,6501.0,,0.0,,100.0,94.3,-370.00,
05/01/2026 01:01,05/01/2026 03:36,XAUUSD,Buy,0.040,4619.81000,0.00000,4628.26000,4619.65000,-861.0,-1.03,123456,00:02:35:56,22.5,35m,1760.0,2.17,634.0,,-1373.0,,31.6,25.5,-1495.00,
04/29/2026 03:01,04/29/2026 04:01,XAUUSD,Buy,0.040,4592.47000,0.00000,4600.91000,4592.41000,-850.0,-1.00,123456,00:01:00:07,8.2,4m,1042.0,4.43,192.0,,-850.0,,18.4,0.0,-1042.00,
04/28/2026 19:54,,,Deposit,0.000,0.00000,0.00000,0.00000,0.00000,0.0,0,0,00:00:00:00,,,,,,,,,,,,
04/27/2026 04:00,04/27/2026 15:40,XAUUSD,Buy,0.020,4699.26000,0.00000,4698.32000,4699.16000,84.0,0.07,123456,00:11:40:53,79.4,9h 16m,6084.0,0.96,3105.0,,-2979.0,,51.0,50.3,-3021.00,
04/24/2026 14:45,04/24/2026 23:14,XAUUSD,Buy,0.010,4705.82000,0.00000,4704.82000,4705.82000,100.0,0.04,7864234,00:08:29:07,100.0,8h 29m,2324.0,0.00,2433.0,,0.0,,100.0,4.1,-2333.00,
04/22/2026 16:30,04/24/2026 15:08,AUDNZD,Buy,0.090,0.00000,0.00000,1.21173,1.21614,44.1,0.98,7864234,01:22:38:20,98.4,1d 21h ,31.0,0.14,66.9,,-9.7,,87.3,70.2,-22.80,
04/22/2026 11:48,04/22/2026 17:32,XAUUSD,Buy,0.010,4733.93000,0.00000,4754.29000,4733.39000,-2090.0,-0.87,7864234,00:05:44:13,5.8,19m,3188.0,11.66,252.0,,-2936.0,,7.9,26.5,-2342.00,
04/15/2026 11:08,04/22/2026 16:31,EURGBP,Buy,0.060,0.86830,0.00000,0.86933,0.86829,-10.4,-0.52,7864234,07:05:22:48,87.7,6d 8h ,48.3,0.65,29.2,,-19.1,,60.5,18.0,-39.60,
04/20/2026 15:40,04/20/2026 17:51,XAUUSD,Buy,0.010,4804.00000,0.00000,4804.72000,4803.69000,-103.0,-0.04,7864234,00:02:10:22,44.3,57m,1006.0,1.69,596.0,,-1006.0,,37.2,56.4,-699.00,
04/17/2026 12:05,04/17/2026 16:09,XAUUSD,Buy,0.010,0.00000,4858.83000,4798.73000,4859.20000,6047.0,2.56,7864234,00:04:04:11,100.0,4h 4m,3349.0,0.00,8634.0,,0.0,,100.0,70.0,-2587.00,
04/17/2026 13:23,04/17/2026 16:06,XAUUSD,Buy,0.010,0.00000,0.00000,4792.16000,4849.87000,5771.0,2.51,7864234,00:02:43:59,100.0,2h 43m,3520.0,0.00,9291.0,,0.0,,100.0,62.1,-3520.00,
04/16/2026 15:09,04/16/2026 16:52,XAUUSD,Buy,0.010,4797.27000,0.00000,4816.75000,4796.96000,-1979.0,-0.86,7864234,00:01:42:58,0.0,0s,3055.0,3333.33,0.0,,-3055.0,,0.0,35.2,-1979.00,
04/15/2026 13:55,04/15/2026 18:07,XAUUSD,Buy,0.010,4802.30000,0.00000,4802.25000,4802.08000,-17.0,-0.01,7864234,00:04:12:45,92.9,3h 54m,3678.0,0.34,2755.0,,-923.0,,74.9,24.6,-2772.00,
04/15/2026 11:05,04/15/2026 12:47,XAUUSD,Buy,0.010,4790.61000,0.00000,4810.10000,4790.50000,-1960.0,-0.84,7864234,00:01:41:15,50.0,50m,2538.0,3.39,578.0,,-1960.0,,22.8,0.0,-2538.00,
04/14/2026 15:19,04/14/2026 20:34,XAUUSD,Buy,0.010,0.00000,4833.97000,4769.91000,4834.02000,6411.0,2.82,7864234,00:05:14:40,100.0,5h 14m,1146.0,0.00,7557.0,,0.0,,100.0,84.8,-1146.00,
04/09/2026 18:28,04/13/2026 22:00,USDCHF,Buy,0.030,0.78310,0.00000,0.79022,0.78309,-71.3,-1.18,7864234,04:03:31:08,23.3,23h 11m,103.4,2.26,31.7,,-71.7,,30.7,0.4,-103.00,
04/10/2026 15:10,04/10/2026 18:36,XAUUSD,Buy,0.010,4765.99000,0.00000,4764.99000,4764.25000,-74.0,-0.03,7864234,00:03:26:07,32.1,1h 6m,3829.0,0.74,2199.0,,-1630.0,,57.4,40.6,-2273.00,
04/09/2026 13:57,04/09/2026 18:41,XAUUSD,Buy,0.010,0.00000,0.00000,4741.66000,4795.07000,5341.0,2.37,7864234,00:04:43:53,100.0,4h 43m,2952.0,0.00,5909.0,,0.0,,100.0,90.4,-568.00,
04/08/2026 15:19,04/08/2026 15:22,XAUUSD,Buy,0.010,4775.23000,0.00000,4796.30000,4775.09000,-2121.0,-0.94,7864234,00:00:02:30,,,,,,,,,,,,
04/06/2026 04:17,04/06/2026 18:39,XAUUSD,Buy,0.010,4652.42000,0.00000,4632.42000,4652.38000,1996.0,0.88,7864234,00:14:21:45,100.0,14h 21m,5329.0,0.00,7325.0,,0.0,,100.0,27.2,-5329.00,
04/06/2026 13:54,04/06/2026 15:15,XAUUSD,Buy,0.010,4670.89000,0.00000,4691.34000,4670.73000,-2061.0,-0.91,7864234,00:01:20:31,2.5,2m,3485.0,16.69,197.0,,-3288.0,,5.7,35.2,-2258.00,
03/27/2026 08:40,04/02/2026 11:54,AUDNZD,Buy,0.040,0.00000,0.00000,1.19590,1.20402,81.2,0.82,,06:03:13:53,93.8,5d 18h ,38.2,0.27,94.4,,-25.9,,78.5,89.0,-13.20,
03/31/2026 18:10,04/02/2026 09:26,EURGBP,Sell,0.050,0.87270,0.00000,0.87262,0.87271,-0.9,-0.02,,01:15:16:20,62.7,1d ,33.9,0.49,26.9,,-13.3,,66.9,30.8,-27.80,
03/30/2026 18:17,03/31/2026 17:55,EURGBP,Sell,0.050,0.87215,0.00000,0.86859,0.87215,-35.6,-1.04,7864234,00:23:37:53,21.9,5h 10m,62.1,6.67,8.1,,-54.0,,13.0,29.6,-43.70,
03/31/2026 12:14,03/31/2026 13:38,XAUUSD,Buy,0.010,4546.47000,0.00000,4567.53000,4546.35000,-2118.0,-0.92,7864234,00:01:24:03,94.2,1h 19m,3912.0,1.18,1794.0,,-2118.0,,45.9,0.0,-3912.00,
03/31/2026 05:49,03/31/2026 05:54,XAUUSD,Buy,0.030,4570.88000,0.00000,4569.88000,4570.77000,89.0,0.11,7864234,00:00:04:56,,,,,,,,,,,,
03/31/2026 05:03,03/31/2026 05:13,XAUUSD,Buy,0.030,4589.94000,0.00000,4588.94000,4589.94000,100.0,0.12,7864234,00:00:10:23,,,,,,,,,,,,
03/30/2026 16:49,03/30/2026 20:14,XAUUSD,Buy,0.010,4523.00000,0.00000,4534.14000,4522.99000,-1115.0,-0.49,7864234,00:03:25:21,6.4,13m,4925.0,4.33,925.0,,-4000.0,,18.8,58.6,-2040.00,
03/27/2026 16:01,03/27/2026 18:14,XAUUSD,Buy,0.010,0.00000,4532.49000,4436.54000,4532.62000,9608.0,4.35,7864234,00:02:12:22,100.0,2h 12m,4667.0,0.00,9679.0,,0.0,,100.0,99.3,-71.00,
03/27/2026 16:09,03/27/2026 17:57,XAUUSD,Buy,0.010,0.00000,0.00000,4429.22000,4504.29000,7507.0,3.52,7864234,00:01:47:23,100.0,1h 47m,4662.0,0.00,10411.0,,0.0,,100.0,72.1,-2904.00,
03/26/2026 09:25,03/27/2026 16:17,EURGBP,Sell,0.070,0.86745,0.00000,0.86510,0.86745,-23.5,-1.03,7864234,01:06:52:27,51.1,15h 46m,36.9,1.75,13.4,,-23.5,,36.3,0.0,-36.90,
03/26/2026 15:30,03/26/2026 18:57,XAUUSD,Buy,0.010,4435.57000,0.00000,4434.57000,4435.46000,89.0,0.04,7864234,00:03:27:14,19.6,40m,7109.0,5.57,1082.0,,-6027.0,,15.2,86.0,-993.00,
03/26/2026 16:09,03/26/2026 16:40,XAUUSD,Buy,0.010,4429.44000,0.00000,4438.57000,4429.41000,-916.0,-0.43,7864234,00:00:31:48,0.0,0s,6266.0,10000.00,0.0,,-6266.0,,0.0,85.4,-916.00,
03/24/2026 12:35,03/26/2026 14:25,EURGBP,Buy,0.050,0.86500,0.00000,0.86574,0.86500,-7.4,-0.32,7864234,02:01:49:53,16.4,8h 10m,28.5,1.79,10.2,,-18.3,,35.8,38.2,-17.60,
03/26/2026 13:42,03/26/2026 13:44,XAUUSD,Buy,0.020,4424.12000,0.00000,4434.48000,4423.90000,-1058.0,-0.97,7864234,00:00:01:58,,,,,,,,,,,,
03/26/2026 06:18,03/26/2026 08:26,XAUUSD,Buy,0.010,4498.00000,0.00000,4509.82000,4497.60000,-1222.0,-0.56,7864234,00:02:08:17,0.0,0s,8180.0,10000.00,0.0,,-8180.0,,0.0,85.1,-1222.00,
03/25/2026 15:05,03/25/2026 15:23,XAUUSD,Buy,0.010,4555.11000,0.00000,4575.38000,4555.09000,-2029.0,-0.91,7864234,00:00:17:42,0.0,0s,2029.0,2500.00,0.0,,-2029.0,,0.0,0.0,-2029.00,
03/23/2026 16:28,03/23/2026 17:03,XAUUSD,Buy,0.010,0.00000,4476.10000,4414.59000,4476.05000,6146.0,2.84,7864234,00:00:34:11,14.3,4m,3895.0,0.63,6146.0,,-3895.0,,61.2,100.0,0.00,
03/17/2026 07:46,03/20/2026 12:54,EURGBP,Sell,0.070,0.86300,0.00000,0.86375,0.86300,7.5,0.34,7864234,03:05:07:49,52.3,1d 16h ,27.2,0.52,22.2,,-11.5,,65.9,56.4,-14.70,
03/19/2026 08:14,03/19/2026 09:17,XAUUSD,Buy,0.010,4826.31000,0.00000,4851.19000,4826.24000,-2495.0,-1.15,7864234,00:01:02:28,0.0,0s,2495.0,2500.00,0.0,,-2495.0,,0.0,0.0,-2495.00,
03/18/2026 14:35,03/18/2026 14:47,XAUUSD,Buy,0.010,4932.89000,0.00000,4954.00000,4932.84000,-2116.0,-0.96,7864234,00:00:11:38,0.0,0s,9499.0,10000.00,0.0,,-9499.0,,0.0,77.7,-2116.00,
03/16/2026 17:50,03/16/2026 18:29,XAUUSD,Buy,0.010,4987.00000,0.00000,4996.71000,4985.38000,-1133.0,-0.51,0,00:00:38:25,56.5,21m,2247.0,1.02,1114.0,,-1133.0,,49.6,0.0,-2247.00,
03/13/2026 16:56,03/13/2026 17:17,XAUUSD,Buy,0.010,5084.54000,0.00000,5104.27000,5084.14000,-2013.0,-0.90,7864234,00:00:21:17,0.0,0s,5964.0,10000.00,0.0,,-5964.0,,0.0,66.2,-2013.00,
03/12/2026 18:34,,,Deposit,0.000,0.00000,0.00000,0.00000,0.00000,0.0,0,0,00:00:00:00,,,,,,,,,,,,
03/12/2026 15:45,03/12/2026 16:23,XAUUSD,Buy,0.010,5161.23000,0.00000,5175.58000,5160.48000,-1510.0,-1.21,7864234,00:00:37:19,0.0,0s,1510.0,1666.67,0.0,,-1510.0,,0.0,0.0,-1510.00,
03/12/2026 14:41,03/12/2026 16:23,XAUUSD,Buy,0.010,5162.00000,0.00000,5178.54000,5161.04000,-1750.0,-1.39,7864234,00:01:41:48,0.0,0s,1750.0,2000.00,0.0,,-1750.0,,0.0,0.0,-1750.00,
03/12/2026 15:15,03/12/2026 15:40,XAUUSD,Buy,0.010,5168.65000,0.00000,5167.65000,5168.56000,91.0,0.07,7864234,00:00:25:16,4.0,1m,0.0,0.01,91.0,,0.0,,100.0,100.0,0.00,
03/12/2026 14:40,03/12/2026 15:05,XAUUSD,Buy,0.020,5171.60000,0.00000,5179.50000,5171.51000,-799.0,-1.25,7864234,00:00:25:17,0.0,0s,799.0,833.33,0.0,,-799.0,,0.0,0.0,-799.00,
03/12/2026 12:45,03/12/2026 14:20,XAUUSD,Buy,0.010,5172.81000,0.00000,5184.99000,5172.77000,-1222.0,-0.95,7864234,00:01:35:05,0.0,0s,3724.0,5000.00,0.0,,-3724.0,,0.0,67.2,-1222.00,
03/11/2026 09:06,03/12/2026 00:07,EURGBP,Buy,0.030,0.86215,0.00000,0.86520,0.86212,-30.8,-1.03,7864234,00:15:01:41,0.0,0s,31.0,31.06,0.0,,-31.0,,0.0,0.6,-30.80,
03/11/2026 17:20,03/11/2026 18:34,XAUUSD,Sell,0.010,0.00000,0.00000,5187.48000,5168.09000,1939.0,1.50,0,00:01:14:24,100.0,1h 14m,1864.0,0.00,2855.0,,0.0,,100.0,67.9,-916.00,
03/11/2026 16:39,03/11/2026 16:51,XAUUSD,Buy,0.010,5151.34000,0.00000,5171.71000,5150.24000,-2147.0,-1.64,7864234,00:00:12:04,,,,,,,,,,,,
03/11/2026 12:58,03/11/2026 15:59,XAUUSD,Buy,0.010,5167.89000,0.00000,5188.87000,5167.17000,-2170.0,-1.63,7864234,00:03:00:51,8.4,15m,2875.0,5.26,547.0,,-2875.0,,16.0,20.6,-2717.00,
03/11/2026 15:25,03/11/2026 15:54,NZDUSD,Buy,0.050,0.59101,0.00000,0.59210,0.59101,-10.9,-0.43,0,00:00:29:07,0.0,0s,10.9,10.91,0.0,,-10.9,,0.0,0.0,-10.90,
03/11/2026 15:39,03/11/2026 15:47,XAUUSD,Buy,0.010,5172.80000,0.00000,5177.08000,5172.73000,-435.0,-0.33,0,00:00:07:28,,,,,,,,,,,,
03/11/2026 09:27,03/11/2026 10:35,XAUUSD,Buy,0.010,5190.00000,0.00000,5204.81000,5189.84000,-1497.0,-1.11,7864234,00:01:08:17,0.0,0s,2320.0,2500.00,0.0,,-2320.0,,0.0,35.5,-1497.00,
03/10/2026 16:46,03/10/2026 17:07,XAUUSD,Buy,0.010,5189.88000,0.00000,5202.32000,5189.50000,-1282.0,-0.94,7864234,00:00:21:48,95.5,20m,4261.0,0.43,2979.0,,-1282.0,,69.9,0.0,-4261.00,
03/10/2026 16:30,03/10/2026 16:46,XAUUSD,Buy,0.010,5197.99000,0.00000,5218.11000,5198.05000,-2006.0,-1.45,7864234,00:00:16:22,93.8,15m,3544.0,1.30,1538.0,,-2006.0,,43.4,0.0,-3544.00,
03/10/2026 11:05,03/10/2026 13:37,XAUUSD,Buy,0.010,5160.00000,0.00000,5177.87000,5158.07000,-1980.0,-1.41,0,00:02:32:25,69.8,1h 46m,6982.0,0.40,5002.0,,-1980.0,,71.6,0.0,-6982.00,
03/10/2026 04:26,03/10/2026 07:00,EURUSD,Buy,0.030,1.16070,0.00000,1.16160,1.16071,-8.9,-0.20,0,00:02:34:00,73.4,1h 53m,30.0,0.42,21.1,,-8.9,,70.3,0.0,-30.00,
03/09/2026 12:15,03/09/2026 13:51,XAUUSD,Buy,0.010,5085.55000,0.00000,5113.24000,5085.17000,-2807.0,-1.95,7864234,00:01:36:11,0.0,0s,3944.0,5000.00,0.0,,-3944.0,,0.0,28.8,-2807.00,
03/02/2026 12:09,03/09/2026 08:47,EURGBP,Sell,0.020,0.86730,0.00000,0.87675,0.86693,98.2,1.88,,06:20:38:02,100.0,6d 20h ,22.7,0.01,108.9,,0.0,,100.0,90.2,-10.70,
03/05/2026 15:51,03/05/2026 16:17,XAUUSD,Buy,0.010,5108.00000,0.00000,5124.20000,5107.36000,-1684.0,-1.18,0,00:00:26:41,0.0,0s,4742.0,5000.00,0.0,,-4742.0,,0.0,64.5,-1684.00,
03/05/2026 11:01,03/05/2026 15:17,XAUUSD,Buy,0.010,5135.70000,0.00000,5166.48000,5135.31000,-3117.0,-2.13,7864234,00:04:15:39,7.9,20m,9435.0,25.32,359.0,,-9076.0,,3.8,63.2,-3476.00,
03/04/2026 10:48,03/04/2026 16:48,XAUUSD,Buy,0.010,5155.00000,0.00000,5177.14000,5153.88000,-2326.0,-1.51,7864234,00:05:59:32,45.3,2h 42m,6865.0,1.66,2581.0,,-4284.0,,37.6,28.5,-4907.00,
03/04/2026 15:48,03/04/2026 15:59,XAUUSD,Buy,0.010,5169.98000,0.00000,5189.94000,5169.89000,-2005.0,-1.28,7864234,00:00:11:22,0.0,0s,4485.0,5000.00,0.0,,-4485.0,,0.0,55.3,-2005.00,
03/04/2026 00:06,,,Deposit,0.000,0.00000,0.00000,0.00000,0.00000,0.0,0,0,00:00:00:00,,,,,,,,,,,,
02/10/2026 15:47,03/03/2026 12:08,USDCHF,Buy,0.010,0.00000,0.78640,0.76550,0.78642,209.2,1.81,7864234,20:20:21:29,100.0,20d 20h ,97.5,0.00,220.2,,0.0,,100.0,95.0,-11.00,
02/23/2026 06:49,03/03/2026 11:23,USDCHF,Buy,0.020,0.00000,0.78510,0.77252,0.78510,125.8,2.18,7864234,08:04:34:26,57.4,4d 16h ,96.4,0.37,150.0,,-55.2,,73.1,88.2,-24.20,
03/02/2026 16:25,03/02/2026 16:25,XAUUSD,Buy,0.010,5340.54000,0.00000,5350.54000,5340.50000,-1004.0,-0.69,7864234,00:00:00:31,,,,,,,,,,,,
03/02/2026 13:09,03/02/2026 16:10,XAUUSD,Buy,0.010,5364.90000,0.00000,5385.97000,5365.05000,-2092.0,-1.42,7864234,00:03:00:19,24.4,43m,13228.0,5.60,2004.0,,-11224.0,,15.1,69.0,-4096.00,
02/27/2026 19:50,02/27/2026 20:24,XAUUSD,Buy,0.010,5227.50000,0.00000,5236.19000,5227.55000,-864.0,-0.59,0,00:00:33:57,97.1,32m,3434.0,0.34,2570.0,,-864.0,,74.8,0.0,-3434.00,
02/27/2026 16:45,02/27/2026 18:24,XAUUSD,Buy,0.010,5223.66000,0.00000,5222.66000,5223.41000,75.0,0.05,7864234,00:01:38:54,100.0,1h 38m,1352.0,0.00,1427.0,,0.0,,100.0,5.3,-1352.00,
02/16/2026 10:07,02/27/2026 17:19,USDCHF,Buy,0.020,0.76804,0.00000,0.76804,0.76807,0.3,0.10,7864234,11:07:12:41,99.9,11d 6h ,91.4,0.05,87.3,,-4.1,,95.5,4.8,-87.00,
02/18/2026 18:22,02/27/2026 08:18,EURGBP,Sell,0.020,0.87600,0.00000,0.87202,0.87600,-39.8,-0.70,7864234,08:13:55:43,13.8,1d 4h ,55.8,3.65,12.0,,-43.8,,21.5,7.2,-51.80,
02/17/2026 11:53,02/27/2026 08:18,EURGBP,Sell,0.020,0.87600,0.00000,0.87144,0.87600,-45.6,-0.79,7864234,09:20:25:13,4.9,11h 35m,55.8,8.00,6.2,,-49.6,,11.1,7.2,-51.80,
02/26/2026 00:06,,,Deposit,0.000,0.00000,0.00000,0.00000,0.00000,0.0,0,0,00:00:00:00,,,,,,,,,,,,
02/25/2026 14:49,02/25/2026 16:37,XAUUSD,Buy,0.010,5164.61000,0.00000,5184.05000,5161.76000,-2229.0,-1.46,7864234,00:01:48:32,89.9,1h 37m,4474.0,0.99,2245.0,,-2229.0,,50.2,0.0,-4474.00,
02/24/2026 17:02,02/25/2026 12:20,XAUUSD,Buy,0.010,5175.00000,0.00000,5119.95000,5174.72000,5477.0,3.66,0,00:19:18:25,100.0,19h 18m,4956.0,0.00,8919.0,,0.0,,100.0,61.4,-3442.00,
02/24/2026 14:12,02/24/2026 14:17,XAUUSD,Buy,0.020,5159.60000,0.00000,5165.97000,5159.05000,-692.0,-0.94,7864234,00:00:04:38,,,,,,,,,,,,
02/24/2026 05:48,02/24/2026 05:57,XAUUSD,Buy,0.030,5172.60000,0.00000,5177.75000,5172.50000,-525.0,-1.06,7864234,00:00:08:43,66.7,5m,1158.0,0.83,633.0,,-525.0,,54.7,0.0,-1158.00,
02/24/2026 00:06,,,Deposit,0.000,0.00000,0.00000,0.00000,0.00000,0.0,0,0,00:00:00:00,,,,,,,,,,,,
02/23/2026 15:45,02/23/2026 16:58,XAUUSD,Buy,0.010,5190.00000,0.00000,5150.71000,5190.00000,3929.0,2.68,7864234,00:01:13:29,1.4,1m,0.0,0.00,3929.0,,0.0,,100.0,100.0,0.00,
02/20/2026 15:37,02/20/2026 17:03,XAUUSD,Buy,0.010,5025.80000,0.00000,5024.80000,5020.84000,-396.0,-0.27,7864234,00:01:26:18,98.9,1h 25m,4924.0,0.09,4528.0,,-396.0,,92.0,0.0,-4924.00,
02/19/2026 14:03,02/19/2026 19:57,XAUUSD,Buy,0.010,4985.39000,0.00000,4984.39000,4985.31000,92.0,0.06,7864234,00:05:54:27,75.8,4h 28m,4629.0,0.31,3775.0,,-1156.0,,76.6,25.3,-3683.00,
02/19/2026 16:11,02/19/2026 17:09,XAUUSD,Buy,0.010,0.00000,0.00000,4977.32000,5005.94000,2862.0,1.99,0,00:00:58:11,100.0,58m,1490.0,0.00,3022.0,,0.0,,100.0,94.7,-160.00,
02/19/2026 15:46,02/19/2026 16:34,XAUUSD,Buy,0.010,4970.60000,0.00000,4992.44000,4968.17000,-2427.0,-1.66,7864234,00:00:47:56,98.0,46m,4689.0,1.07,2262.0,,-2427.0,,48.2,0.0,-4689.00,
02/18/2026 15:23,02/19/2026 08:52,XAUUSD,Buy,0.010,0.00000,0.00000,4954.89000,5018.35000,6346.0,4.36,7864234,00:17:28:34,100.0,17h 28m,4396.0,0.00,6598.0,,0.0,,100.0,96.2,-252.00,
02/18/2026 03:22,02/18/2026 16:21,EURUSD,Sell,0.010,0.00000,1.18200,1.18428,1.18200,22.8,0.16,0,00:12:58:18,77.0,9h 59m,16.6,0.11,28.8,,-3.1,,90.3,81.2,-6.00,
02/17/2026 13:53,02/17/2026 15:56,XAUUSD,Buy,0.010,4906.16000,0.00000,4926.68000,4905.33000,-2135.0,-1.51,7864234,00:02:03:07,0.0,0s,7474.0,10000.00,0.0,,-7474.0,,0.0,71.4,-2135.00,
02/17/2026 15:36,02/17/2026 15:53,XAUUSD,Buy,0.020,4910.00000,0.00000,4913.47000,4910.00000,-347.0,-0.49,0,00:00:17:00,0.0,0s,4979.0,5000.00,0.0,,-4979.0,,0.0,93.0,-347.00,
02/16/2026 09:23,02/17/2026 11:53,EURGBP,Buy,0.040,0.00000,0.00000,0.86976,0.87176,20.0,0.72,7864234,01:02:30:25,38.4,10h 10m,20.8,0.48,31.5,,-15.0,,67.7,75.3,-11.50,
02/16/2026 11:32,02/16/2026 15:46,XAUUSD,Buy,0.010,4992.61000,0.00000,5011.88000,4992.49000,-1939.0,-1.35,7864234,00:04:14:12,0.0,0s,2201.0,2500.00,0.0,,-2201.0,,0.0,11.9,-1939.00,
02/13/2026 15:27,02/13/2026 16:41,XAUUSD,Buy,0.010,4966.26000,0.00000,4965.26000,4966.41000,115.0,0.08,7864234,00:01:14:31,100.0,1h 14m,6500.0,0.00,6615.0,,0.0,,100.0,1.7,-6500.00,
02/13/2026 14:57,02/13/2026 16:41,XAUUSD,Buy,0.010,4971.65000,0.00000,4970.65000,4969.77000,-88.0,-0.06,7864234,00:01:44:42,99.1,1h 43m,6164.0,0.01,6076.0,,-88.0,,98.6,0.0,-6164.00,
02/09/2026 14:16,02/13/2026 00:59,EURGBP,Sell,0.010,0.87200,0.00000,0.87026,0.87201,-17.5,-0.16,7864234,03:10:42:31,22.8,18h 51m,35.1,1.85,17.6,,-32.5,,35.1,29.9,-35.10,
02/12/2026 15:41,02/12/2026 16:19,XAUUSD,Buy,0.010,5055.43000,0.00000,5074.92000,5055.38000,-1954.0,-1.34,7864234,00:00:37:20,0.0,0s,14041.0,0.00,0.0,,-14041.0,,0.0,86.1,-1954.00,
02/04/2026 19:40,02/11/2026 19:39,AUDNZD,Buy,0.010,0.00000,1.17800,1.16400,1.17802,140.2,0.58,0,06:23:59:12,93.8,6d 13h ,45.0,0.14,143.1,,-20.6,,87.4,98.2,-2.90,
02/11/2026 16:22,02/11/2026 16:38,XAUUSD,Buy,0.010,5054.55000,0.00000,5073.60000,5054.54000,-1906.0,-1.30,7864234,00:00:16:03,0.0,0s,1906.0,2000.00,0.0,,-1906.0,,0.0,0.0,-1906.00,
02/10/2026 16:13,02/10/2026 16:47,XAUUSD,Buy,0.010,5035.13000,0.00000,5053.97000,5035.08000,-1889.0,-1.27,7864234,00:00:34:56,0.0,0s,4494.0,5000.00,0.0,,-4494.0,,0.0,58.0,-1889.00,
02/10/2026 05:31,,,Deposit,0.000,0.00000,0.00000,0.00000,0.00000,0.0,0,0,00:00:00:00,,,,,,,,,,,,
02/09/2026 14:44,02/09/2026 15:41,XAUUSD,Buy,0.010,4998.12000,0.00000,5015.59000,4997.67000,-1792.0,-2.38,7864234,00:00:56:51,91.7,52m,5832.0,0.44,4040.0,,-1792.0,,69.3,0.0,-5832.00,
02/07/2026 00:06,,,Deposit,0.000,0.00000,0.00000,0.00000,0.00000,0.0,0,0,00:00:00:00,,,,,,,,,,,,
02/06/2026 10:41,02/06/2026 16:25,XAUUSD,Buy,0.010,4900.00000,0.00000,4859.15000,4899.71000,4056.0,5.70,7864234,00:05:43:25,100.0,5h 43m,5901.0,0.00,9957.0,,0.0,,100.0,40.7,-5901.00,
02/04/2026 11:36,02/04/2026 11:48,XAUUSD,Buy,0.010,5049.00000,0.00000,5057.78000,5048.11000,-967.0,-1.35,0,00:00:11:37,0.0,0s,2635.0,3333.33,0.0,,-2635.0,,0.0,63.3,-967.00,
02/04/2026 10:24,02/04/2026 11:32,XAUUSD,Buy,0.010,5052.03000,0.00000,5085.68000,5051.80000,-3388.0,-4.50,7864234,00:01:08:09,0.0,0s,7039.0,10000.00,0.0,,-7039.0,,0.0,51.9,-3388.00,
02/02/2026 07:58,02/03/2026 09:18,EURGBP,Sell,0.020,0.86350,0.00000,0.86673,0.86348,32.5,1.18,7864234,01:01:20:21,100.0,1d 1h ,11.5,0.02,44.0,,0.0,,100.0,73.9,-11.50,
01/27/2026 23:44,02/03/2026 09:18,EURGBP,Sell,0.010,0.86350,0.00000,0.86969,0.86348,62.1,1.16,7864234,06:09:34:10,100.0,6d 9h ,23.2,0.01,72.9,,0.0,,100.0,85.2,-10.80,
01/30/2026 06:35,02/03/2026 08:54,AUDNZD,Buy,0.020,0.00000,0.00000,1.15777,1.16146,36.9,0.60,7864234,04:02:19:27,13.8,13h 34m,53.2,0.80,60.8,,-48.7,,55.5,78.2,-23.90,
01/29/2026 14:42,01/29/2026 15:12,XAUUSD,Buy,0.010,5518.61000,0.00000,5531.41000,5518.15000,-1326.0,-1.78,7864234,00:00:29:14,0.0,0s,14877.0,0.00,0.0,,-14877.0,,0.0,91.1,-1326.00,
01/22/2026 11:13,01/27/2026 22:46,EURGBP,Sell,0.010,0.87059,0.00000,0.87059,0.87062,-0.3,-0.01,7864234,05:11:32:59,94.0,5d 3h ,47.6,0.53,47.3,,-25.1,,65.3,34.3,-47.60,
01/27/2026 16:11,01/27/2026 16:13,XAUUSD,Buy,0.010,5056.78000,0.00000,5069.16000,5056.69000,-1247.0,-1.65,7864234,00:00:01:46,,,,,,,,,,,,
01/24/2026 00:06,,,Deposit,0.000,0.00000,0.00000,0.00000,0.00000,0.0,0,0,00:00:00:00,,,,,,,,,,,,
01/23/2026 15:40,01/23/2026 19:10,XAUUSD,Buy,0.010,0.00000,0.00000,4930.94000,4984.59000,5365.0,7.64,7864234,00:03:29:56,100.0,3h 29m,2105.0,0.00,5446.0,,0.0,,100.0,98.5,-81.00,
01/22/2026 13:45,01/23/2026 18:31,USDCHF,Buy,0.010,0.78815,0.00000,0.79265,0.78815,-45.0,-0.81,7864234,01:04:46:10,0.0,0s,68.5,68.97,0.0,,-68.5,,0.0,34.3,-45.00,
01/22/2026 12:46,01/23/2026 18:30,USDCHF,Buy,0.010,0.78820,0.00000,0.79398,0.78820,-57.8,-1.03,7864234,01:05:43:24,0.0,0s,81.8,81.97,0.0,,-81.8,,0.0,29.3,-57.80,
01/21/2026 12:01,01/21/2026 16:04,XAUUSD,Buy,0.010,4862.75000,0.00000,4862.75000,4861.10000,-165.0,-0.24,7864234,00:04:02:47,37.5,1h 31m,4845.0,1.87,1686.0,,-3159.0,,34.8,61.8,-1851.00,
01/21/2026 14:19,01/21/2026 14:49,XAUUSD,Buy,0.010,4857.00000,0.00000,4856.28000,4856.98000,70.0,0.09,0,00:00:29:33,,,,,,,,,,,,
01/20/2026 15:00,01/20/2026 17:25,XAUUSD,Buy,0.010,4726.27000,0.00000,4725.27000,4726.15000,88.0,0.12,7864234,00:02:24:22,100.0,2h 24m,2890.0,0.00,2978.0,,0.0,,100.0,3.0,-2890.00,
01/02/2026 08:10,01/20/2026 14:28,EURGBP,Sell,0.010,0.87242,0.00000,0.87242,0.87243,-0.1,0.04,7864234,18:06:18:03,99.8,18d 5h ,72.7,0.00,72.6,,-0.1,,99.9,0.0,-72.70,
01/08/2026 10:01,01/20/2026 09:00,EURGBP,Sell,0.010,0.86880,0.00000,0.86880,0.86881,-0.1,0.02,7864234,11:22:58:56,99.2,11d 20h ,45.1,0.27,35.4,,-9.7,,78.5,21.3,-35.50,
01/19/2026 14:49,01/20/2026 07:05,XAUUSD,Buy,0.010,0.00000,4698.64000,4670.69000,4698.81000,2812.0,4.00,7864234,00:16:16:05,80.0,13h 0m,1826.0,0.23,4473.0,,-1043.0,,81.1,69.9,-1661.00,
01/19/2026 15:42,01/19/2026 21:27,XAUUSD,Buy,0.010,4667.94000,0.00000,4667.94000,4667.59000,-35.0,-0.06,7864234,00:05:44:36,95.7,5h 29m,1093.0,0.03,1058.0,,-35.0,,96.8,0.0,-1093.00,
01/16/2026 14:53,01/16/2026 15:16,XAUUSD,Buy,0.010,4591.06000,0.00000,4599.05000,4590.10000,-895.0,-1.29,7864234,00:00:23:30,,,,,,,,,,,,
01/15/2026 12:29,01/15/2026 15:30,XAUUSD,Buy,0.010,4599.77000,0.00000,4612.19000,4599.68000,-1251.0,-1.77,7864234,00:03:01:06,14.3,25m,1822.0,13.72,133.0,,-1822.0,,6.8,29.2,-1384.00,
12/19/2025 18:04,01/15/2026 15:16,EURGBP,Sell,0.010,0.86760,0.00000,0.87629,0.86760,86.9,1.75,7864234,26:21:11:36,100.0,26d 21h ,39.4,0.01,111.3,,0.0,,100.0,78.1,-24.40,
01/15/2026 03:18,01/15/2026 03:25,XAUUSD,Buy,0.010,4597.60000,0.00000,4604.99000,4597.60000,-739.0,-1.06,7864234,00:00:06:37,,,,,,,,,,,,
01/15/2026 00:06,,,Deposit,0.000,0.00000,0.00000,0.00000,0.00000,0.0,0,0,00:00:00:00,,,,,,,,,,,,
01/13/2026 00:06,,,Deposit,0.000,0.00000,0.00000,0.00000,0.00000,0.0,0,0,00:00:00:00,,,,,,,,,,,,
01/09/2026 12:17,01/12/2026 01:05,XAUUSD,Buy,0.010,0.00000,4522.34000,4473.07000,4522.93000,4986.0,7.55,7864234,02:12:48:03,99.2,2d 12h ,6717.0,0.02,11703.0,,-220.0,,98.2,43.7,-6717.00,
01/10/2026 00:06,,,Deposit,0.000,0.00000,0.00000,0.00000,0.00000,0.0,0,0,00:00:00:00,,,,,,,,,,,,
01/09/2026 00:06,,,Deposit,0.000,0.00000,0.00000,0.00000,0.00000,0.0,0,0,00:00:00:00,,,,,,,,,,,,
01/08/2026 15:03,01/08/2026 17:41,XAUUSD,Buy,0.010,0.00000,4454.40000,4425.38000,4454.39000,2901.0,4.69,7864234,00:02:37:34,100.0,2h 37m,872.0,0.00,3773.0,,0.0,,100.0,76.9,-872.00,
01/06/2026 00:06,,,Deposit,0.000,0.00000,0.00000,0.00000,0.00000,0.0,0,0,00:00:00:00,,,,,,,,,,,,
01/05/2026 16:31,01/05/2026 17:03,XAUUSD,Buy,0.010,0.00000,4449.11000,4419.76000,4449.16000,2940.0,5.00,7864234,00:00:31:25,,,,,,,,,,,,
01/02/2026 13:26,01/02/2026 15:24,XAUUSD,Buy,0.010,4384.78000,0.00000,4397.56000,4384.90000,-1266.0,-2.12,7864234,00:01:57:11,,,,,,,,,,,,
12/19/2025 08:16,01/02/2026 04:53,AUDNZD,Buy,0.010,0.00000,0.00000,1.14682,1.16087,140.5,1.38,7864234,13:20:37:23,97.6,13d 12h ,42.4,0.03,158.5,,-4.9,,97.0,89.0,-18.00,
12/31/2025 15:47,12/31/2025 17:03,XAUUSD,Buy,0.010,4339.21000,0.00000,4338.21000,4339.16000,95.0,0.15,7864234,00:01:16:10,,,,,,,,,,,,
11/26/2025 09:14,12/31/2025 03:54,AUDNZD,Buy,0.010,0.00000,1.15800,1.14496,1.15799,130.3,1.32,7864234,34:18:39:24,77.9,27d 2h ,85.6,0.34,135.1,,-45.6,,74.8,97.3,-4.80,
12/29/2025 15:17,12/29/2025 15:41,XAUUSD,Buy,0.010,4443.44000,0.00000,4456.94000,4443.32000,-1362.0,-2.29,7864234,00:00:24:08,,,,,,,,,,,,
12/27/2025 00:06,,,Deposit,0.000,0.00000,0.00000,0.00000,0.00000,0.0,0,0,00:00:00:00,,,,,,,,,,,,
12/23/2025 15:05,12/23/2025 15:51,XAUUSD,Buy,0.010,4478.98000,0.00000,4491.16000,4478.85000,-1231.0,-2.03,7864234,00:00:45:59,,,,,,,,,,,,
12/22/2025 15:44,12/23/2025 01:13,XAUUSD,Buy,0.010,0.00000,4453.98000,4424.41000,4454.03000,2962.0,5.01,7864234,00:09:29:00,100.0,9h 29m,3274.0,0.00,6236.0,,0.0,,100.0,47.5,-3274.00,
12/23/2025 00:06,,,Deposit,0.000,0.00000,0.00000,0.00000,0.00000,0.0,0,0,00:00:00:00,,,,,,,,,,,,
12/10/2025 17:28,12/19/2025 08:27,AUDNZD,Sell,0.010,0.00000,0.00000,1.14783,1.14666,11.7,0.03,7864234,08:14:59:45,86.6,7d 11h ,67.3,0.75,49.0,,-36.6,,57.2,56.4,-37.30,
12/16/2025 13:04,12/18/2025 16:07,EURGBP,Buy,0.010,0.87370,0.00000,0.87606,0.87370,-23.6,-0.62,7864234,02:03:03:50,61.6,1d 7h ,54.5,0.76,30.9,,-23.6,,56.7,0.0,-54.50,
12/10/2025 17:38,12/18/2025 16:05,EURGBP,Buy,0.010,0.87388,0.00000,0.87388,0.87387,-0.1,-0.18,7864234,07:22:27:38,98.0,7d 18h ,53.7,0.00,53.6,,-0.1,,99.8,0.0,-53.70,
12/18/2025 00:06,,,Deposit,0.000,0.00000,0.00000,0.00000,0.00000,0.0,0,0,00:00:00:00,,,,,,,,,,,,
12/17/2025 13:33,12/17/2025 15:58,XAUUSD,Buy,0.010,0.00000,0.00000,4315.78000,4340.51000,2473.0,4.44,7864234,00:02:24:15,,,,,,,,,,,,
12/15/2025 14:21,12/15/2025 15:59,XAUUSD,Buy,0.010,4331.11000,0.00000,4344.12000,4331.03000,-1309.0,-2.31,7864234,00:01:38:15,,,,,,,,,,,,
12/13/2025 00:05,,,Deposit,0.000,0.00000,0.00000,0.00000,0.00000,0.0,0,0,00:00:00:00,,,,,,,,,,,,
12/12/2025 00:05,,,Deposit,0.000,0.00000,0.00000,0.00000,0.00000,0.0,0,0,00:00:00:00,,,,,,,,,,,,
12/11/2025 14:46,12/11/2025 17:33,XAUUSD,Buy,0.010,0.00000,4245.40000,4217.72000,4245.27000,2755.0,5.10,7864234,00:02:47:24,,,,,,,,,,,,
12/03/2025 02:24,12/11/2025 10:46,USDCHF,Buy,0.010,0.79850,0.00000,0.80249,0.79850,-39.9,-0.81,7864234,08:08:22:01,72.0,6d ,114.2,1.14,53.3,,-60.9,,46.7,18.4,-93.20,
12/10/2025 00:05,,,Deposit,0.000,0.00000,0.00000,0.00000,0.00000,0.0,0,0,00:00:00:00,,,,,,,,,,,,
12/06/2025 00:05,,,Deposit,0.000,0.00000,0.00000,0.00000,0.00000,0.0,0,0,00:00:00:00,,,,,,,,,,,,
12/05/2025 13:25,12/05/2025 17:32,XAUUSD,Buy,0.010,0.00000,4252.22000,4224.11000,4252.27000,2816.0,5.48,7864234,00:04:07:30,,,,,,,,,,,,
12/05/2025 00:05,,,Deposit,0.000,0.00000,0.00000,0.00000,0.00000,0.0,0,0,00:00:00:00,,,,,,,,,,,,
11/18/2025 10:39,11/28/2025 17:32,EURGBP,Sell,0.010,0.87700,0.00000,0.88072,0.87700,37.2,1.03,7864234,10:06:53:05,74.2,7d 15h ,37.5,0.49,57.5,,-28.1,,67.2,76.3,-20.30,
11/24/2025 07:37,11/26/2025 15:46,USDCHF,Sell,0.010,0.80810,0.00000,0.80810,0.80815,-0.5,-0.08,7864234,02:08:09:19,64.3,1d 12h ,25.5,0.82,25.0,,-20.4,,55.1,43.8,-25.50,
11/24/2025 12:03,11/25/2025 00:02,AUDCAD,Sell,0.010,0.91250,0.00000,0.91000,0.91310,-31.0,-0.45,0,00:11:59:52,,,,,,,,,,,,
11/11/2025 10:25,11/14/2025 09:20,EURGBP,Sell,0.010,0.88600,0.00000,0.88110,0.88600,-49.0,-1.24,7864234,02:22:55:20,11.2,7h 56m,62.1,3.74,13.1,,-49.0,,21.1,0.0,-62.10,
11/14/2025 00:06,,,Deposit,0.000,0.00000,0.00000,0.00000,0.00000,0.0,0,0,00:00:00:00,,,,,,,,,,,,
11/13/2025 00:06,,,Deposit,0.000,0.00000,0.00000,0.00000,0.00000,0.0,0,0,00:00:00:00,,,,,,,,,,,,
11/12/2025 15:05,11/12/2025 17:16,XAUUSD,Buy,0.010,0.00000,4167.52000,4129.46000,4167.64000,3818.0,8.02,7864234,00:02:10:23,,,,,,,,,,,,
11/11/2025 16:13,11/11/2025 16:32,XAUUSD,Buy,0.010,4127.11000,0.00000,4137.45000,4127.01000,-1044.0,-2.16,7864234,00:00:19:52,,,,,,,,,,,,
11/10/2025 15:47,11/10/2025 16:33,XAUUSD,Buy,0.010,4080.24000,0.00000,4093.93000,4080.20000,-1373.0,-2.76,7864234,00:00:45:35,,,,,,,,,,,,
10/31/2025 17:38,,,Deposit,0.000,0.00000,0.00000,0.00000,0.00000,0.0,0,0,00:00:00:00,,,,,,,,,,,,

