Tags,Open Date,Close Date,Symbol,Action,Units/Lots,SL,TP,Open Price,Close Price,Commission,Swap,Pips,Profit,Gain,Comment,Magic Number,Duration (DD:HH:MM:SS),Profitable(%),Profitable(time duration),Drawdown,Risk:Reward,Max(pips),Max(EUR),Min(pips),Min(EUR),Entry Accuracy(%),Exit Accuracy(%),ProfitMissed(pips),ProfitMissed(EUR)
,06/02/2026 18:00,06/02/2026 19:29,EURUSD,Sell,0.010,0.00000,0.00000,1.16429,1.16321,0.0000,0.0000,10.8,0.93,0.13,"C R1@7326844#56634516",0,00:01:29:38,93.4,1h 23m,4.4,0.09,12.2,1.0979999999999999,-1.1,-0.099,91.7,89.5,-1.40,-0.13
,06/01/2026 00:45,06/01/2026 03:25,EURUSD,Sell,0.010,0.00000,0.00000,1.16576,1.16469,0.0000,0.0000,10.7,0.92,0.12,"C R1@7326844#56614480",0,00:02:40:29,99.4,2h 39m,4.5,0.01,11.4,1.026,-0.1,-0.009,99.1,93.9,-0.70,-0.06
,05/29/2026 05:22,05/29/2026 07:27,EURUSD,Sell,0.010,0.00000,0.00000,1.16472,1.16364,0.0000,0.0000,10.8,0.93,0.13,"C R1@7326844#56602028",0,00:02:04:38,85.6,1h 46m,3.2,0.18,11.2,1.008,-2.0,-0.18,84.8,97.0,-0.40,-0.04
,05/27/2026 15:18,05/27/2026 17:57,EURUSD,Sell,0.010,0.00000,0.00000,1.16396,1.16285,0.0000,0.0000,11.1,0.95,0.13,"C R1@7326844#56584167",0,00:02:39:11,10.1,16m,21.4,1.63,13.1,1.1789999999999998,-21.4,-1.9259999999999997,38.0,94.2,-2.00,-0.18
,05/25/2026 10:30,05/26/2026 16:53,EURUSD,Sell,0.010,0.00000,0.00000,1.16336,1.16231,0.0000,0.0200,10.5,0.92,0.12,"C R1@7326844#56560450",0,01:06:22:48,16.0,4h 51m,16.7,1.28,13.0,1.17,-16.7,-1.503,43.8,91.6,-2.50,-0.22
,05/25/2026 00:01,,,Withdrawal,0.010,0.00000,0.00000,0.00000,0.00000,0.0000,0.0000,0.0,-0.98,0,"CM Fee to 7326844#458839",0,00:00:00:00,,,,,,,,,,,,
,05/22/2026 05:17,05/22/2026 12:14,EURUSD,Sell,0.010,0.00000,0.00000,1.16114,1.16003,0.0000,0.0000,11.1,0.96,0.13,"C R1@7326844#56545055",0,00:06:56:58,53.5,3h 43m,13.6,0.47,11.5,1.035,-5.4,-0.486,68.0,97.6,-0.40,-0.04
,05/18/2026 22:01,05/19/2026 10:06,EURUSD,Sell,0.010,0.00000,0.00000,1.16419,1.16320,0.0000,0.0200,9.9,0.87,0.12,"C R1@7326844#56506939",0,00:12:05:20,22.9,2h 46m,19.8,1.90,10.4,0.9359999999999999,-19.8,-1.782,34.4,98.3,-0.50,-0.04
,05/14/2026 08:00,05/14/2026 14:35,EURUSD,Sell,0.010,0.00000,0.00000,1.17140,1.17033,0.0000,0.0000,10.7,0.91,0.12,"C R1@7326844#56473010",0,00:06:35:58,84.9,5h 36m,14.1,0.64,11.4,1.026,-7.3,-0.6569999999999999,61.0,96.3,-0.70,-0.06
,05/13/2026 06:00,05/13/2026 09:25,EURUSD,Sell,0.010,0.00000,0.00000,1.17366,1.17255,0.0000,0.0000,11.1,0.95,0.13,"C R1@7326844#56461589",0,00:03:25:15,94.2,3h 13m,4.8,0.08,11.1,0.9989999999999999,-0.9,-0.081,92.5,100.0,0.00,0.00
,05/11/2026 22:30,05/12/2026 04:16,EURUSD,Sell,0.010,0.00000,0.00000,1.17748,1.17642,0.0000,0.0200,10.6,0.92,0.13,"C R1@7326844#56431607",0,00:05:46:45,15.4,53m,13.1,1.17,11.0,0.88,-12.9,-1.032,46.0,98.3,-0.40,-0.03
,05/06/2026 18:30,05/07/2026 20:33,EURUSD,Sell,0.010,0.00000,0.00000,1.17525,1.17404,0.0000,0.0600,12.1,1.09,0.15,"C R1@7326844#56396552",0,01:02:03:37,45.1,11h 45m,33.3,2.03,12.1,1.089,-24.5,-2.205,33.1,100.0,0.00,0.00
,05/06/2026 13:46,05/06/2026 14:45,EURUSD,Sell,0.350,0.00000,0.00000,1.17866,1.17741,0.0000,0.0000,12.5,37.16,5.34,"C R1@7326844#56392447",0,00:00:59:37,56.7,33m,10.4,0.63,12.8,38.016000000000005,-8.1,-24.057000000000002,61.2,98.6,-0.30,-0.89
,05/06/2026 11:50,05/06/2026 14:45,EURUSD,Sell,0.120,0.00000,0.00000,1.17566,1.17737,0.0000,0.0000,-17.1,-17.43,-2.44,"C R1@7326844#56390541",0,00:02:55:09,0.0,0s,38.1,38.17,0.0,0.0,-38.1,-38.862,0.0,55.1,-17.10,-17.44
,05/06/2026 07:27,05/06/2026 14:45,EURUSD,Sell,0.040,0.00000,0.00000,1.17260,1.17740,0.0000,0.0000,-48.0,-16.31,-2.24,"C R1@7326844#56385618",0,00:07:18:09,0.5,2m,69.8,62.50,1.1,0.37400000000000005,-68.7,-23.358000000000004,1.6,29.7,-49.10,-16.69
,05/05/2026 23:02,05/06/2026 14:45,EURUSD,Sell,0.010,0.00000,0.00000,1.16958,1.17738,0.0000,0.0200,-78.0,-6.60,-0.90,"C R1@7326844#56382508",0,00:15:42:59,16.5,2h 35m,102.8,24.75,4.0,0.32,-98.8,-7.904,3.9,20.2,-82.00,-6.56
,05/02/2026 14:02,,,Withdrawal,0.010,0.00000,0.00000,0.00000,0.00000,0.0000,0.0000,0.0,-10000.00,0,"Transfer to 11455707 #39642153",0,00:00:00:00,,,,,,,,,,,,
,05/02/2026 13:59,,,Deposit,0.010,0.00000,0.00000,0.00000,0.00000,0.0000,0.0000,0.0,10000.00,0,"Transfer from 11455707 39642133",0,00:00:00:00,,,,,,,,,,,,
,05/01/2026 14:26,05/01/2026 14:49,EURUSD,Sell,0.040,0.00000,0.00000,1.17569,1.17474,0.0000,0.0000,9.5,3.23,0.44,"C R1@7326844#56349647",0,00:00:22:48,100.0,22m,1.3,0.10,10.2,3.468,0.0,0.0,100.0,93.1,-0.70,-0.24
,05/01/2026 04:00,05/01/2026 14:49,EURUSD,Sell,0.010,0.00000,0.00000,1.17270,1.17474,0.0000,0.0000,-20.4,-1.74,-0.24,"C R1@7326844#56344979",0,00:10:49:32,21.0,2h 16m,38.8,3.91,7.9,0.711,-30.9,-2.7809999999999997,20.4,27.1,-28.30,-2.55
,04/29/2026 06:06,04/29/2026 08:34,EURUSD,Sell,0.010,0.00000,0.00000,1.17101,1.16995,0.0000,0.0000,10.6,0.91,0.12,"C R1@7326844#56318831",0,00:02:27:55,98.7,2h 25m,2.7,0.06,11.5,1.035,-0.7,-0.063,94.3,92.6,-0.90,-0.08
,04/27/2026 10:52,04/27/2026 18:22,EURUSD,Sell,0.040,0.00000,0.00000,1.17406,1.17309,0.0000,0.0000,9.7,3.31,0.45,"C R1@7326844#56293734",0,00:07:29:58,22.7,1h 42m,16.8,1.38,10.4,3.5360000000000005,-14.3,-4.862000000000001,42.1,97.2,-0.70,-0.24
,04/27/2026 01:00,04/27/2026 18:22,EURUSD,Sell,0.010,0.00000,0.00000,1.17112,1.17309,0.0000,0.0000,-19.7,-1.68,-0.23,"C R1@7326844#56289221",0,00:17:22:14,13.0,2h 15m,49.2,7.95,5.5,0.495,-43.7,-3.9330000000000003,11.2,48.8,-25.20,-2.27
,04/27/2026 00:01,,,Withdrawal,0.010,0.00000,0.00000,0.00000,0.00000,0.0000,0.0000,0.0,-1.50,0,"CM Fee to 7326844#423066",0,00:00:00:00,,,,,,,,,,,,
,04/21/2026 04:00,04/21/2026 10:53,EURUSD,Sell,0.010,0.00000,0.00000,1.17816,1.17704,0.0000,0.0000,11.2,0.95,0.13,"C R1@7326844#56235267",0,00:06:53:13,85.8,5h 54m,8.3,0.35,11.9,0.9520000000000001,-4.2,-0.336,73.9,95.7,-0.70,-0.06
,04/17/2026 16:03,04/17/2026 16:27,EURUSD,Sell,0.120,0.00000,0.00000,1.18431,1.18322,0.0000,0.0000,10.9,11.05,1.53,"C R1@7326844#56213498",0,00:00:24:07,50.0,12m,8.8,0.47,12.3,12.423,-5.8,-5.858,68.0,92.3,-1.40,-1.41
,04/17/2026 15:47,04/17/2026 16:27,EURUSD,Sell,0.040,0.00000,0.00000,1.18136,1.18323,0.0000,0.0000,-18.7,-6.32,-0.87,"C R1@7326844#56212830",0,00:00:40:32,0.0,0s,35.3,35.34,0.0,0.0,-35.3,-12.002,0.0,47.0,-18.70,-6.36
,04/17/2026 07:43,04/17/2026 16:27,EURUSD,Sell,0.010,0.00000,0.00000,1.17831,1.18317,0.0000,0.0000,-48.6,-4.11,-0.56,"C R1@7326844#56208428",0,00:08:44:52,37.6,3h 17m,76.3,6.27,10.5,0.84,-65.8,-5.264,13.8,22.5,-59.10,-4.73
,04/14/2026 21:30,04/15/2026 05:33,EURUSD,Sell,0.010,0.00000,0.00000,1.17922,1.17812,0.0000,0.0200,11.0,0.95,0.13,"C R1@7326844#56184850",0,00:08:03:06,29.8,2h 23m,12.3,0.72,11.9,0.9520000000000001,-8.6,-0.688,58.0,95.6,-0.90,-0.07
,04/13/2026 17:44,04/13/2026 18:00,EURUSD,Sell,0.040,0.00000,0.00000,1.17177,1.17083,0.0000,0.0000,9.4,3.21,0.44,"C R1@7326844#56169451",0,00:00:15:55,87.5,13m,2.6,0.18,9.8,3.3320000000000003,-1.8,-0.6120000000000001,84.5,96.6,-0.40,-0.14
,04/13/2026 15:34,04/13/2026 18:00,EURUSD,Sell,0.010,0.00000,0.00000,1.16876,1.17082,0.0000,0.0000,-20.6,-1.76,-0.24,"C R1@7326844#56167282",0,00:02:26:26,4.2,6m,33.6,18.80,1.7,0.153,-31.9,-2.8709999999999996,5.1,33.6,-22.30,-2.01
,04/10/2026 01:30,04/10/2026 09:21,EURUSD,Sell,0.010,0.00000,0.00000,1.16959,1.16851,0.0000,0.0000,10.8,0.92,0.13,"C R1@7326844#56142232",0,00:07:51:24,97.3,7h 38m,10.6,0.26,10.8,0.972,-2.8,-0.252,79.4,100.0,0.00,0.00
,04/06/2026 20:31,04/07/2026 04:37,EURUSD,Sell,0.010,0.00000,0.00000,1.15446,1.15340,0.0000,0.0200,10.6,0.94,0.13,"C R1@7326844#56094971",0,00:08:05:37,80.7,6h 31m,11.8,0.70,10.8,0.972,-7.6,-0.6839999999999999,58.7,98.9,-0.20,-0.02
,04/06/2026 19:30,04/06/2026 20:15,EURUSD,Sell,0.010,0.00000,0.00000,1.15457,1.15352,0.0000,0.0000,10.5,0.91,0.13,"C R1@7326844#56094461",0,00:00:45:30,67.4,30m,3.8,0.21,11.2,1.008,-2.3,-0.207,83.0,94.8,-0.70,-0.06
,04/03/2026 00:44,04/03/2026 15:30,EURUSD,Sell,0.010,0.00000,0.00000,1.15340,1.15247,0.0000,0.0000,9.3,0.81,0.11,"C R1@7326844#56078898",0,00:14:45:51,6.3,55m,18.7,1.56,9.3,0.8370000000000001,-14.5,-1.305,39.1,100.0,0.00,0.00
,03/31/2026 16:54,03/31/2026 17:56,EURUSD,Sell,0.120,0.00000,0.00000,1.15276,1.15151,0.0000,0.0000,12.5,13.03,1.83,"C R1@7326844#56045667",0,00:01:01:53,63.0,38m,16.3,0.85,13.2,13.728,-11.2,-11.648,54.1,97.1,-0.70,-0.73
,03/31/2026 15:06,03/31/2026 17:56,EURUSD,Sell,0.040,0.00000,0.00000,1.14970,1.15153,0.0000,0.0000,-18.3,-6.36,-0.88,"C R1@7326844#56043728",0,00:02:49:48,5.9,10m,48.7,6.06,6.9,2.415,-41.8,-14.629999999999997,14.2,48.3,-25.20,-8.82
,03/31/2026 10:30,03/31/2026 17:56,EURUSD,Sell,0.010,0.00000,0.00000,1.14670,1.15152,0.0000,0.0000,-48.2,-4.19,-0.58,"C R1@7326844#56039932",0,00:07:26:02,19.7,1h 27m,81.2,7.64,9.4,0.846,-71.8,-6.462,11.6,29.1,-57.60,-5.18
,03/30/2026 00:00,,,Withdrawal,0.010,0.00000,0.00000,0.00000,0.00000,0.0000,0.0000,0.0,-3.30,0,"CM Fee to 7326844#383853",0,00:00:00:00,,,,,,,,,,,,
,03/25/2026 06:30,03/25/2026 07:49,EURUSD,Sell,0.010,0.00000,0.00000,1.16032,1.15924,0.0000,0.0000,10.8,0.93,0.13,"C R1@7326844#55975934",0,00:01:19:18,100.0,1h 19m,5.1,0.09,11.3,1.0170000000000001,0.0,0.0,100.0,95.6,-0.50,-0.04
,03/23/2026 04:02,03/23/2026 04:33,EURUSD,Sell,0.010,0.00000,0.00000,1.15564,1.15456,0.0000,0.0000,10.8,0.94,0.13,"C R1@7326844#55936927",0,00:00:30:50,96.8,29m,5.1,0.04,11.4,1.026,-0.5,-0.045,95.8,95.0,-0.60,-0.05
,03/20/2026 04:00,03/20/2026 07:51,EURUSD,Sell,0.010,0.00000,0.00000,1.15647,1.15537,0.0000,0.0000,11.0,0.95,0.13,"C R1@7326844#55916778",0,00:03:51:34,85.8,3h 18m,5.1,0.26,11.3,1.0170000000000001,-2.9,-0.261,79.6,97.9,-0.30,-0.03
,03/19/2026 13:59,03/19/2026 14:26,EURUSD,Sell,0.010,0.00000,0.00000,1.14788,1.14682,0.0000,0.0000,10.6,0.92,0.13,"C R1@7326844#55904951",0,00:00:27:01,96.3,26m,4.6,0.11,11.4,1.026,-1.3,-0.11699999999999999,89.8,93.7,-0.80,-0.07
,03/18/2026 14:04,03/18/2026 14:16,EURUSD,Sell,0.010,0.00000,0.00000,1.15419,1.15311,0.0000,0.0000,10.8,0.94,0.13,"C R1@7326844#55883559",0,00:00:12:09,100.0,12m,4.5,0.09,11.1,0.9989999999999999,0.0,0.0,100.0,97.3,-0.30,-0.03
,03/18/2026 13:11,03/18/2026 13:27,EURUSD,Sell,0.010,0.00000,0.00000,1.15482,1.15373,0.0000,0.0000,10.9,0.94,0.13,"C R1@7326844#55882331",0,00:00:16:20,18.8,3m,7.1,0.55,12.9,1.161,-7.1,-0.6389999999999999,64.5,90.0,-2.00,-0.18
,03/18/2026 03:30,03/18/2026 10:22,EURUSD,Sell,0.010,0.00000,0.00000,1.15338,1.15231,0.0000,0.0000,10.7,0.93,0.13,"C R1@7326844#55876958",0,00:06:52:03,28.1,1h 55m,16.4,1.35,11.1,0.9989999999999999,-15.0,-1.3499999999999999,42.5,98.5,-0.40,-0.04
,03/16/2026 13:21,03/17/2026 08:02,EURUSD,Sell,0.040,0.00000,0.00000,1.14782,1.14752,0.0000,0.0900,3.0,1.14,0.16,"C R1@7326844#55855859",0,00:18:41:07,4.1,45m,49.8,9.38,4.8,1.68,-45.0,-15.749999999999998,9.6,96.4,-1.80,-0.63
,03/16/2026 20:23,03/17/2026 01:10,EURUSD,Sell,0.120,0.00000,0.00000,1.15082,1.14970,0.0000,0.2600,11.2,11.95,1.69,"C R1@7326844#55861503",0,00:04:47:50,64.2,3h 4m,15.0,1.16,12.9,13.416,-15.0,-15.600000000000001,46.2,93.9,-1.70,-1.77
,03/16/2026 11:45,03/17/2026 01:10,EURUSD,Sell,0.010,0.00000,0.00000,1.14482,1.14970,0.0000,0.0200,-48.8,-4.22,-0.59,"C R1@7326844#55854591",0,00:13:25:48,0.0,0s,75.0,75.19,0.0,0.0,-75.0,-6.75,0.0,34.9,-48.80,-4.39
,03/10/2026 19:18,03/10/2026 19:33,EURUSD,Sell,0.040,0.00000,0.00000,1.16641,1.16546,0.0000,0.0000,9.5,3.26,0.46,"C R1@7326844#55800644",0,00:00:15:43,86.7,13m,2.5,0.11,10.4,3.5360000000000005,-1.1,-0.37400000000000005,90.4,92.2,-0.90,-0.31
,03/10/2026 16:06,03/10/2026 19:33,EURUSD,Sell,0.010,0.00000,0.00000,1.16342,1.16546,0.0000,0.0000,-20.4,-1.75,-0.25,"C R1@7326844#55797654",0,00:03:27:48,3.9,8m,38.2,5.48,5.9,0.531,-32.3,-2.9069999999999996,15.4,31.2,-26.30,-2.37
,03/10/2026 09:50,03/10/2026 10:22,EURUSD,Sell,0.040,0.00000,0.00000,1.16582,1.16483,0.0000,0.0000,9.9,3.40,0.48,"C R1@7326844#55792288",0,00:00:32:04,84.4,27m,6.2,0.38,9.9,3.3660000000000005,-3.8,-1.292,72.3,100.0,0.00,0.00
,03/10/2026 09:15,03/10/2026 10:22,EURUSD,Sell,0.010,0.00000,0.00000,1.16278,1.16483,0.0000,0.0000,-20.5,-1.76,-0.25,"C R1@7326844#55791715",0,00:01:07:26,0.0,0s,34.2,34.25,0.0,0.0,-34.2,-3.0780000000000003,0.0,40.1,-20.50,-1.84
,03/10/2026 09:10,03/10/2026 09:14,EURUSD,Sell,0.040,0.00000,0.00000,1.16408,1.16311,0.0000,0.0000,9.7,3.34,0.47,"C R1@7326844#55791644",0,00:00:04:12,100.0,4m,1.9,0.09,11.6,3.944,0.0,0.0,100.0,83.6,-1.90,-0.65
,03/10/2026 05:30,03/10/2026 09:14,EURUSD,Sell,0.010,0.00000,0.00000,1.16101,1.16311,0.0000,0.0000,-21.0,-1.81,-0.26,"C R1@7326844#55790157",0,00:03:44:25,11.2,25m,32.2,10.93,2.7,0.243,-29.5,-2.655,8.4,26.4,-23.70,-2.13
,03/06/2026 09:30,03/06/2026 11:02,EURUSD,Sell,0.010,0.00000,0.00000,1.16109,1.16000,0.0000,0.0000,10.9,0.94,0.13,"C R1@7326844#55756555",0,00:01:32:18,60.3,55m,10.2,0.39,12.0,1.08,-4.7,-0.423,71.9,93.4,-1.10,-0.10
,03/04/2026 21:01,03/05/2026 05:21,EURUSD,Sell,0.010,0.00000,0.00000,1.16259,1.16151,0.0000,0.0600,10.8,0.99,0.14,"C R1@7326844#55737446",0,00:08:19:43,7.6,37m,21.0,1.94,10.8,0.972,-21.0,-1.89,34.0,100.0,0.00,0.00
,03/02/2026 00:02,,,Withdrawal,0.010,0.00000,0.00000,0.00000,0.00000,0.0000,0.0000,0.0,-1.80,0,"CM Fee to 7326844#346317",0,00:00:00:00,,,,,,,,,,,,
,02/27/2026 13:16,02/27/2026 15:42,EURUSD,Sell,0.010,0.00000,0.00000,1.18033,1.17921,0.0000,0.0000,11.2,0.95,0.13,"C R1@7326844#55671350",0,00:02:25:24,59.0,1h 25m,10.1,0.40,11.2,0.8959999999999999,-4.5,-0.36,71.3,100.0,0.00,0.00
,02/26/2026 09:49,02/26/2026 10:27,EURUSD,Sell,0.010,0.00000,0.00000,1.18142,1.18032,0.0000,0.0000,11.0,0.93,0.13,"C R1@7326844#55654616",0,00:00:38:05,76.4,29m,4.7,0.28,11.0,0.88,-3.1,-0.24800000000000003,78.0,100.0,0.00,0.00
,02/24/2026 19:00,02/24/2026 22:16,EURUSD,Sell,0.010,0.00000,0.00000,1.17876,1.17767,0.0000,0.0000,10.9,0.93,0.13,"C R1@7326844#55634168",0,00:03:16:03,97.5,3h 11m,7.2,0.06,11.7,1.053,-0.7,-0.063,94.4,93.5,-0.80,-0.07
,02/23/2026 10:30,02/23/2026 11:16,EURUSD,Sell,0.010,0.00000,0.00000,1.18171,1.18051,0.0000,0.0000,12.0,1.02,0.15,"C R1@7326844#55612892",0,00:00:46:55,100.0,46m,5.4,0.08,12.5,1.125,0.0,0.0,100.0,96.0,-0.50,-0.04
,02/18/2026 05:00,02/18/2026 10:05,EURUSD,Sell,0.010,0.00000,0.00000,1.18441,1.18330,0.0000,0.0000,11.1,0.94,0.13,"C R1@7326844#55564503",0,00:05:05:35,76.4,3h 53m,6.7,0.21,11.8,0.9440000000000001,-2.5,-0.2,82.5,95.1,-0.70,-0.06
,02/12/2026 19:22,02/12/2026 19:41,EURUSD,Sell,0.010,0.00000,0.00000,1.18763,1.18653,0.0000,0.0000,11.0,0.93,0.13,"C R1@7326844#55513622",0,00:00:19:21,100.0,19m,3.2,0.09,11.6,0.9279999999999999,0.0,0.0,100.0,94.8,-0.60,-0.05
,02/10/2026 17:52,02/10/2026 18:18,EURUSD,Sell,0.010,0.00000,0.00000,1.19153,1.19042,0.0000,0.0000,11.1,0.93,0.13,"C R1@7326844#55479188",0,00:00:25:42,92.4,23m,3.7,0.21,11.5,0.92,-2.4,-0.192,82.7,97.1,-0.40,-0.03
,02/10/2026 16:31,02/10/2026 17:05,EURUSD,Sell,0.010,0.00000,0.00000,1.19194,1.19076,0.0000,0.0000,11.8,0.99,0.14,"C R1@7326844#55476787",0,00:00:33:29,76.5,25m,8.2,0.55,12.6,1.008,-6.9,-0.552,64.6,95.9,-0.80,-0.06
,02/10/2026 02:00,02/10/2026 14:52,EURUSD,Sell,0.010,0.00000,0.00000,1.19033,1.18924,0.0000,0.0000,10.9,0.92,0.13,"C R1@7326844#55467443",0,00:12:52:17,20.1,2h 35m,22.9,1.36,12.0,0.96,-16.3,-1.304,42.4,96.1,-1.10,-0.09
,02/06/2026 16:37,02/06/2026 17:22,EURUSD,Sell,0.040,0.00000,0.00000,1.18212,1.18114,0.0000,0.0000,9.8,3.32,0.48,"C R1@7326844#55443244",0,00:00:45:13,62.3,28m,5.2,0.44,10.2,3.468,-4.5,-1.53,69.4,97.3,-0.40,-0.14
,02/06/2026 13:30,02/06/2026 17:22,EURUSD,Sell,0.010,0.00000,0.00000,1.17912,1.18114,0.0000,0.0000,-20.2,-1.71,-0.25,"C R1@7326844#55441033",0,00:03:52:49,25.4,59m,37.8,10.46,3.3,0.264,-34.5,-2.7600000000000002,8.7,37.8,-23.50,-1.88
,02/05/2026 21:30,02/05/2026 22:44,EURUSD,Sell,0.010,0.00000,0.00000,1.17957,1.17848,0.0000,0.0000,10.9,0.92,0.13,"C R1@7326844#55432718",0,00:01:13:35,86.5,1h 3m,3.4,0.06,11.5,0.92,-0.7,-0.055999999999999994,94.3,95.1,-0.60,-0.05
,02/02/2026 12:30,02/02/2026 14:18,EURUSD,Sell,0.010,0.00000,0.00000,1.18660,1.18546,0.0000,0.0000,11.4,0.96,0.14,"C R1@7326844#55373680",0,00:01:48:11,78.0,1h 24m,11.5,0.40,13.9,1.112,-5.5,-0.44,71.6,87.1,-2.50,-0.20
,01/31/2026 12:29,,,Withdrawal,0.010,0.00000,0.00000,0.00000,0.00000,0.0000,0.0000,0.0,-0.58,0,"CFX Fee to 7326844,#21870450",0,00:00:00:00,,,,,,,,,,,,
,01/31/2026 12:29,,,Withdrawal,0.010,0.00000,0.00000,0.00000,0.00000,0.0000,0.0000,0.0,-0.04,0,"CFX Fee to 7326844,#21870445",0,00:00:00:00,,,,,,,,,,,,
,01/28/2026 05:00,01/28/2026 07:02,EURUSD,Sell,0.010,0.00000,0.00000,1.19972,1.19862,0.0000,0.0000,11.0,0.92,0.13,"C R1@7326844#55301268",0,00:02:02:00,52.5,1h 4m,9.3,0.67,11.0,0.88,-7.4,-0.5920000000000001,59.8,100.0,0.00,0.00
,01/27/2026 01:30,01/27/2026 09:56,EURUSD,Sell,0.010,0.00000,0.00000,1.18766,1.18653,0.0000,0.0000,11.3,0.95,0.14,"C R1@7326844#55281126",0,00:08:26:38,44.1,3h 43m,19.9,1.29,12.9,1.032,-16.6,-1.328,43.7,94.6,-1.60,-0.13
,01/26/2026 10:31,01/26/2026 15:01,EURUSD,Sell,0.010,0.00000,0.00000,1.18507,1.18397,0.0000,0.0000,11.0,0.93,0.13,"C R1@7326844#55268466",0,00:04:30:22,21.2,57m,23.5,1.34,11.9,0.9520000000000001,-16.0,-1.28,42.7,96.8,-0.90,-0.07
,01/26/2026 09:00,01/26/2026 09:56,EURUSD,Sell,0.010,0.00000,0.00000,1.18503,1.18391,0.0000,0.0000,11.2,0.95,0.14,"C R1@7326844#55267423",0,00:00:56:52,34.0,19m,11.6,0.94,12.3,0.9840000000000001,-11.6,-0.9279999999999999,51.5,95.4,-1.10,-0.09
,01/23/2026 05:00,01/23/2026 10:09,EURUSD,Sell,0.010,0.00000,0.00000,1.17446,1.17336,0.0000,0.0000,11.0,0.94,0.14,"C R1@7326844#55236634",0,00:05:09:32,35.9,1h 51m,10.2,0.80,11.4,1.026,-9.1,-0.819,55.6,98.0,-0.40,-0.04
,01/20/2026 21:30,01/21/2026 09:39,EURUSD,Sell,0.010,0.00000,0.00000,1.17217,1.17114,0.0000,0.0200,10.3,0.90,0.13,"C R1@7326844#55198174",0,00:12:09:42,52.9,6h 26m,22.8,1.08,11.3,1.0170000000000001,-12.2,-1.0979999999999999,48.1,95.7,-1.00,-0.09
,01/20/2026 10:39,01/20/2026 16:35,EURUSD,Sell,0.270,0.00000,0.00000,1.17099,1.17243,0.0000,0.0000,-14.4,-33.16,-4.59,"C R1@7326844#55188113",0,00:05:56:03,0.6,2m,40.6,28.01,1.4,3.2199999999999998,-39.2,-90.16,3.4,61.1,-15.80,-36.34
,01/20/2026 15:34,01/20/2026 15:54,EURUSD,Sell,0.790,0.00000,0.00000,1.17398,1.17395,0.0000,0.0000,0.3,2.02,0.28,"C R1@7326844#55192817",0,00:00:20:25,45.0,9m,9.3,2.38,3.9,26.247,-9.3,-62.589000000000006,29.5,72.7,-3.60,-24.23
,01/20/2026 14:17,01/20/2026 15:05,EURUSD,Sell,0.800,0.00000,0.00000,1.17397,1.17264,0.0000,0.0000,13.3,90.74,14.41,"C R1@7326844#55191798",0,00:00:48:13,73.0,35m,3.7,0.26,14.5,98.89,-3.7,-25.234,79.7,93.4,-1.20,-8.18
,01/20/2026 09:33,01/20/2026 15:05,EURUSD,Sell,0.090,0.00000,0.00000,1.16800,1.17262,0.0000,0.0000,-46.2,-35.46,-5.33,"C R1@7326844#55186511",0,00:05:32:41,0.0,0s,63.4,63.69,0.0,0.0,-63.4,-48.818,0.0,27.1,-46.20,-35.57
,01/20/2026 05:23,01/20/2026 15:05,EURUSD,Sell,0.030,0.00000,0.00000,1.16499,1.17262,0.0000,0.0000,-76.3,-19.52,-2.85,"C R1@7326844#55183429",0,00:09:42:48,0.0,0s,93.5,94.34,0.0,0.0,-93.5,-24.310000000000002,0.0,18.4,-76.30,-19.84
,01/19/2026 11:38,01/20/2026 15:05,EURUSD,Sell,0.010,0.00000,0.00000,1.16198,1.17261,0.0000,0.0200,-106.3,-9.05,-1.30,"C R1@7326844#55176331",0,01:03:26:57,0.0,0s,122.6,123.46,0.0,0.0,-122.6,-11.033999999999999,0.0,13.3,-106.30,-9.57
,01/13/2026 15:30,01/13/2026 17:17,EURUSD,Sell,0.010,0.00000,0.00000,1.16617,1.16539,0.0000,0.0000,7.8,0.67,0.10,"C R1@7326844#55116087",0,00:01:47:47,33.4,35m,8.0,0.77,10.4,0.9359999999999999,-8.0,-0.72,56.5,85.9,-2.60,-0.23
,01/12/2026 17:30,01/12/2026 22:52,EURUSD,Sell,0.010,0.00000,0.00000,1.16761,1.16653,0.0000,0.0000,10.8,0.93,0.13,"C R1@7326844#55105513",0,00:05:22:45,79.2,4h 15m,8.9,0.75,11.8,1.062,-8.9,-0.801,57.0,95.2,-1.00,-0.09
,01/06/2026 03:00,01/06/2026 14:38,EURUSD,Sell,0.010,0.00000,0.00000,1.17163,1.17055,0.0000,0.0000,10.8,0.92,0.13,"C R1@7326844#55032042",0,00:11:38:06,32.2,3h 44m,28.4,2.34,10.9,0.981,-25.5,-2.295,29.9,99.7,-0.10,-0.01
,01/03/2026 07:50,,,Withdrawal,0.010,0.00000,0.00000,0.00000,0.00000,0.0000,0.0000,0.0,-0.60,0,"CFX Fee to 7326844,#21479084",0,00:00:00:00,,,,,,,,,,,,
,12/30/2025 12:30,12/30/2025 15:00,EURUSD,Sell,0.010,0.00000,0.00000,1.17721,1.17609,0.0000,0.0000,11.2,0.95,0.14,"C R1@7326844#54979354",0,00:02:30:23,67.8,1h 41m,5.1,0.30,12.5,1.0,-3.8,-0.304,76.7,92.0,-1.30,-0.10
,12/23/2025 23:30,12/24/2025 16:54,EURUSD,Sell,0.010,0.00000,0.00000,1.17901,1.17793,0.0000,0.0200,10.8,0.94,0.14,"C R1@7326844#54927451",0,00:17:24:53,26.0,4h 31m,19.9,1.62,10.8,0.972,-17.5,-1.575,38.2,100.0,0.00,0.00
,12/18/2025 02:30,12/18/2025 10:01,EURUSD,Sell,0.010,0.00000,0.00000,1.17425,1.17313,0.0000,0.0000,11.2,0.95,0.14,"C R1@7326844#54849531",0,00:07:31:14,59.0,4h 26m,13.7,0.58,11.8,0.9440000000000001,-6.9,-0.552,63.1,96.8,-0.60,-0.05
,12/15/2025 03:33,12/17/2025 08:15,EURUSD,Sell,0.010,0.00000,0.00000,1.17344,1.17239,0.0000,0.0400,10.5,0.94,0.14,"C R1@7326844#54792089",0,02:04:41:21,11.7,6h 9m,71.0,5.97,10.9,0.981,-65.0,-5.85,14.4,99.5,-0.40,-0.04
,12/06/2025 16:53,,,Withdrawal,0.010,0.00000,0.00000,0.00000,0.00000,0.0000,0.0000,0.0,-1.08,0,"CFX Fee to 7326844,#21095114",0,00:00:00:00,,,,,,,,,,,,
,12/02/2025 14:00,12/02/2025 17:21,EURUSD,Sell,0.010,0.00000,0.00000,1.16113,1.16005,0.0000,0.0000,10.8,0.93,0.14,"C R1@7326844#54630896",0,00:03:20:54,14.5,29m,15.1,0.96,11.9,1.071,-11.4,-1.026,51.1,95.3,-1.10,-0.10
,12/01/2025 12:55,12/01/2025 20:20,EURUSD,Sell,0.030,0.00000,0.00000,1.16279,1.16184,0.0000,0.0000,9.5,2.45,0.36,"C R1@7326844#54611266",0,00:07:25:16,39.6,2h 56m,25.9,2.45,9.5,2.47,-23.3,-6.058000000000001,29.0,100.0,0.00,0.00
,12/01/2025 06:25,12/01/2025 20:20,EURUSD,Sell,0.010,0.00000,0.00000,1.15978,1.16185,0.0000,0.0000,-20.7,-1.78,-0.26,"C R1@7326844#54604476",0,00:13:55:25,9.2,1h 16m,60.4,7.63,7.0,0.63,-53.4,-4.806,11.6,54.1,-27.70,-2.49
,11/26/2025 01:36,11/26/2025 15:46,EURUSD,Sell,0.010,0.00000,0.00000,1.15672,1.15566,0.0000,0.0000,10.6,0.92,0.13,"C R1@7326844#54547411",0,00:14:10:22,7.5,1h 3m,31.6,2.66,10.6,0.954,-28.2,-2.538,27.3,100.0,0.00,0.00
,11/21/2025 00:30,11/21/2025 12:07,EURUSD,Sell,0.010,0.00000,0.00000,1.15279,1.15163,0.0000,0.0000,11.6,1.01,0.15,"C R1@7326844#54477840",0,00:11:36:44,8.8,1h 1m,28.5,2.08,11.6,1.044,-24.1,-2.169,32.5,100.0,0.00,0.00
,11/14/2025 00:30,11/14/2025 10:22,EURUSD,Sell,0.010,0.00000,0.00000,1.16347,1.16238,0.0000,0.0000,10.9,0.94,0.14,"C R1@7326844#54359303",0,00:09:51:55,40.9,4h 2m,24.5,0.95,14.2,1.2779999999999998,-13.5,-1.2149999999999999,51.3,88.1,-3.30,-0.30
,11/13/2025 10:03,11/13/2025 13:56,EURUSD,Sell,0.030,0.00000,0.00000,1.16151,1.16059,0.0000,0.0000,9.2,2.38,0.35,"C R1@7326844#54339219",0,00:03:52:33,37.0,1h 26m,24.4,2.01,9.7,2.522,-19.5,-5.07,33.2,98.3,-0.50,-0.13
,11/13/2025 03:40,11/13/2025 13:56,EURUSD,Sell,0.010,0.00000,0.00000,1.15853,1.16057,0.0000,0.0000,-20.4,-1.76,-0.26,"C R1@7326844#54334304",0,00:10:16:02,15.5,1h 35m,53.8,10.96,4.5,0.40499999999999997,-49.3,-4.436999999999999,8.4,53.7,-24.90,-2.24
,11/11/2025 22:30,11/12/2025 06:19,EURUSD,Sell,0.010,0.00000,0.00000,1.15853,1.15748,0.0000,0.0200,10.5,0.93,0.14,"C R1@7326844#54309153",0,00:07:48:49,91.9,7h 10m,7.0,0.27,11.2,1.008,-3.0,-0.27,78.9,95.1,-0.70,-0.06
,11/07/2025 22:30,11/10/2025 01:05,EURUSD,Sell,0.010,0.00000,0.00000,1.15633,1.15528,0.0000,0.0200,10.5,0.93,0.14,"C R1@7326844#54265287",0,02:02:34:58,97.5,2d 1h ,4.0,0.07,14.5,1.305,1.0,0.09,107.4,70.4,-4.00,-0.36
,11/08/2025 16:18,,,Withdrawal,0.010,0.00000,0.00000,0.00000,0.00000,0.0000,0.0000,0.0,-3.31,0,"CFX Fee to 7326844,#20712769",0,00:00:00:00,,,,,,,,,,,,
,11/07/2025 16:04,11/07/2025 21:48,EURUSD,Sell,0.030,0.00000,0.00000,1.15700,1.15605,0.0000,0.0000,9.5,2.47,0.36,"C R1@7326844#54257609",0,00:05:44:29,10.8,37m,20.3,6.22,3.2,0.8320000000000001,-19.9,-5.1739999999999995,13.9,127.3,6.30,1.64
,11/07/2025 03:30,11/07/2025 21:48,EURUSD,Sell,0.010,0.00000,0.00000,1.15397,1.15605,0.0000,0.0000,-20.8,-1.80,-0.26,"C R1@7326844#54248920",0,00:18:18:28,39.6,7h 14m,58.9,5.27,9.4,0.846,-49.5,-4.455,16.0,48.7,-30.20,-2.72
,11/05/2025 15:00,11/05/2025 15:49,EURUSD,Sell,0.010,0.00000,0.00000,1.14903,1.14793,0.0000,0.0000,11.0,0.96,0.14,"C R1@7326844#54217793",0,00:00:49:33,78.0,38m,5.8,0.21,12.8,1.152,-2.7,-0.243,82.6,88.4,-1.80,-0.16
,10/31/2025 12:02,10/31/2025 13:41,EURUSD,Sell,0.010,0.00000,0.00000,1.15719,1.15604,0.0000,0.0000,11.5,0.99,0.14,"C R1@7326844#54148809",0,00:01:38:41,78.8,1h 17m,6.7,0.16,13.0,1.17,-2.1,-0.189,86.1,90.1,-1.50,-0.14
,10/31/2025 08:02,10/31/2025 09:04,EURUSD,Sell,0.010,0.00000,0.00000,1.15687,1.15580,0.0000,0.0000,10.7,0.93,0.14,"C R1@7326844#54145373",0,00:01:02:41,38.8,24m,6.4,0.41,10.9,0.981,-4.5,-0.40499999999999997,70.8,98.7,-0.20,-0.02
,10/30/2025 12:00,10/30/2025 13:00,EURUSD,Sell,0.010,0.00000,0.00000,1.16162,1.16053,0.0000,0.0000,10.9,0.94,0.14,"C R1@7326844#54128487",0,00:01:00:37,65.6,39m,4.1,0.27,11.5,1.035,-3.1,-0.27899999999999997,78.8,95.9,-0.60,-0.05
,10/27/2025 20:00,10/28/2025 15:14,EURUSD,Sell,0.010,0.00000,0.00000,1.16375,1.16265,0.0000,0.0200,11.0,0.97,0.14,"C R1@7326844#54080358",0,00:19:14:27,4.8,55m,31.9,2.70,11.0,0.99,-29.7,-2.673,27.0,100.0,0.00,0.00
,10/23/2025 02:30,10/23/2025 05:04,EURUSD,Sell,0.010,0.00000,0.00000,1.16075,1.15969,0.0000,0.0000,10.6,0.91,0.13,"C R1@7326844#54032621",0,00:02:34:21,88.4,2h 16m,7.8,0.11,11.3,1.0170000000000001,-1.2,-0.108,90.4,94.4,-0.70,-0.06
,10/20/2025 12:01,10/20/2025 13:18,EURUSD,Sell,0.010,0.00000,0.00000,1.16643,1.16536,0.0000,0.0000,10.7,0.92,0.14,"C R1@7326844#53979776",0,00:01:17:31,72.8,56m,7.4,0.25,11.0,0.99,-2.7,-0.243,80.3,97.8,-0.30,-0.03
,10/17/2025 15:10,,,Withdrawal,0.010,0.00000,0.00000,0.00000,0.00000,0.0000,0.0000,0.0,-47.00,0,"Transfer to 11455707 #35484012",0,00:00:00:00,,,,,,,,,,,,
,10/17/2025 12:31,10/17/2025 13:27,EURUSD,Sell,0.010,0.00000,0.00000,1.17038,1.16930,0.0000,0.0000,10.8,0.92,0.13,"C R1@7326844#53956736",0,00:00:55:42,100.0,55m,5.7,0.09,11.4,1.026,0.0,0.0,100.0,94.7,-0.60,-0.05
,10/17/2025 08:12,10/17/2025 10:11,EURUSD,Sell,0.100,0.00000,0.00000,1.17140,1.17027,0.0000,0.0000,11.3,9.66,1.35,"C R1@7326844#53951345",0,00:01:58:35,27.8,32m,12.7,1.12,11.3,9.605,-12.7,-10.795,47.1,100.0,0.00,0.00
,10/16/2025 20:07,10/17/2025 10:11,EURUSD,Sell,0.030,0.00000,0.00000,1.16840,1.17022,0.0000,0.0700,-18.2,-4.60,-0.64,"C R1@7326844#53941638",0,00:14:03:42,2.1,17m,49.0,6.78,6.3,1.638,-42.7,-11.102,12.9,50.0,-24.50,-6.37
,10/16/2025 11:04,10/17/2025 10:11,EURUSD,Sell,0.010,0.00000,0.00000,1.16539,1.17022,0.0000,0.0200,-48.3,-4.11,-0.57,"C R1@7326844#53930689",0,00:23:06:54,7.6,1h 45m,79.3,11.21,6.5,0.585,-72.8,-6.552,8.2,30.9,-54.80,-4.93
,10/16/2025 03:23,10/16/2025 10:57,EURUSD,Sell,0.030,0.00000,0.00000,1.16539,1.16445,0.0000,0.0000,9.4,2.42,0.34,"C R1@7326844#53924715",0,00:07:33:57,12.2,55m,20.7,2.07,10.0,2.6,-20.7,-5.382,32.6,98.0,-0.60,-0.16
,10/15/2025 16:32,10/16/2025 10:57,EURUSD,Sell,0.010,0.00000,0.00000,1.16237,1.16444,0.0000,0.0700,-20.7,-1.71,-0.24,"C R1@7326844#53915972",0,00:18:25:17,3.2,35m,54.9,12.74,4.0,0.36,-50.9,-4.5809999999999995,7.3,55.0,-24.70,-2.22
,10/15/2025 15:30,10/15/2025 16:03,EURUSD,Sell,0.010,0.00000,0.00000,1.16237,1.16129,0.0000,0.0000,10.8,0.93,0.13,"C R1@7326844#53914427",0,00:00:33:43,100.0,33m,3.6,0.08,12.7,1.1429999999999998,0.0,0.0,100.0,85.0,-1.90,-0.17
,10/10/2025 18:06,10/13/2025 11:26,EURUSD,Sell,0.030,0.00000,0.00000,1.16010,1.15918,0.0000,0.0700,9.2,2.45,0.34,"C R1@7326844#53854655",0,02:17:20:14,2.2,1h 26m,35.6,2.59,10.5,2.73,-27.2,-7.072,27.9,96.6,-1.30,-0.34
,10/10/2025 15:13,10/13/2025 11:26,EURUSD,Sell,0.010,0.00000,0.00000,1.15709,1.15918,0.0000,0.0200,-20.9,-1.78,-0.25,"C R1@7326844#53851020",0,02:20:13:04,1.9,1h 17m,64.7,7.75,7.4,0.666,-57.3,-5.156999999999999,11.4,56.3,-28.30,-2.55
,10/11/2025 18:31,,,Withdrawal,0.010,0.00000,0.00000,0.00000,0.00000,0.0000,0.0000,0.0,-0.26,0,"CFX Fee to 7326844,#20335387",0,00:00:00:00,,,,,,,,,,,,
,10/07/2025 03:02,10/07/2025 07:48,EURUSD,Sell,0.010,0.00000,0.00000,1.17071,1.16962,0.0000,0.0000,10.9,0.93,0.13,"C R1@7326844#53783047",0,00:04:46:05,88.2,4h 12m,10.4,0.29,11.3,1.0170000000000001,-3.3,-0.297,77.4,97.3,-0.40,-0.04
,10/03/2025 22:03,10/06/2025 00:05,EURUSD,Sell,0.010,0.00000,0.00000,1.17375,1.17262,0.0000,0.0200,11.3,0.98,0.14,"C R1@7326844#53760137",0,02:02:01:18,0.3,9m,10.6,0.16,21.9,1.752,-3.4,-0.272,86.6,58.1,-10.60,-0.85
,10/03/2025 17:05,10/03/2025 17:31,EURUSD,Sell,0.030,0.00000,0.00000,1.17500,1.17406,0.0000,0.0000,9.4,2.40,0.33,"C R1@7326844#53756413",0,00:00:25:22,80.8,20m,6.9,0.73,9.4,2.4440000000000004,-6.9,-1.7940000000000003,57.7,100.0,0.00,0.00
,10/03/2025 09:06,10/03/2025 17:31,EURUSD,Sell,0.010,0.00000,0.00000,1.17197,1.17406,0.0000,0.0000,-20.9,-1.78,-0.25,"C R1@7326844#53749751",0,00:08:24:28,1.4,7m,39.3,17.73,2.1,0.189,-37.2,-3.3480000000000003,5.3,41.5,-23.00,-2.07
,10/01/2025 17:50,10/01/2025 18:08,EURUSD,Sell,0.010,0.00000,0.00000,1.17457,1.17347,0.0000,0.0000,11.0,0.94,0.13,"C R1@7326844#53722461",0,00:00:18:06,77.8,14m,5.2,0.18,11.0,0.99,-2.0,-0.18,84.6,100.0,0.00,0.00
,10/01/2025 17:30,10/01/2025 17:47,EURUSD,Sell,0.010,0.00000,0.00000,1.17475,1.17346,0.0000,0.0000,12.9,1.10,0.15,"C R1@7326844#53721899",0,00:00:17:34,16.7,2m,7.9,0.61,12.9,1.161,-7.9,-0.711,62.0,100.0,0.00,0.00
,10/01/2025 17:00,10/01/2025 17:14,EURUSD,Sell,0.010,0.00000,0.00000,1.17532,1.17426,0.0000,0.0000,10.6,0.90,0.13,"C R1@7326844#53721112",0,00:00:14:01,71.5,10m,11.9,0.57,11.4,0.912,-6.5,-0.52,63.7,95.5,-0.80,-0.06
,10/01/2025 08:00,10/01/2025 08:12,EURUSD,Sell,0.030,0.00000,0.00000,1.17661,1.17566,0.0000,0.0000,9.5,2.42,0.34,"C R1@7326844#53709490",0,00:00:11:29,100.0,11m,0.5,0.11,9.5,2.375,0.0,0.0,100.0,100.0,0.00,0.00
,09/30/2025 17:08,10/01/2025 08:12,EURUSD,Sell,0.010,0.00000,0.00000,1.17360,1.17565,0.0000,0.0200,-20.5,-1.72,-0.24,"C R1@7326844#53696659",0,00:15:03:39,35.7,5h 22m,39.1,3.16,9.4,0.752,-29.7,-2.376,24.0,23.5,-29.90,-2.39
,09/30/2025 16:48,09/30/2025 17:00,EURUSD,Sell,0.010,0.00000,0.00000,1.17361,1.17267,0.0000,0.0000,9.4,0.80,0.11,"C R1@7326844#53696065",0,00:00:11:21,58.4,6m,2.2,0.23,9.4,0.846,-2.2,-0.198,81.0,100.0,0.00,0.00
,09/30/2025 08:53,09/30/2025 16:07,EURUSD,Sell,0.100,0.00000,0.00000,1.17354,1.17266,0.0000,0.0000,8.8,7.50,1.06,"C R1@7326844#53687450",0,00:07:14:01,9.7,42m,27.9,2.54,9.5,8.075,-24.1,-20.485,28.3,97.9,-0.70,-0.59
,09/26/2025 21:58,09/30/2025 16:07,EURUSD,Sell,0.030,0.00000,0.00000,1.17051,1.17271,0.0000,0.1400,-22.0,-5.49,-0.77,"C R1@7326844#53662494",0,03:18:09:06,57.3,2d 3h ,59.4,7.61,6.9,1.7940000000000003,-52.5,-13.65,11.6,51.3,-28.90,-7.51
,09/29/2025 15:37,09/29/2025 20:31,EURUSD,Sell,0.100,0.00000,0.00000,1.17344,1.17233,0.0000,0.0000,11.1,9.47,1.35,"C R1@7326844#53675345",0,00:04:54:03,62.0,3h 2m,19.1,1.66,11.5,9.775,-19.1,-16.235,37.6,98.7,-0.40,-0.34
,09/26/2025 14:54,09/29/2025 20:31,EURUSD,Sell,0.010,0.00000,0.00000,1.16752,1.17232,0.0000,0.0200,-48.0,-4.07,-0.58,"C R1@7326844#53652993",0,03:05:37:05,0.7,32m,79.3,23.04,3.3,0.297,-76.0,-6.84,4.2,35.3,-51.30,-4.62
,09/23/2025 09:45,09/23/2025 10:04,EURUSD,Sell,0.010,0.00000,0.00000,1.17998,1.17891,0.0000,0.0000,10.7,0.91,0.13,"C R1@7326844#53597165",0,00:00:18:29,68.5,12m,3.4,0.31,10.9,0.981,-3.4,-0.306,76.2,98.6,-0.20,-0.02
,09/22/2025 11:11,,,Withdrawal,0.010,0.00000,0.00000,0.00000,0.00000,0.0000,0.0000,0.0,-300.00,0,"Transfer to 11455707 #34952630",0,00:00:00:00,,,,,,,,,,,,
,09/16/2025 19:12,09/17/2025 10:22,EURUSD,Sell,0.420,0.00000,0.00000,1.18534,1.18401,0.0000,0.9900,13.3,48.17,5.03,"C R1@7326844#53522203",0,00:15:09:32,9.9,1h 30m,23.9,1.66,14.4,51.12,-23.9,-84.84499999999998,37.6,97.1,-1.10,-3.90
,09/16/2025 16:25,09/17/2025 10:22,EURUSD,Sell,0.140,0.00000,0.00000,1.18233,1.18400,0.0000,0.3300,-16.7,-19.42,-1.99,"C R1@7326844#53518075",0,00:17:56:39,0.5,5m,56.9,13.61,3.9,4.601999999999999,-53.0,-62.54,6.9,63.8,-20.60,-24.31
,09/16/2025 10:11,09/17/2025 10:22,EURUSD,Sell,0.050,0.00000,0.00000,1.17926,1.18402,0.0000,0.1200,-47.6,-19.98,-2.00,"C R1@7326844#53508984",0,01:00:10:24,1.4,20m,84.9,69.93,1.2,0.504,-83.7,-35.153999999999996,1.4,42.5,-48.80,-20.50
,09/16/2025 02:00,09/17/2025 10:22,EURUSD,Sell,0.020,0.00000,0.00000,1.17623,1.18405,0.0000,0.0500,-78.2,-13.16,-1.30,"C R1@7326844#53503321",0,01:08:22:22,3.4,1h 6m,118.8,23.75,4.8,0.8160000000000001,-114.0,-19.380000000000003,4.0,30.1,-83.00,-14.11
,09/15/2025 06:53,09/15/2025 09:20,EURUSD,Sell,0.020,0.00000,0.00000,1.17335,1.17225,0.0000,0.0000,11.0,1.88,0.19,"C R1@7326844#53487583",0,00:02:26:38,85.8,2h 5m,4.2,0.15,12.4,2.108,-1.8,-0.30600000000000005,87.3,90.1,-1.40,-0.24
,09/13/2025 16:59,,,Withdrawal,0.010,0.00000,0.00000,0.00000,0.00000,0.0000,0.0000,0.0,-1.49,0,"CFX Fee to 7326844,#19965724",0,00:00:00:00,,,,,,,,,,,,
,09/12/2025 03:30,09/12/2025 11:49,EURUSD,Sell,0.020,0.00000,0.00000,1.17292,1.17181,0.0000,0.0000,11.1,1.89,0.19,"C R1@7326844#53466073",0,00:08:19:04,68.7,5h 42m,26.2,1.44,12.8,2.176,-18.4,-3.128,41.0,94.6,-1.70,-0.29
,09/10/2025 13:00,09/10/2025 13:26,EURUSD,Sell,0.020,0.00000,0.00000,1.17127,1.17019,0.0000,0.0000,10.8,1.85,0.18,"C R1@7326844#53431582",0,00:00:26:51,92.6,24m,1.9,0.08,12.3,2.091,-1.0,-0.17,92.5,88.7,-1.50,-0.26
,09/05/2025 23:00,09/08/2025 01:38,EURUSD,Sell,0.020,0.00000,0.00000,1.17174,1.17068,0.0000,0.0500,10.6,1.86,0.19,"C R1@7326844#53315178",0,02:02:38:47,98.6,2d 1h ,8.0,0.09,11.2,1.904,0.0,0.0,100.0,94.6,-0.60,-0.10
,09/04/2025 00:14,09/04/2025 10:21,EURUSD,Sell,0.020,0.00000,0.00000,1.16585,1.16476,0.0000,0.0000,10.9,1.87,0.19,"C R1@7326844#53033835",0,00:10:06:31,63.5,6h 25m,13.8,0.88,11.2,1.904,-9.9,-1.6830000000000003,53.1,98.6,-0.30,-0.05
,09/01/2025 16:14,09/01/2025 18:18,EURUSD,Sell,0.020,0.00000,0.00000,1.17138,1.17028,0.0000,0.0000,11.0,1.88,0.19,"C R1@7326844#52474617",0,00:02:04:29,96.0,1h 59m,5.4,0.08,11.0,1.87,-0.9,-0.15300000000000002,92.4,100.0,0.00,0.00
,09/01/2025 09:05,09/01/2025 15:54,EURUSD,Sell,0.050,0.00000,0.00000,1.17171,1.17074,0.0000,0.0000,9.7,4.14,0.42,"C R1@7326844#52407367",0,00:06:49:15,17.1,1h 9m,18.5,1.78,10.1,4.343,-18.0,-7.74,35.9,98.6,-0.40,-0.17
,09/01/2025 01:57,09/01/2025 15:54,EURUSD,Sell,0.020,0.00000,0.00000,1.16871,1.17074,0.0000,0.0000,-20.3,-3.47,-0.35,"C R1@7326844#52339066",0,00:13:57:00,0.0,0s,48.0,48.08,0.0,0.0,-48.0,-8.16,0.0,57.7,-20.30,-3.45
,08/30/2025 15:25,,,Withdrawal,0.010,0.00000,0.00000,0.00000,0.00000,0.0000,0.0000,0.0,-9000.00,0,"Transfer to 11455707 #34573718",0,00:00:00:00,,,,,,,,,,,,
,08/30/2025 15:22,,,Deposit,0.000,0.00000,0.00000,0.00000,0.00000,0.0000,0.0000,0.0,10000.00,0,"Transfer from 11455707 34573701",0,00:00:00:00,,,,,,,,,,,,

